source_name,source_type,source_cui,source_formatted_attributes,relation_type,target_name,target_type,target_cui,target_formatted_attributes,confidence,agreement_count,total_passes,evidence_span,source_document
ACC/AHA,Guideline,C4072694,,CLASSIFIES,Tăng huyết áp giai đoạn 1,DiseaseSubtype,C5231206,,0.99,2,2,"Các loại BP ở người lớn, được định nghĩa bởi Hội Tim mạch Hoa Kỳ/Hiệp hội Tim mạch Hoa Kỳ (ACC/AHA), bao gồm BP bình thường, BP cao, tăng huyết áp giai đoạn 1 (nhẹ) hoặc giai đoạn 2 .",01_tanghuyetap.txt
ACC/AHA,Guideline,C4072694,,CLASSIFIES,Tăng huyết áp giai đoạn 2,DiseaseSubtype,C5231205,,0.99,2,2,"Các loại BP ở người lớn, được định nghĩa bởi Hội Tim mạch Hoa Kỳ/Hiệp hội Tim mạch Hoa Kỳ (ACC/AHA), bao gồm BP bình thường, BP cao, tăng huyết áp giai đoạn 1 (nhẹ) hoặc giai đoạn 2 .",01_tanghuyetap.txt
ACE,Mechanism,C1452534,,AFFECTS_ORGAN,Não,Organ,C0006104,,0.9,1,2,"Sản phẩm không hoạt động này bị phân cắt bởi enzym chuyển đổi angiotensin (ACE), chủ yếu ở phổi nhưng cũng có ở thận và não, thành angiotensin II, chất co mạch mạnh, chất này cũng kích thích các trung tâm thần kinh thực vật trong não để tăng cường giải phóng giao cảm và kích thích giải phóng aldosterone và vasopressin.",01_tanghuyetap.txt
ACE,Mechanism,C1452534,,AFFECTS_ORGAN,Phổi,Organ,C0024109,,0.99,2,2,"enzym chuyển đổi angiotensin (ACE), chủ yếu ở phổi",01_tanghuyetap.txt
ACE,Mechanism,C1452534,,AFFECTS_ORGAN,Thận,Organ,C0022646,,0.9,1,2,"Sản phẩm không hoạt động này bị phân cắt bởi enzym chuyển đổi angiotensin (ACE), chủ yếu ở phổi nhưng cũng có ở thận và não, thành angiotensin II, chất co mạch mạnh, chất này cũng kích thích các trung tâm thần kinh thực vật trong não để tăng cường giải phóng giao cảm và kích thích giải phóng aldosterone và vasopressin.",01_tanghuyetap.txt
Abatacept,Drug,C1619966,,TREATS,Đái tháo đường loại 1,DiseaseSubtype,C0011854,,0.99,3,2,"Antithymocyte globulin (ATG), thuốc ức chế TNF-alpha (yếu tố hoại tử khối u-alpha) và abatacept (CTLA-4-Ig) đã cho thấy một số hứa hẹn trong việc bảo tồn chức năng tế bào beta ở bệnh đái tháo đường loại 1 mới khởi phát",01_daithaoduong.txt
Acetaminophen,Drug,C0000970,,TREATS,Hen nhạy cảm aspirin,DiseaseSubtype,C3853540,,0.99,2,2,Bệnh nhân hen suyễn nhạy cảm với aspirinn có thể sử dụng acetaminophen,henphequan.txt
Adipokine,Mechanism,C1955907,,MODIFIES,Đề kháng insulin,Mechanism,C0021655,,0.85,1,2,"Mô mỡ cũng có chức năng như một cơ quan nội tiết, giải phóng nhiều yếu tố (adipocytokine) có lợi (adiponectin) và bất lợi (yếu tố hoại tử khối u-alpha, interleukin-6, leptin, resistin) ảnh hưởng đến quá trình chuyển hóa glucose.",01_daithaoduong.txt
Adipokine,Mechanism,C1955907,,UNDERLIES,Hen suyễn,Disease,C0004096,,0.96,2,2,"Các chất trung gian chính liên quan đến các nghiên cứu quan sát và nghiên cứu cắt ngang bao gồm leptin, adipokine và Il-6 huyết thanh.",henphequan.txt
Aldosterone,Mechanism,C0002006,,AFFECTS_ORGAN,Thận,Organ,C0022646,,0.85,1,2,Aldosterone gây giữ natri,01_tanghuyetap.txt
Aliskiren,Drug,C1120110,,CONTRAINDICATED_IN,Bệnh thận,Disease,C0022658,,0.99,2,2,Không nên phối hợp Aliskiren với thuốc ức chế ACE hoặc thuốc ức chế thụ thể angiotensin II ở bệnh nhân tiểu đường hoặc bệnh thận,02_thuocdieutri.txt
Aliskiren,Drug,C1120110,,CONTRAINDICATED_IN,Mang thai,DiseaseSubtype,C0549206,,0.99,2,2,Thuốc cũng bị chống chỉ định trong thai kỳ.,02_thuocdieutri.txt
Aliskiren,Drug,C1120110,,CONTRAINDICATED_IN,Thai kỳ,PatientGroup,C0549206,,0.99,2,2,Thuốc cũng bị chống chỉ định trong thai kỳ.,02_thuocdieutri.txt
Aliskiren,Drug,C1120110,,CONTRAINDICATED_IN,Thời kỳ mang thai,RiskFactor,C0549206,,0.99,2,2,Thuốc cũng bị chống chỉ định trong thai kỳ.,02_thuocdieutri.txt
Aliskiren,Drug,C1120110,,CONTRAINDICATED_IN,Đái tháo đường,Disease,C0011849,,0.99,2,2,Không nên phối hợp Aliskiren với thuốc ức chế ACE hoặc thuốc ức chế thụ thể angiotensin II ở bệnh nhân tiểu đường,02_thuocdieutri.txt
Aliskiren,Drug,C1120110,,TREATS,Tăng huyết áp,Disease,C0020538,,0.99,2,2,"Aliskiren, một chất ức chế renin trực tiếp, được sử dụng trong điều trị tăng huyết áp.",02_thuocdieutri.txt
Angiotensin,Mechanism,C4521302,,UNDERLIES,Tăng huyết áp,Disease,C0020538,,0.9,1,2,"sự dư thừa chất co mạch (ví dụ: angiotensin, norepinephrine), có thể gây tăng huyết áp.",01_tanghuyetap.txt
Angiotensin II,Mechanism,C3714928,,UNDERLIES,Aldosterone,Mechanism,C0002006,,0.95,1,2,"Sản phẩm không hoạt động này bị phân cắt bởi enzym chuyển đổi angiotensin (ACE), chủ yếu ở phổi nhưng cũng có ở thận và não, thành angiotensin II, chất co mạch mạnh, chất này cũng kích thích các trung tâm thần kinh thực vật trong não để tăng cường giải phóng giao cảm và kích thích giải phóng aldosterone và vasopressin.",01_tanghuyetap.txt
Angiotensin II,Mechanism,C3714928,,UNDERLIES,Bệnh mạch thận,Cause,C0020545,,0.99,2,2,Nồng độ angiotensin II tăng cao thường được coi là nguyên nhân gây tăng huyết áp do thận,01_tanghuyetap.txt
Angiotensin II,Mechanism,C3714928,,UNDERLIES,Tăng huyết áp do mạch thận,DiseaseSubtype,C0020545,,0.99,2,2,Nồng độ angiotensin II tăng cao thường được coi là nguyên nhân gây tăng huyết áp do thận,01_tanghuyetap.txt
Angiotensin II,Mechanism,C3714928,,UNDERLIES,Vasopressin,Mechanism,C1705480,,0.95,1,2,"Sản phẩm không hoạt động này bị phân cắt bởi enzym chuyển đổi angiotensin (ACE), chủ yếu ở phổi nhưng cũng có ở thận và não, thành angiotensin II, chất co mạch mạnh, chất này cũng kích thích các trung tâm thần kinh thực vật trong não để tăng cường giải phóng giao cảm và kích thích giải phóng aldosterone và vasopressin.",01_tanghuyetap.txt
Antiproteinase,Mechanism,C6024768,,UNDERLIES,Bệnh phổi tắc nghẽn mạn tính,Disease,C0024117,,0.99,1,2,"Ở những bệnh nhân COPD, bạch cầu trung tính được hoạt hóa và các tế bào viêm khác giải phóng proteases như một phần của quá trình viêm; hoạt tính protease vượt quá hoạt tính antiprotease, hậu quả là sự phá hủy mô liên kết và tăng tiết chất nhầy.",01_copd.txt
Antiproteinase,Mechanism,C6024768,,UNDERLIES,Giới hạn luồng không khí,DiseaseSubtype,C0024117,,0.99,1,2,"Ở những bệnh nhân COPD, bạch cầu trung tính được hoạt hóa và các tế bào viêm khác giải phóng proteases như một phần của quá trình viêm; hoạt tính protease vượt quá hoạt tính antiprotease, hậu quả là sự phá hủy mô liên kết và tăng tiết chất nhầy.",01_copd.txt
Antithymocyte globulin,Drug,C0003442,,TREATS,Đái tháo đường loại 1,DiseaseSubtype,C0011854,,0.99,3,2,"Antithymocyte globulin (ATG), thuốc ức chế TNF-alpha (yếu tố hoại tử khối u-alpha) và abatacept (CTLA-4-Ig) đã cho thấy một số hứa hẹn trong việc bảo tồn chức năng tế bào beta ở bệnh đái tháo đường loại 1 mới khởi phát",01_daithaoduong.txt
Aspirin,Drug,C0004057,,TREATS,Hen nhạy cảm aspirin,DiseaseSubtype,C3853540,,0.99,2,2,Việc điều trị đầu tiên cho hen nhạy cảm aspirin là tránh aspirin và NSAID khác.,henphequan.txt
Azathioprine,Drug,C0004482,,TREATS,Đái tháo đường loại 1,DiseaseSubtype,C0011854,,0.99,4,2,"Các phương pháp điều trị khác nhắm vào đáp ứng viêm tự miễn, bao gồm azathioprine, corticosteroid và cyclosporine, giúp làm giảm bệnh tiểu đường loại 1 sớm ở một số bệnh nhân",01_daithaoduong.txt
Azithromycin,Drug,C0052796,,TREATS,Bệnh phổi tắc nghẽn mạn tính,Disease,C0024117,,0.8,1,2,ví dụ: kê đơn roflimulast/azithromycin cho bệnh nhân có chẩn đoán bằng liệu pháp sinh học điều trị hen suyễn hoặc T2 ở bệnh nhân có chẩn đoán mắc COPD.,henphequan.txt
Azithromycin,Drug,C0052796,,TREATS,Chồng chéo Hen suyễn-COPD,Disease,C4038730,,0.85,1,2,ACO đại diện cho một nhóm nhỏ bệnh nhân hen suyễn (từ 15 đến 35%) và COPD (từ 10 đến 40%) có thể đáp ứng với các loại thuốc không thường được chỉ định cho tình trạng rối loạn tương ứng với chẩn đoán chính của bệnh nhân (ví dụ: kê đơn roflimulast/azithromycin,henphequan.txt
Azithromycin,Drug,C0052796,,TREATS,Giới hạn luồng không khí,DiseaseSubtype,C0024117,,0.8,1,2,ví dụ: kê đơn roflimulast/azithromycin cho bệnh nhân có chẩn đoán bằng liệu pháp sinh học điều trị hen suyễn hoặc T2 ở bệnh nhân có chẩn đoán mắc COPD.,henphequan.txt
Azithromycin,Drug,C0052796,,TREATS,Hạn chế luồng khí,Sign,C0024117,,0.8,1,2,ví dụ: kê đơn roflimulast/azithromycin cho bệnh nhân có chẩn đoán bằng liệu pháp sinh học điều trị hen suyễn hoặc T2 ở bệnh nhân có chẩn đoán mắc COPD.,henphequan.txt
Bisphosphonat,Drug,C0012544,,TREATS,Loãng xương,Disease,C0029456,,0.99,2,2,"Bệnh nhân cần dùng corticosteroid hít, đặc biệt là những người có các yếu tố nguy cơ gây loãng xương, có thể cần dùng thêm các biện pháp để bảo vệ mật độ xương (ví dụ: chất bổ sung canxi và vitamin D, bisphosphonat).",henphequan.txt
Biến chứng mạch máu,Complication,C0920165,,AFFECTS_ORGAN,Mạch máu lớn,Organ,C0225991,,0.99,2,2,"Nhiều năm kiểm soát tăng đường huyết kém dẫn tới nhiều biến chứng mạch máu, ảnh hưởng tới mạch máu nhỏ (vi mạch), mạch lớn (mạch máu lớn), hoặc cả hai.",01_daithaoduong.txt
Biến chứng mạch máu,Complication,C0920165,,AFFECTS_ORGAN,Mạch máu nhỏ,Organ,C0225988,,0.99,2,2,"Nhiều năm kiểm soát tăng đường huyết kém dẫn tới nhiều biến chứng mạch máu, ảnh hưởng tới mạch máu nhỏ (vi mạch), mạch lớn (mạch máu lớn), hoặc cả hai.",01_daithaoduong.txt
Biến chứng tăng huyết áp,Complication,C3266050,,AFFECTS_ORGAN,"Cơ quan đích (Tim mạch, Não, Thận)",Organ,,,0.99,1,2,"Tăng huyết áp nặng hoặc kéo dài gây tổn thương hệ tim mạch, não và thận, làm tăng nguy cơ nhồi máu cơ tim, đột quỵ, và bệnh thận mạn.",01_tanghuyetap.txt
Biến chứng tăng huyết áp,Complication,C3266050,,AFFECTS_ORGAN,"Hệ tim mạch, não, thận",Organ,,,0.99,1,2,"Tăng huyết áp nặng hoặc kéo dài gây tổn thương hệ tim mạch, não và thận, làm tăng nguy cơ nhồi máu cơ tim, đột quỵ, và bệnh thận mạn.",01_tanghuyetap.txt
Biến thể di truyền,Cause,C4296572,,UNDERLIES,Bệnh phổi tắc nghẽn mạn tính,Disease,C0024117,,0.8,1,2,đã có 30 biến thể di truyền được tìm thấy có liên quan đến COPD,01_copd.txt
Biến thể di truyền,Cause,C4296572,,UNDERLIES,Giới hạn luồng không khí,DiseaseSubtype,C0024117,,0.8,1,2,đã có 30 biến thể di truyền được tìm thấy có liên quan đến COPD,01_copd.txt
Biến thể di truyền,Cause,C4296572,,UNDERLIES,Suy giảm chức năng phổi,DiseaseSubtype,,,0.8,1,2,"Trong những năm gần đây, đã có 30 biến thể di truyền được tìm thấy có liên quan đến COPD hoặc suy giảm chức năng phổi ở các quần thể được lựa chọn, nhưng không có kết quả nào được chứng minh là có hậu quả như alpha-1 antitrypsin.",01_copd.txt
Bradykinin,Mechanism,C0006100,,UNDERLIES,Tăng huyết áp,Disease,C0020538,,0.99,2,2,"Thiếu hụt chất giãn mạch (ví dụ: bradykinin, oxit nitric), thay vì sự dư thừa chất co mạch (ví dụ: angiotensin, norepinephrine), có thể gây tăng huyết áp.",01_tanghuyetap.txt
Bài tập sức đề kháng,Treatment,C0872279,,TREATS,Đái tháo đường loại 2,DiseaseSubtype,C0011860,,0.99,2,2,Cả bài tập thể dục nhịp điệu và bài tập sức đề kháng đều đã được chứng minh là cải thiện việc kiểm soát đường huyết ở bệnh tiểu đường loại 2,01_daithaoduong.txt
Bài tập thể dục nhịp điệu,Treatment,C0001701,,TREATS,Đái tháo đường loại 2,DiseaseSubtype,C0011860,,0.99,2,2,Cả bài tập thể dục nhịp điệu và bài tập sức đề kháng đều đã được chứng minh là cải thiện việc kiểm soát đường huyết ở bệnh tiểu đường loại 2,01_daithaoduong.txt
Béo phì,RiskFactor,C0028754,,INCREASES_RISK_OF,Hen suyễn,Disease,C0004096,,0.99,4,2,"Trước khi liệu pháp được tăng cường, việc tuân thủ, tiếp xúc với các yếu tố môi trường (ví dụ: tiếp xúc với chất kích thích) và sự hiện diện của các bệnh kèm theo (ví dụ: béo phì, viêm mũi dị ứng, bệnh trào ngược dạ dày thực quản, bệnh phổi tắc nghẽn mạn tính, ngưng thở khi ngủ do tắc nghẽn, rối loạn chức năng dây thanh âm, sử dụng cocaine dạng hít).",henphequan.txt
Béo phì,RiskFactor,C0028754,,INCREASES_RISK_OF,Đái tháo đường loại 2,DiseaseSubtype,C0011860,,0.99,5,2,"Hầu hết trẻ em mắc bệnh tiểu đường loại 2 đều bị béo phì, vì vậy việc điều chỉnh lối sống là nền tảng của liệu pháp điều trị.",01_daithaoduong.txt
Bóng khí > 1 cm,Measurement,,Thông số: Khoảng thấu quang bóng khí; Giá trị: >> 1 cm,DEFINES_THRESHOLD_FOR,Khí phế thũng,DiseaseSubtype,C0034067,,0.99,2,2,"bóng khí (tức là, khoảng thấu quang > 1 cm bao quanh bởi đường cong, viền mỏng)",01_copd.txt
Bơm insulin,Treatment,C3504188,,TREATS,Đái tháo đường loại 1,DiseaseSubtype,C0011854,,0.99,2,2,"Trẻ em với đái tháo đường loại 1 đòi hỏi bổ sung thay thế insulin sinh lí như người lớn, và phác đồ điều trị tương tự, gồm bơm insulin.",01_daithaoduong.txt
Bơm insulin vòng kín,Treatment,,,TREATS,Hạ đường huyết,DiseaseSubtype,C0020615,,0.8,1,2,liệu pháp bơm insulin vòng kín tăng cường cảm biến hoặc hỗn hợp là những công cụ hữu ích ở những người dao động giữa hạ đường huyết và tăng đường huyết.,01_daithaoduong.txt
Bơm insulin vòng kín,Treatment,,,TREATS,Tăng đường huyết,DiseaseSubtype,C0020456,,0.8,1,2,liệu pháp bơm insulin vòng kín tăng cường cảm biến hoặc hỗn hợp là những công cụ hữu ích ở những người dao động giữa hạ đường huyết và tăng đường huyết.,01_daithaoduong.txt
Bạch cầu trung tính,Mechanism,C0027950,,AFFECTS_ORGAN,Phổi,Organ,C0024109,,0.99,2,2,"Tổn thương oxy hóa do bạch cầu trung tính gây ra, giải phóng các peptide thần kinh chức năng (ví dụ: bomesin) và giảm mức độ yếu tố tăng trưởng nội mô mạch máu (VEGF) có thể góp phần phá hủy nhu mô phổi theo chương trình.",01_copd.txt
Bạch cầu ái toan,Mechanism,C0014467,,PART_OF_MECHANISM,Đáp ứng miễn dịch T2,Mechanism,,,0.95,1,2,Đáp ứng T2 tiền viêm được đặc trưng bởi sự tăng trưởng và kích hoạt quá trình sản sinh bạch cầu ái toan và IgE.,henphequan.txt
Bảng xét nghiệm chuyển hóa đầy đủ,Test,C0519825,,DIAGNOSES,Tăng huyết áp,Disease,C0020538,,0.99,2,2,"bảng xét nghiệm chuyển hóa đầy đủ (bao gồm creatinine hoặc cystatin C, kali và canxi)",01_tanghuyetap.txt
Bảng xét nghiệm lipid,Test,C0200382,,DIAGNOSES,Tăng huyết áp,Disease,C0020538,,0.99,2,2,"Bảng xét nghiệm lipid, bảng xét nghiệm chuyển hóa đầy đủ (bao gồm creatinine hoặc cystatin C, kali và canxi), glucose huyết tương lúc đói",01_tanghuyetap.txt
Bệnh Addison,Cause,C0001403,,CAUSES,Đái tháo đường không ổn định,DiseaseSubtype,C0342302,,0.99,2,2,"Nguyên nhân khác khiến nồng độ glucose trong huyết tương không ổn định gồm nhiễm trùng, liệt dạ dày (dẫn tới rối loạn hấp thu carbonhydrate) và bệnh nội tiết (ví dụ, bệnh Addison).",01_daithaoduong.txt
Bệnh cơ tim giãn,DiseaseSubtype,C0007193,,LEADS_TO,Suy tim,Complication,C0018801,,0.99,2,2,gây ra bệnh cơ tim giãn và suy tim,01_tanghuyetap.txt
Bệnh huyết sắc tố,Cause,C0019045,,AFFECTS_ORGAN,Tuyến tụy,Organ,C0030274,,0.99,2,2,"Các tình trạng ảnh hưởng đến tuyến tụy (ví dụ: bệnh xơ nang, viêm tụy, bệnh huyết sắc tố, cắt bỏ toàn thân)",01_daithaoduong.txt
Bệnh lý tim mạch,Complication,C0007222,,LEADS_TO,Bệnh phổi tắc nghẽn mạn tính,Disease,C0024117,,0.85,1,2,"Tỷ lệ tử vong trong COPD có thể do các bệnh đi kèm (ví dụ: bệnh tim mạch, ung thư)",01_copd.txt
Bệnh lý tim mạch,Complication,C0007222,,LEADS_TO,Giới hạn luồng không khí,DiseaseSubtype,C0024117,,0.85,1,2,"Tỷ lệ tử vong trong COPD có thể do các bệnh đi kèm (ví dụ: bệnh tim mạch, ung thư)",01_copd.txt
Bệnh mạch thận,Cause,C0020545,,CAUSES,Tăng huyết áp,Disease,C0020538,,0.99,2,2,"Dạng này là điển hình của tăng huyết áp nguyên phát và tăng huyết áp do cường aldosteron nguyên phát, u tủy thượng thận, bệnh mạch thận và bệnh nhu mô thận.",01_tanghuyetap.txt
Bệnh nhu mô thận,Cause,C1841992,,AFFECTS_ORGAN,Thận,Organ,C0022646,,0.99,2,2,"Nếu thận không sản sinh đủ lượng thuốc giãn mạch (do bệnh nhu mô thận), huyết áp có thể tăng.",01_tanghuyetap.txt
Bệnh nhu mô thận,Cause,C1841992,,CAUSES,Nguyên nhân thứ phát gây tăng huyết áp,Cause,C0155616,,0.99,2,2,"chỉ có 5% đến 15% là thứ phát do một bệnh lý khác (ví dụ: cường aldosteron nguyên phát, bệnh nhu mô thận).",01_tanghuyetap.txt
Bệnh nhu mô thận,Cause,C1841992,,CAUSES,Tăng huyết áp,Disease,C0020538,,0.99,2,2,"Dạng này là điển hình của tăng huyết áp nguyên phát và tăng huyết áp do cường aldosteron nguyên phát, u tủy thượng thận, bệnh mạch thận và bệnh nhu mô thận.",01_tanghuyetap.txt
Bệnh nhu mô thận,Cause,C1841992,,CAUSES,Tăng huyết áp thứ phát,DiseaseSubtype,C0155616,,0.99,2,2,"chỉ có 5% đến 15% là thứ phát do một bệnh lý khác (ví dụ: cường aldosteron nguyên phát, bệnh nhu mô thận).",01_tanghuyetap.txt
Bệnh não do tăng huyết áp,Disease,C0151620,,LEADS_TO,Phù gai thị,Complication,C0030353,,0.95,1,2,"gây phù não, bao gồm cả phù gai thị.",02_thuocdieutri.txt
Bệnh não do tăng huyết áp,Disease,C0151620,,LEADS_TO,Phù não,Complication,C0006114,,0.95,1,2,"Kết quả là máu với áp suất rất cao được đẩy trực tiếp vào mao mạch khiến huyết tương rò rỉ vào trong não, gây phù não",02_thuocdieutri.txt
Bệnh não tăng huyết áp,Complication,C0151620,,LEADS_TO,Phù gai thị,Complication,C0030353,,0.95,1,2,"gây phù não, bao gồm cả phù gai thị.",02_thuocdieutri.txt
Bệnh não tăng huyết áp,Complication,C0151620,,LEADS_TO,Phù não,Complication,C0006114,,0.95,1,2,"Kết quả là máu với áp suất rất cao được đẩy trực tiếp vào mao mạch khiến huyết tương rò rỉ vào trong não, gây phù não",02_thuocdieutri.txt
Bệnh phổi tắc nghẽn mạn tính,Disease,C0024117,,HAS_SYMPTOM,Ho đờm,Symptom,C0239134,,0.99,1,2,Triệu chứng là ho đờm và khó thở phát triển qua nhiều năm,01_copd.txt
Bệnh phổi tắc nghẽn mạn tính,Disease,C0024117,,HAS_SYMPTOM,Đau đầu buổi sáng,Symptom,C0581880,,0.9,1,2,Đau đầu buổi sáng phát triển trong các chứng bệnh nặng hơn,01_copd.txt
Bệnh phổi tắc nghẽn mạn tính,Disease,C0024117,,INCREASES_RISK_OF,Hen suyễn,Disease,C0004096,,0.99,2,2,"Trước khi liệu pháp được tăng cường, việc tuân thủ, tiếp xúc với các yếu tố môi trường (ví dụ: tiếp xúc với chất kích thích) và sự hiện diện của các bệnh kèm theo (ví dụ: béo phì, viêm mũi dị ứng, bệnh trào ngược dạ dày thực quản, bệnh phổi tắc nghẽn mạn tính, ngưng thở khi ngủ do tắc nghẽn, rối loạn chức năng dây thanh âm, sử dụng cocaine dạng hít).",henphequan.txt
Bệnh phổi tắc nghẽn mạn tính,Disease,C0024117,,LEADS_TO,Biến chứng,Complication,C0009566,,0.9,1,2,Các yếu tố khác nhau gây ra giới hạn luồng không khí và các biến chứng khác của COPD.,01_copd.txt
Bệnh phổi tắc nghẽn mạn tính,Disease,C0024117,,LEADS_TO,Biến chứng COPD,Complication,,,0.9,1,2,Các yếu tố khác nhau gây ra giới hạn luồng không khí và các biến chứng khác của COPD.,01_copd.txt
Bệnh phổi tắc nghẽn mạn tính,Disease,C0024117,,LEADS_TO,Bệnh tim,Disease,C0018799,,0.9,1,2,"Tử vong thường do suy hô hấp cấp, viêm phổi, ung thư phổi, bệnh tim, hoặc tắc mạch phổi.",01_copd.txt
Bệnh phổi tắc nghẽn mạn tính,Disease,C0024117,,LEADS_TO,Loãng xương,Complication,C0029456,,0.8,1,2,Các rối loạn cùng tồn tại hoặc phức tạp khác ảnh hưởng xấu đến chất lượng cuộc sống và/hoặc thời gian sống thêm bao gồm loãng xương,01_copd.txt
Bệnh phổi tắc nghẽn mạn tính,Disease,C0024117,,LEADS_TO,Suy hô hấp,Complication,C1145670,,0.99,1,2,"Các trường hợp nặng có thể có biến chứng do giảm cân, tràn khí màng phổi, các đợt cấp mất bù thường xuyên, suy tim phải và/hoặc suy hô hấp cấp hoặc mạn tính.",01_copd.txt
Bệnh phổi tắc nghẽn mạn tính,Disease,C0024117,,LEADS_TO,Suy hô hấp cấp,Complication,C0264490,,0.9,1,2,Tử vong thường do suy hô hấp cấp,01_copd.txt
Bệnh phổi tắc nghẽn mạn tính,Disease,C0024117,,LEADS_TO,Suy hô hấp cấp tính,Disease,C0264490,,0.9,1,2,Tử vong thường do suy hô hấp cấp,01_copd.txt
Bệnh phổi tắc nghẽn mạn tính,Disease,C0024117,,LEADS_TO,Suy tim phải,Complication,C0235527,,0.99,1,2,"Các trường hợp nặng có thể có biến chứng do giảm cân, tràn khí màng phổi, các đợt cấp mất bù thường xuyên, suy tim phải và/hoặc suy hô hấp cấp hoặc mạn tính.",01_copd.txt
Bệnh phổi tắc nghẽn mạn tính,Disease,C0024117,,LEADS_TO,Thiếu oxy máu,Complication,C0700292,,0.96,2,2,Công việc thở nhiều hơn có thể dẫn đến giảm thông khí phế nang với tình trạng thiếu oxy,01_copd.txt
Bệnh phổi tắc nghẽn mạn tính,Disease,C0024117,,LEADS_TO,Thuyên tắc mạch phổi,Disease,C0034065,,0.9,1,2,"Tử vong thường do suy hô hấp cấp, viêm phổi, ung thư phổi, bệnh tim, hoặc tắc mạch phổi.",01_copd.txt
Bệnh phổi tắc nghẽn mạn tính,Disease,C0024117,,LEADS_TO,Tràn khí màng phổi,Disease,C0032326,,0.99,1,2,"Các trường hợp nặng có thể có biến chứng do giảm cân, tràn khí màng phổi",01_copd.txt
Bệnh phổi tắc nghẽn mạn tính,Disease,C0024117,,LEADS_TO,Tràn khí màng phổi tự phát,Complication,C0149781,,0.9775,2,2,Có thể xảy ra tràn khí màng phổi tự phát (có thể liên quan đến vỡ kén khí) và nên nghi ngờ ở bất cứ bệnh nhân nào bị COPD có tình trạng phổi đột ngột nặng lên.,01_copd.txt
Bệnh phổi tắc nghẽn mạn tính,Disease,C0024117,,LEADS_TO,Tâm phế mạn,Complication,C0238074,,0.99,1,2,"Các dấu hiệu của bệnh tâm phế bao gồm giãn tĩnh mạch cổ, tiếng tim thứ hai tách đôi với phần tiếng van động mạch phổi nổi bật, tiếng thổi do suy van ba lá và phù ngoại biên.",01_copd.txt
Bệnh phổi tắc nghẽn mạn tính,Disease,C0024117,,LEADS_TO,Tắc mạch phổi,Complication,C0034065,,0.9,1,2,"Tử vong thường do suy hô hấp cấp, viêm phổi, ung thư phổi, bệnh tim, hoặc tắc mạch phổi.",01_copd.txt
Bệnh phổi tắc nghẽn mạn tính,Disease,C0024117,,LEADS_TO,Ung thư phổi,Disease,C0684249,,0.9,1,2,"Tử vong thường do suy hô hấp cấp, viêm phổi, ung thư phổi, bệnh tim, hoặc tắc mạch phổi.",01_copd.txt
Bệnh phổi tắc nghẽn mạn tính,Disease,C0024117,,LEADS_TO,Viêm phổi,Complication,C0032285,,0.9,1,2,"Tử vong thường do suy hô hấp cấp, viêm phổi, ung thư phổi, bệnh tim, hoặc tắc mạch phổi.",01_copd.txt
Bệnh sarcoid,Disease,C0036202,,INCREASES_RISK_OF,Bệnh phổi tắc nghẽn mạn tính,Disease,C0024117,,0.96,2,2,"Các bệnh lý hệ thống có thể có một phần hạn chế luồng khí gợi ý COPD; các bệnh lý này bao gồm nhiễm HIV, lạm dụng các loại thuốc bất hợp pháp (đặc biệt là cocaine và amphetamine), bệnh sarcoid, hội chứng Sjögren, viêm tiểu phế quản tắc nghẽn, bệnh u cơ trơn mạch bạch huyết và u hạt do tăng bạch cầu ái toan.",01_copd.txt
Bệnh sarcoid,Disease,C0036202,,INCREASES_RISK_OF,Giới hạn luồng không khí,DiseaseSubtype,C0024117,,0.96,2,2,"Các bệnh lý hệ thống có thể có một phần hạn chế luồng khí gợi ý COPD; các bệnh lý này bao gồm nhiễm HIV, lạm dụng các loại thuốc bất hợp pháp (đặc biệt là cocaine và amphetamine), bệnh sarcoid, hội chứng Sjögren, viêm tiểu phế quản tắc nghẽn, bệnh u cơ trơn mạch bạch huyết và u hạt do tăng bạch cầu ái toan.",01_copd.txt
Bệnh thận,Disease,C0022658,,INCREASES_RISK_OF,Bệnh tim mạch do xơ vữa động mạch,Disease,C0004153,,0.99,2,2,Bệnh đái tháo đường hoặc bệnh thận cũng là một phần trong các yếu tố nguy cơ của bệnh xơ vữa động mạch.,01_tanghuyetap.txt
Bệnh thận,Disease,C0022658,,INCREASES_RISK_OF,Xơ vữa động mạch,Mechanism,C0004153,,0.99,2,2,Bệnh đái tháo đường hoặc bệnh thận cũng là một phần trong các yếu tố nguy cơ của bệnh xơ vữa động mạch.,01_tanghuyetap.txt
Bệnh thận mạn tính,Cause,C1561643,,CAUSES,Nguyên nhân thứ phát gây tăng huyết áp,Cause,C0155616,,0.99,2,2,"Ngưng thở khi ngủ, bệnh thận mạn tính hoặc hẹp động mạch thận là những nguyên nhân khác gây tăng huyết áp thứ phát.",01_tanghuyetap.txt
Bệnh thận mạn tính,Cause,C1561643,,CAUSES,Tăng huyết áp thứ phát,DiseaseSubtype,C0155616,,0.99,2,2,"Ngưng thở khi ngủ, bệnh thận mạn tính hoặc hẹp động mạch thận là những nguyên nhân khác gây tăng huyết áp thứ phát.",01_tanghuyetap.txt
Bệnh tim mạch,Disease,C0007222,,LEADS_TO,Bệnh phổi tắc nghẽn mạn tính,Disease,C0024117,,0.85,1,2,"Tỷ lệ tử vong trong COPD có thể do các bệnh đi kèm (ví dụ: bệnh tim mạch, ung thư)",01_copd.txt
Bệnh tim mạch,Disease,C0007222,,LEADS_TO,Giới hạn luồng không khí,DiseaseSubtype,C0024117,,0.85,1,2,"Tỷ lệ tử vong trong COPD có thể do các bệnh đi kèm (ví dụ: bệnh tim mạch, ung thư)",01_copd.txt
Bệnh tim mạch do xơ vữa động mạch,Disease,C0004153,,AFFECTS_ORGAN,Mắt,Organ,C4266572,,0.99,2,2,"Xơ vữa động mạch được đặc trưng bởi tình trạng phì đại, tăng sản và hyalin hóa ở lớp giữa của các động mạch nhỏ (tiểu động mạch), đặc biệt là ở mắt và thận.",01_tanghuyetap.txt
Bệnh tim mạch do xơ vữa động mạch,Disease,C0004153,,AFFECTS_ORGAN,Thận,Organ,C0022646,,0.99,2,2,"Xơ vữa động mạch được đặc trưng bởi tình trạng phì đại, tăng sản và hyalin hóa ở lớp giữa của các động mạch nhỏ (tiểu động mạch), đặc biệt là ở mắt và thận.",01_tanghuyetap.txt
Bệnh tim mạch do xơ vữa động mạch,Disease,C0004153,,UNDERLIES,Bệnh mạch máu lớn,Disease,,,0.99,2,2,Bệnh mạch máu lớn liên quan xơ vữa động mạch của các mạch lớn,01_daithaoduong.txt
Bệnh trào ngược dạ dày thực quản (GERD),Disease,C0017168,,INCREASES_RISK_OF,Hen suyễn,Disease,C0004096,,0.9,1,2,GERD là một tác nhân thông thường trong một số bệnh nhân hen,henphequan.txt
Bệnh u cơ trơn mạch bạch huyết,Disease,C0751674,,INCREASES_RISK_OF,Bệnh phổi tắc nghẽn mạn tính,Disease,C0024117,,0.96,2,2,"Các bệnh lý hệ thống có thể có một phần hạn chế luồng khí gợi ý COPD; các bệnh lý này bao gồm nhiễm HIV, lạm dụng các loại thuốc bất hợp pháp (đặc biệt là cocaine và amphetamine), bệnh sarcoid, hội chứng Sjögren, viêm tiểu phế quản tắc nghẽn, bệnh u cơ trơn mạch bạch huyết và u hạt do tăng bạch cầu ái toan.",01_copd.txt
Bệnh u cơ trơn mạch bạch huyết,Disease,C0751674,,INCREASES_RISK_OF,Giới hạn luồng không khí,DiseaseSubtype,C0024117,,0.96,2,2,"Các bệnh lý hệ thống có thể có một phần hạn chế luồng khí gợi ý COPD; các bệnh lý này bao gồm nhiễm HIV, lạm dụng các loại thuốc bất hợp pháp (đặc biệt là cocaine và amphetamine), bệnh sarcoid, hội chứng Sjögren, viêm tiểu phế quản tắc nghẽn, bệnh u cơ trơn mạch bạch huyết và u hạt do tăng bạch cầu ái toan.",01_copd.txt
Bệnh vi mạch,DiseaseSubtype,C0206064,,LEADS_TO,Loét,Complication,C0041582,,0.99,2,2,"Bệnh vi mạch cũng có thể làm giảm khả năng lành vết thương, do đó ngay cả những vết rách nhỏ trên da cũng có thể phát triển thành vết loét sâu hơn",01_daithaoduong.txt
Bệnh võng mạc,Complication,C0035309,,LEADS_TO,Bệnh não do tăng huyết áp,Disease,C0151620,,0.96,2,2,"Bệnh võng mạc giai đoạn nặng (xơ hóa, xuất tiết xuất huyết dạng bông, hẹp tiểu động mạch, phù gai thị) thường đi kèm với bệnh não do tăng huyết áp",02_thuocdieutri.txt
Bệnh võng mạc,Complication,C0035309,,LEADS_TO,Bệnh não tăng huyết áp,Complication,C0151620,,0.96,2,2,"Bệnh võng mạc giai đoạn nặng (xơ hóa, xuất tiết xuất huyết dạng bông, hẹp tiểu động mạch, phù gai thị) thường đi kèm với bệnh não do tăng huyết áp",02_thuocdieutri.txt
Bệnh xơ nang,Cause,C0010674,,AFFECTS_ORGAN,Tuyến tụy,Organ,C0030274,,0.99,2,2,"Các tình trạng ảnh hưởng đến tuyến tụy (ví dụ: bệnh xơ nang, viêm tụy, bệnh huyết sắc tố, cắt bỏ toàn thân)",01_daithaoduong.txt
Bộ lọc không khí HEPA,Treatment,C1881047,,TREATS,Bệnh hen do tập luyện,Disease,C0004099,,0.8,1,2,Bộ lọc không khí hạt có hiệu suất cao (HEPA) có thể làm giảm các triệu chứng,henphequan.txt
Bộ lọc không khí HEPA,Treatment,C1881047,,TREATS,Hen do gắng sức,DiseaseSubtype,C0004099,,0.8,1,2,Bộ lọc không khí hạt có hiệu suất cao (HEPA) có thể làm giảm các triệu chứng,henphequan.txt
Bụi nghề nghiệp,RiskFactor,C2919137,,INCREASES_RISK_OF,Bệnh phổi tắc nghẽn mạn tính,Disease,C0024117,,0.9,1,2,"Tiếp xúc với khói thuốc lá thụ động, ô nhiễm không khí và bụi nghề nghiệp (ví dụ: bụi khoáng, bụi bông) hoặc hóa chất hít vào (ví dụ: cadmium) góp phần gây nguy cơ mắc COPD nhưng ít quan trọng hơn so với hút thuốc lá.",01_copd.txt
Bụi nghề nghiệp,RiskFactor,C2919137,,INCREASES_RISK_OF,Giới hạn luồng không khí,DiseaseSubtype,C0024117,,0.9,1,2,"Tiếp xúc với khói thuốc lá thụ động, ô nhiễm không khí và bụi nghề nghiệp (ví dụ: bụi khoáng, bụi bông) hoặc hóa chất hít vào (ví dụ: cadmium) góp phần gây nguy cơ mắc COPD nhưng ít quan trọng hơn so với hút thuốc lá.",01_copd.txt
COVID-19,Disease,C5203670,,INCREASES_RISK_OF,Bệnh phổi tắc nghẽn mạn tính,Disease,C0024117,,0.95,1,2,Đại dịch COVID-19 gây nguy cơ đặc biệt cho bệnh nhân mắc COPD.,01_copd.txt
COVID-19,Disease,C5203670,,INCREASES_RISK_OF,Giới hạn luồng không khí,DiseaseSubtype,C0024117,,0.95,1,2,Đại dịch COVID-19 gây nguy cơ đặc biệt cho bệnh nhân mắc COPD.,01_copd.txt
CT ngực,Test,C0202823,,DIAGNOSES,Bệnh bụi phổi,Disease,C0032273,,0.99,2,2,"CT ngực có thể tiết lộ những bất thường không rõ ràng trên phim X quang ngực và cũng có thể gợi ý các rối loạn kèm theo hoặc các rối loạn gây biến chứng, chẳng hạn như viêm phổi, bệnh bụi phổi",01_copd.txt
CT ngực,Test,C0202823,,DIAGNOSES,Ung thư phổi,Disease,C0684249,,0.99,2,2,"CT ngực có thể tiết lộ những bất thường không rõ ràng trên phim X quang ngực và cũng có thể gợi ý các rối loạn kèm theo hoặc các rối loạn gây biến chứng, chẳng hạn như viêm phổi, bệnh bụi phổi hoặc ung thư phổi.",01_copd.txt
CT sọ não,Test,C0202691,,DIAGNOSES,Xuất huyết não,DiseaseSubtype,C2937358,,0.99,2,2,Bệnh nhân có các triệu chứng thần kinh cần chụp CT sọ để chẩn đoán xuất huyết não,02_thuocdieutri.txt
Cadmium,RiskFactor,C0006632,,INCREASES_RISK_OF,Bệnh phổi tắc nghẽn mạn tính,Disease,C0024117,,0.9,1,2,hóa chất hít vào (ví dụ: cadmium) góp phần gây nguy cơ mắc COPD,01_copd.txt
Cadmium,RiskFactor,C0006632,,INCREASES_RISK_OF,Giới hạn luồng không khí,DiseaseSubtype,C0024117,,0.9,1,2,hóa chất hít vào (ví dụ: cadmium) góp phần gây nguy cơ mắc COPD,01_copd.txt
Cai thuốc lá,Treatment,C0085134,,TREATS,Bệnh phổi tắc nghẽn mạn tính,Disease,C0024117,,0.99,1,2,Khuyến khích cai thuốc lá bằng sử dụng nhiều biện pháp can thiệp.,01_copd.txt
Cai thuốc lá,Treatment,C0085134,,TREATS,Giới hạn luồng không khí,DiseaseSubtype,C0024117,,0.99,1,2,Khuyến khích cai thuốc lá bằng sử dụng nhiều biện pháp can thiệp.,01_copd.txt
Cam thảo,RiskFactor,C0086555,,INCREASES_RISK_OF,Tăng huyết áp,Disease,C0020538,,0.99,2,2,Cam thảo có thể làm trầm trọng thêm khả năng kiểm soát huyết áp.,01_tanghuyetap.txt
Can thiệp tâm lý xã hội,Treatment,C5392103,,TREATS,Rối loạn ăn uống,Disease,C0013473,,0.99,2,2,"Điều trị thường liên quan đến giám sát y tế chuyên sâu kết hợp với can thiệp tâm lý xã hội (ví dụ, cố vấn hoặc nhóm hỗ trợ), liệu pháp cá nhân hoặc gia đình và thuốc tâm thần khi được chỉ định.",01_daithaoduong.txt
Canxi và Vitamin D,Treatment,C0006730,,TREATS,Loãng xương,Disease,C0029456,,0.99,2,2,"Bệnh nhân cần dùng corticosteroid hít, đặc biệt là những người có các yếu tố nguy cơ gây loãng xương, có thể cần dùng thêm các biện pháp để bảo vệ mật độ xương (ví dụ: chất bổ sung canxi và vitamin D, bisphosphonat).",henphequan.txt
Carbohydrate,Treatment,C0007004,,TREATS,Hạ đường huyết,DiseaseSubtype,C0020615,,0.99,2,2,Bệnh nhân đã có tiền sử triệu chứng hạ đường huyết khi tập luyện nên được khuyên kiểm tra glucose máu và ăn carbonhydrate,01_daithaoduong.txt
Carbohydrate-to-insulin ratio,Test,C5230552,,MEASURES,Tỷ lệ Carbohydrate-to-Insulin (CIR): 15g : 1 đơn vị,Measurement,,Thông số: Tỷ lệ Carbohydrate-to-Insulin (CIR); Giá trị: 5-15 g,0.99,1,2,"Ví dụ: nếu sử dụng tỷ lệ carbohydrate-to-insulin (CIR) là 15 gram:1 đơn vị, bệnh nhân sẽ cần 1 đơn vị insulin tác dụng nhanh cho mỗi 15 g carbohydrate trong bữa ăn.",01_daithaoduong.txt
Celecoxib,Drug,C0538927,,TREATS,Hen nhạy cảm aspirin,DiseaseSubtype,C3853540,,0.99,2,2,"Bệnh nhân hen suyễn nhạy cảm với aspirinn có thể sử dụng acetaminophen, choline magnesium salicylate, hoặc NSAID có tính chọn lọc cao như celecoxib khi họ cần thuốc giảm đau.",henphequan.txt
Chlorthalidone,Drug,C0008294,,TREATS,Bệnh thận mạn tính giai đoạn 4,DiseaseSubtype,C2317473,,0.99,2,2,chlorthalidone đã được chứng minh là có hiệu quả trong việc cải thiện huyết áp trên bệnh nhân có mức lọc cầu thận < 30 mL/phút.,02_thuocdieutri.txt
Choline magnesium salicylate,Drug,C2930097,,TREATS,Hen nhạy cảm aspirin,DiseaseSubtype,C3853540,,0.99,2,2,"Bệnh nhân hen suyễn nhạy cảm với aspirinn có thể sử dụng acetaminophen, choline magnesium salicylate, hoặc NSAID có tính chọn lọc cao như celecoxib khi họ cần thuốc giảm đau.",henphequan.txt
Chuyên gia tăng huyết áp,Treatment,C5958903,,TREATS,Tăng huyết áp,Disease,C0020538,,0.99,2,2,Những bệnh nhân khó khăn trong kiểm soát huyết áp như vậy nên tham khảo ý kiến của các chuyên gia về tăng huyết áp.,01_tanghuyetap.txt
Chương trình giáo dục bệnh tiểu đường,Treatment,C1532353,,TREATS,Đái tháo đường loại 1,DiseaseSubtype,C0011854,,0.99,2,2,"Các chương trình giáo dục chính thức về bệnh tiểu đường, thường được thực hiện bởi các y tá tiểu đường và chuyên gia dinh dưỡng, thường rất hiệu quả và đã được chứng minh là cải thiện kết quả của bệnh tiểu đường.",01_daithaoduong.txt
Chất gây dị ứng trong gia đình,RiskFactor,,,INCREASES_RISK_OF,Hen suyễn,Disease,C0004096,,0.9,1,2,"Các bằng chứng cho thấy có sự liên quan của các chất gây dị ứng trong gia đình (ví dụ: bụi, gián, vật nuôi) và các chất gây dị ứng môi trường khác đối với sự phát triển bệnh ở trẻ em và người lớn.",henphequan.txt
Chẩn đoán hình ảnh ngực,Test,C0412738,,DIAGNOSES,Bệnh phổi tắc nghẽn mạn tính,Disease,C0024117,,0.9,1,2,"Chẩn đoán được gợi ý dựa trên bệnh sử, khám thực thể, kết quả chẩn đoán hình ảnh ngực và được xác nhận bằng các xét kiểm tra chức năng phổi.",01_copd.txt
Chẩn đoán hình ảnh ngực,Test,C0412738,,DIAGNOSES,Giới hạn luồng không khí,DiseaseSubtype,C0024117,,0.9,1,2,"Chẩn đoán được gợi ý dựa trên bệnh sử, khám thực thể, kết quả chẩn đoán hình ảnh ngực và được xác nhận bằng các xét kiểm tra chức năng phổi.",01_copd.txt
Chế độ ăn kiêng,Treatment,C0012159,,TREATS,Đái tháo đường,Disease,C0011849,,0.99,2,2,"Điều trị bằng chế độ ăn kiêng, tập thể dục và dùng thuốc làm giảm lượng glucose, bao gồm insulin, thuốc hạ đường huyết đường uống và thuốc tiêm không chứa insulin.",01_daithaoduong.txt
Chế độ ăn kiêng,Treatment,C0012159,,TREATS,Đái tháo đường loại 2,DiseaseSubtype,C0011860,,0.99,2,2,Một số bệnh nhân mắc bệnh tiểu đường loại 2 có thể tránh hoặc ngừng điều trị bằng thuốc nếu họ có thể duy trì nồng độ đường huyết chỉ bằng chế độ ăn kiêng và tập thể dục.,01_daithaoduong.txt
"Chế độ ăn thiếu hụt vitamin C, E và axit béo omega-3",RiskFactor,,,INCREASES_RISK_OF,Hen suyễn,Disease,C0004096,,0.97,2,2,"Chế độ ăn ít vitamin C, E và axit béo omega-3 có liên quan đến hen suyễn",henphequan.txt
Chế độ ăn ít chất béo,Treatment,C0242970,,TREATS,Rối loạn lipid máu,Disease,C0242339,,0.96,2,2,Lipid máu tăng rõ trong vòng 4 tuần điều trị và có thể được cải thiện bởi một chế độ ăn ít chất béo.,02_thuocdieutri.txt
Chỉ số BODE,Test,C4053940,,DIAGNOSES,Bệnh phổi tắc nghẽn mạn tính,Disease,C0024117,,0.9,1,2,"Dự đoán chính xác hơn về nguy cơ tử vong có thể bằng cách đồng thời đo chỉ số khối cơ thể (B), mức độ tắc nghẽn đường thở (O, đó là FEV1), khó thở (D, được đo bằng cách sử dụng thang điểm của Hội đồng Nghiên cứu Y khoa Anh Quốc sửa đổi (mMRC)), và khả năng gắng sức (E, được đo bằng nghiệm pháp đi bộ 6 phút); đây là chỉ số BODE.",01_copd.txt
Chỉ số BODE,Test,C4053940,,DIAGNOSES,Giới hạn luồng không khí,DiseaseSubtype,C0024117,,0.9,1,2,"Dự đoán chính xác hơn về nguy cơ tử vong có thể bằng cách đồng thời đo chỉ số khối cơ thể (B), mức độ tắc nghẽn đường thở (O, đó là FEV1), khó thở (D, được đo bằng cách sử dụng thang điểm của Hội đồng Nghiên cứu Y khoa Anh Quốc sửa đổi (mMRC)), và khả năng gắng sức (E, được đo bằng nghiệm pháp đi bộ 6 phút); đây là chỉ số BODE.",01_copd.txt
Chỉ số huyết áp,Measurement,C0005824,Thông số: Huyết áp,DEFINES_THRESHOLD_FOR,Tăng huyết áp,Disease,C0020538,,0.99,2,2,Không giống như tăng huyết áp (ví dụ: trong đó một chỉ số [HA] xác định mức độ nghiêm trọng của rối loạn và hiệu quả điều trị),henphequan.txt
Chỉ số huyết áp,Measurement,C0005824,Thông số: Huyết áp,DIAGNOSES,Tăng huyết áp cấp cứu,DiseaseSubtype,C0745136,,0.99,2,2,"Chẩn đoán bằng cách đo huyết áp, ECG, phân tích nước tiểu, đo điện giải và creatinine trong huyết thanh.",02_thuocdieutri.txt
Chỉ số huyết áp,Measurement,C0005824,Thông số: Huyết áp,DIAGNOSES,Tăng huyết áp nặng: Huyết áp tâm thu >= 180 mmHg hoặc huyết áp tâm trương >= 120 mmHg,Measurement,C0745136,Thông số: Tăng huyết áp nặng; Huyết áp 180/120 mmHg,0.99,2,2,"Chẩn đoán bằng cách đo huyết áp, ECG, phân tích nước tiểu, đo điện giải và creatinine trong huyết thanh.",02_thuocdieutri.txt
Chỉ số khối cơ thể (BMI) nguy cơ cao: >= 35 kg/m2,Measurement,,Thông số: Chỉ số khối cơ thể (BMI); Giá trị: >=35,DEFINES_THRESHOLD_FOR,Đái tháo đường,Disease,C0011849,,0.9,1,2,"Thuốc này có thể được xem xét nếu chế độ ăn kiêng và lối sống không thành công, đặc biệt ở những bệnh nhân có nguy cơ mắc bệnh tiểu đường cao nhất (chỉ số khối cơ thể >= 35 hoặc có tiền sử tiểu đường thai kỳ) (7, 8).",01_daithaoduong.txt
Chỉnh hình phế quản bằng nhiệt,Treatment,C3854686,,TREATS,Hen nặng không kiểm soát,DiseaseSubtype,C3862402,,0.99,2,2,Tiêu chuẩn để xem xét chỉnh hình phế quản bằng nhiệt bao gồm bệnh hen nặng không được kiểm soát,henphequan.txt
Chụp CT mạch ngực,Test,C2703057,,DIAGNOSES,Thuyên tắc mạch phổi,Disease,C0034065,,0.99,3,2,chụp CT mạch ngực được thực hiện để kiểm tra thuyên tắc mạch phổi.,01_copd.txt
Chụp CT mạch ngực,Test,C2703057,,DIAGNOSES,Tắc mạch phổi,Complication,C0034065,,0.99,3,2,chụp CT mạch ngực được thực hiện để kiểm tra thuyên tắc mạch phổi.,01_copd.txt
Chụp CT đầu,Test,,,DIAGNOSES,Tăng huyết áp cấp cứu,DiseaseSubtype,C0745136,,0.9,1,2,"đối với những bệnh nhân có triệu chứng hoặc dấu hiệu thần kinh, hãy chụp CT đầu.",02_thuocdieutri.txt
Chụp CT đầu,Test,,,DIAGNOSES,Tăng huyết áp nặng: Huyết áp tâm thu >= 180 mmHg hoặc huyết áp tâm trương >= 120 mmHg,Measurement,C0745136,Thông số: Tăng huyết áp nặng; Huyết áp 180/120 mmHg,0.9,1,2,"đối với những bệnh nhân có triệu chứng hoặc dấu hiệu thần kinh, hãy chụp CT đầu.",02_thuocdieutri.txt
Chức năng hô hấp,Test,C0035227,,DIAGNOSES,Suy giảm chức năng phổi,DiseaseSubtype,,,0.99,2,2,Nguy cơ được đánh giá bởi các đặc điểm lâu dài về chức năng hô hấp và các lâm sàng như,henphequan.txt
Clevidipine,Drug,C0766108,,TREATS,Tăng huyết áp chu phẫu,DiseaseSubtype,C3661921,,0.99,2,2,Nó đã được chứng minh là có hiệu quả và an toàn trong việc kiểm soát tăng huyết áp chu phẫu,02_thuocdieutri.txt
Clevidipine,Drug,C0766108,,TREATS,Tăng huyết áp cấp cứu,DiseaseSubtype,C0745136,,0.99,4,2,"Giảm huyết áp động mạch trung bình khoảng 20 đến 25% trong giờ đầu tiên bằng cách sử dụng thuốc theo đường tĩnh mạch có thể chuẩn độ, tác dụng ngắn như clevidipine, nitroglycerin, fenoldopam, nicardipine hoặc labetalol.",02_thuocdieutri.txt
Clevidipine,Drug,C0766108,,TREATS,Tăng huyết áp nặng: Huyết áp tâm thu >= 180 mmHg hoặc huyết áp tâm trương >= 120 mmHg,Measurement,C0745136,Thông số: Tăng huyết áp nặng; Huyết áp 180/120 mmHg,0.99,4,2,"Giảm huyết áp động mạch trung bình khoảng 20 đến 25% trong giờ đầu tiên bằng cách sử dụng thuốc theo đường tĩnh mạch có thể chuẩn độ, tác dụng ngắn như clevidipine, nitroglycerin, fenoldopam, nicardipine hoặc labetalol.",02_thuocdieutri.txt
Co thắt phế quản,Mechanism,C0006266,,AFFECTS_ORGAN,Phế quản,Organ,C0006255,,0.99,2,2,"Thuật ngữ cơn hen phế quản mô tả sự co thắt phế quản nặng, dữ dội và kéo dài có khả năng kháng trị.",henphequan.txt
Co thắt phế quản,Mechanism,C0006266,,UNDERLIES,Cơn hen,Complication,C0347950,,0.99,2,2,"Thuật ngữ cơn hen phế quản mô tả sự co thắt phế quản nặng, dữ dội và kéo dài có khả năng kháng trị.",henphequan.txt
Co thắt phế quản,Mechanism,C0006266,,UNDERLIES,Cơn hen phế quản,DiseaseSubtype,C0347950,,0.99,2,2,"Thuật ngữ cơn hen phế quản mô tả sự co thắt phế quản nặng, dữ dội và kéo dài có khả năng kháng trị.",henphequan.txt
Co thắt phế quản,Mechanism,C0006266,,UNDERLIES,Hen suyễn,Disease,C0004096,,0.99,5,2,"GERD là một tác nhân thông thường trong một số bệnh nhân hen, có thể thông qua phản ứng co thắt phế quản do axit thực quản hoặc do hít phải axit.",henphequan.txt
Co thắt phế quản,Mechanism,C0006266,,UNDERLIES,Hẹp đường dẫn khí,Mechanism,C0001883,,0.99,2,2,"Hẹp đường dẫn khí và tắc nghẽn gây ra bởi đáp ứng viêm trung gian tăng tiết chất nhầy, nhầy niêm mạc, phù niêm mạc, co thắt phế quản, xơ dày thành đường thở, và tái cấu trúc các đường thở nhỏ hoặc các cơ chế này kết hợp nhau.",01_copd.txt
Co thắt phế quản,Mechanism,C0006266,,UNDERLIES,Tắc nghẽn đường thở,DiseaseSubtype,C0001883,,0.99,2,2,"Hẹp đường dẫn khí và tắc nghẽn gây ra bởi đáp ứng viêm trung gian tăng tiết chất nhầy, nhầy niêm mạc, phù niêm mạc, co thắt phế quản, xơ dày thành đường thở, và tái cấu trúc các đường thở nhỏ hoặc các cơ chế này kết hợp nhau.",01_copd.txt
Co thắt phế quản nặng,Mechanism,,,UNDERLIES,Hen suyễn,Disease,C0004096,,0.9,1,2,bệnh nhân bị co thắt phế quản nặng có thể không có thở khò khè nghe thấy được do luồng khí thở bị giới hạn rõ rệt.,henphequan.txt
Continuous Glucose Monitoring,Test,C4523945,,MEASURES,Thời gian đường huyết trong khoảng mục tiêu (TIR 14 ngày): > 70%,Measurement,,Thông số: Thời gian đường huyết trong khoảng mục tiêu (TIR); Giá trị: 70 %,0.99,1,2,"Với theo dõi đường huyết liên tục (CGM), thời gian 14 ngày trong khoảng (TIR) > 70%",01_daithaoduong.txt
Corticosteroid,DrugClass,C0001617,,TREATS,Bệnh phổi tắc nghẽn mạn tính,Disease,C0024117,,0.97,2,2,Tình trạng viêm mạn tính này dường như không đáp ứng với corticosteroid,01_copd.txt
Corticosteroid,DrugClass,C0001617,,TREATS,Giới hạn luồng không khí,DiseaseSubtype,C0024117,,0.97,2,2,Tình trạng viêm mạn tính này dường như không đáp ứng với corticosteroid,01_copd.txt
Corticosteroid,Drug,C0001617,,TREATS,Hen kích ứng,Disease,,,0.95,1,2,"RADS và hen kích ứng mạn tính có nhiều điểm tương đồng về lâm sàng với hen (ví dụ: thở khò khè, khó thở, ho, có hạn chế luồng khí, tăng đáp ứng phế quản) và đáp ứng đáng kể với thuốc giãn phế quản và thường là corticosteroid.",henphequan.txt
Corticosteroid,Drug,C0001617,,TREATS,Hen suyễn,Disease,C0004096,,0.99,2,2,tầm quan trọng của việc sử dụng corticosteroid sớm.,henphequan.txt
Corticosteroid,Drug,C0001617,,TREATS,RADS,Disease,C1299633,,0.99,2,2,"RADS và hen kích ứng mạn tính có nhiều điểm tương đồng về lâm sàng với hen (ví dụ: thở khò khè, khó thở, ho, có hạn chế luồng khí, tăng đáp ứng phế quản) và đáp ứng đáng kể với thuốc giãn phế quản và thường là corticosteroid.",henphequan.txt
Corticosteroid,DrugClass,C0001617,,TREATS,Đái tháo đường loại 1,DiseaseSubtype,C0011854,,0.99,4,2,"Các phương pháp điều trị khác nhắm vào đáp ứng viêm tự miễn, bao gồm azathioprine, corticosteroid và cyclosporine, giúp làm giảm bệnh tiểu đường loại 1 sớm ở một số bệnh nhân",01_daithaoduong.txt
Corticosteroid dạng hít,DrugClass,C4020618,,TREATS,Bệnh phổi tắc nghẽn mạn tính,Disease,C0024117,,0.99,2,2,giảm các đợt cấp bằng corticosteroid dạng hít,01_copd.txt
Corticosteroid dạng hít,DrugClass,C4020618,,TREATS,Giới hạn luồng không khí,DiseaseSubtype,C0024117,,0.99,2,2,giảm các đợt cấp bằng corticosteroid dạng hít,01_copd.txt
Corticosteroid dạng hít,DrugClass,C4020618,,TREATS,Hen suyễn,Disease,C0004096,,0.99,1,2,"Điều trị liên quan đến kiểm soát các yếu tố khởi phát và điều trị bằng thuốc, thường dùng nhất là thuốc cường beta-2 và corticosteroid dạng hít.",henphequan.txt
Corticosteroid dạng hít (ICS),DrugClass,C3540702,,TREATS,Bệnh phổi tắc nghẽn mạn tính,Disease,C0024117,,0.99,1,2,giảm đợt cấp bằng corticosteroid dạng hít,01_copd.txt
Corticosteroid dạng hít (ICS),DrugClass,C3540702,,TREATS,Giới hạn luồng không khí,DiseaseSubtype,C0024117,,0.99,1,2,giảm đợt cấp bằng corticosteroid dạng hít,01_copd.txt
Corticosteroid dạng hít (ICS),DrugClass,C3540702,,TREATS,Hen suyễn,Disease,C0004096,,0.99,1,2,Một số nghiên cứu cho thấy việc sử dụng corticosteroid đường hít làm giảm tỷ lệ nhập viện và tử vong.,henphequan.txt
Corticosteroid dạng hít (ICS),DrugClass,C3540702,,TREATS,Rối loạn thông khí tắc nghẽn,Disease,C0746984,,0.96,2,2,"xác định mức độ hồi phục của rối loạn thông khí tắc nghẽn (ví dụ, bằng cách dùng thử corticosteroid hít trong 2 tới 3 tuần",henphequan.txt
Corticosteroid hít,Drug,C3540702,,TREATS,Hen suyễn,Disease,C0004096,,0.99,1,2,Một số nghiên cứu cho thấy việc sử dụng corticosteroid đường hít làm giảm tỷ lệ nhập viện và tử vong.,henphequan.txt
Corticosteroid hít,Drug,C3540702,,TREATS,Rối loạn thông khí tắc nghẽn,Disease,C0746984,,0.96,2,2,"xác định mức độ hồi phục của rối loạn thông khí tắc nghẽn (ví dụ, bằng cách dùng thử corticosteroid hít trong 2 tới 3 tuần",henphequan.txt
Corticosteroid hệ thống,DrugClass,C4053960,,TREATS,Đợt cấp hen suyễn,DiseaseSubtype,C0340066,,0.99,2,2,Điều trị bao gồm Thuốc giãn phế quản dạng hít (thuốc chủ vận beta và thuốc kháng cholinergic) Thường là corticosteroid đường toàn thân,henphequan.txt
Corticosteroid đường toàn thân,Drug,C4053960,,TREATS,Đợt cấp hen suyễn,DiseaseSubtype,C0340066,,0.99,2,2,Điều trị bao gồm Thuốc giãn phế quản dạng hít (thuốc chủ vận beta và thuốc kháng cholinergic) Thường là corticosteroid đường toàn thân,henphequan.txt
Coxsackievirus,Cause,C0010247,,CAUSES,Đái tháo đường loại 1,DiseaseSubtype,C0011854,,0.9,1,2,"Một số loại vi rút (bao gồm coxsackievirus, vi rút rubella, cytomegalovirus, vi rút Epstein-Barr, SARS-CoV-2 (1, 2) và retrovirus) có liên quan đến khởi phát của bệnh tiểu đường loại 1.",01_daithaoduong.txt
Cromolyn,Drug,C0012694,,TREATS,Hen suyễn,Disease,C0004096,,0.99,2,2,"Trẻ nhỏ và trẻ em < 5 tuổi cần điều trị > 2 lần/tuần nên được dùng thuốc chống viêm hàng ngày với corticosteroid dạng hít (ưu tiên), thuốc đối kháng thụ thể leukotriene, hoặc cromolyn.",henphequan.txt
Cyclosporine,Drug,C0010592,,TREATS,Đái tháo đường loại 1,DiseaseSubtype,C0011854,,0.99,4,2,"Các phương pháp điều trị khác nhắm vào đáp ứng viêm tự miễn, bao gồm azathioprine, corticosteroid và cyclosporine, giúp làm giảm bệnh tiểu đường loại 1 sớm ở một số bệnh nhân",01_daithaoduong.txt
Cytomegalovirus,Cause,C0010825,,CAUSES,Đái tháo đường loại 1,DiseaseSubtype,C0011854,,0.9,1,2,"Một số loại vi rút (bao gồm coxsackievirus, vi rút rubella, cytomegalovirus, vi rút Epstein-Barr, SARS-CoV-2 (1, 2) và retrovirus) có liên quan đến khởi phát của bệnh tiểu đường loại 1.",01_daithaoduong.txt
Căng thẳng,RiskFactor,C0038443,,INCREASES_RISK_OF,Tăng huyết áp tiên phát,DiseaseSubtype,C0085580,,0.96,2,2,"Ở độ tuổi trẻ hơn, các yếu tố môi trường (ví dụ: natri trong chế độ ăn, căng thẳng) dường như chỉ ảnh hưởng đến những người có cơ địa dễ mắc bệnh",01_tanghuyetap.txt
Cơ chế phụ thuộc renin,Mechanism,,,UNDERLIES,Bệnh nhu mô thận mạn tính,Disease,,,0.95,1,2,Tăng huyết áp do bệnh nhu mô thận mạn tính (cao huyết áp do thận) là kết quả của việc kết hợp cơ chế phụ thuộc renin,01_tanghuyetap.txt
Cơ chế phụ thuộc thể tích tuần hoàn,Mechanism,,,UNDERLIES,Bệnh nhu mô thận mạn tính,Disease,,,0.95,1,2,Tăng huyết áp do bệnh nhu mô thận mạn tính (cao huyết áp do thận) là kết quả của việc kết hợp cơ chế phụ thuộc renin và cơ chế phụ thuộc thể tích tuần hoàn.,01_tanghuyetap.txt
Cơ trơn tái cấu trúc,Mechanism,,,UNDERLIES,Hen suyễn,Disease,C0004096,,0.99,2,2,Nhiệt làm giảm số lượng cơ trơn tái cấu trúc của đường thở (và do đó tác động lên khối cơ trơn) xảy ra với bệnh hen suyễn.,henphequan.txt
Cơn co thắt phế quản lan tỏa,DiseaseSubtype,,,LEADS_TO,Suy hô hấp,Complication,C1145670,,0.85,1,2,"Hầu hết các bệnh nhân đều có thể bù đắp bằng cách thở nhanh, nhưng trong trường hợp nặng, cơn co thắt phế quản lan tỏa gây ra sự ứ khí nghiêm trọng và các cơ hô hấp bị bất lợi về mặt cơ học vì vậy sự hít thở gắng sức sẽ tăng lên.",henphequan.txt
Cường aldosteron nguyên phát,Cause,C1384514,,CAUSES,Nguyên nhân thứ phát gây tăng huyết áp,Cause,C0155616,,0.99,4,2,Tăng huyết áp đã xác định được nguyên nhân (tăng huyết áp thứ phát) thường là do cường aldosteron nguyên phát.,01_tanghuyetap.txt
Cường aldosteron nguyên phát,Cause,C1384514,,CAUSES,Tăng huyết áp,Disease,C0020538,,0.99,2,2,Dạng này là điển hình của tăng huyết áp nguyên phát và tăng huyết áp do cường aldosteron nguyên phát,01_tanghuyetap.txt
Cường aldosteron nguyên phát,Cause,C1384514,,CAUSES,Tăng huyết áp thứ phát,DiseaseSubtype,C0155616,,0.99,4,2,Tăng huyết áp đã xác định được nguyên nhân (tăng huyết áp thứ phát) thường là do cường aldosteron nguyên phát.,01_tanghuyetap.txt
Cải thiện FEV1 > 12% hoặc >= 10% FEV1 dự đoán,Measurement,,Thông số: Cải thiện FEV1,DEFINES_THRESHOLD_FOR,Rối loạn thông khí tắc nghẽn có hồi phục,DiseaseSubtype,,,0.99,1,2,Sự cải thiện FEV1 > 12% hoặc tăng >= 10% so với FEV1 dự đoán sau dùng thuốc giãn phế quản thể hiện rối loạn thông khí tắc nghẽn có hồi phục,henphequan.txt
Cải thiện FEV1 sau thuốc giãn phế quản > 12% hoặc >= 10% dự đoán,Measurement,,Thông số: Cải thiện FEV1 sau thuốc giãn phế quản,DEFINES_THRESHOLD_FOR,Rối loạn thông khí tắc nghẽn có hồi phục,DiseaseSubtype,,,0.99,1,2,Sự cải thiện FEV1 > 12% hoặc tăng >= 10% so với FEV1 dự đoán sau dùng thuốc giãn phế quản thể hiện rối loạn thông khí tắc nghẽn có hồi phục,henphequan.txt
Cắt lọc,Treatment,C0011079,,TREATS,Loét chân do bệnh lý thần kinh,DiseaseSubtype,C0406526,,0.99,2,2,"Vì hầu hết bệnh nhân với loét này có ít hoặc không có tắc động mạch lớn, cắt lọc và kháng sinh thường xuyên thường dẫn tới liền thương tốt và có thể phòng tránh phẫu thuật lớn.",01_daithaoduong.txt
DLCO,Test,C1516251,,DIAGNOSES,Bệnh phổi kẽ,Disease,C0206062,,0.9775,2,2,"DLCO giảm không đặc hiệu và giảm trong các rối loạn khác ảnh hưởng đến giường mạch phổi, chẳng hạn như bệnh phổi kẽ",01_copd.txt
DLCO,Test,C1516251,,DIAGNOSES,Bệnh phổi tắc nghẽn mạn tính,Disease,C0024117,,0.99,2,2,Xét nghiệm DLCO có thể giúp phân biệt hen suyễn với COPD.,henphequan.txt
DLCO,Test,C1516251,,DIAGNOSES,Giới hạn luồng không khí,DiseaseSubtype,C0024117,,0.99,2,2,Xét nghiệm DLCO có thể giúp phân biệt hen suyễn với COPD.,henphequan.txt
DLCO,Test,C1516251,,DIAGNOSES,Hen suyễn,Disease,C0004096,,0.99,2,2,"DLCO giảm không đặc hiệu và giảm trong các rối loạn khác ảnh hưởng đến giường mạch phổi, chẳng hạn như bệnh phổi kẽ, nhưng có thể giúp phân biệt khí phế thũng với hen suyễn, trong đó DLCO bình thường hoặc tăng cao.",01_copd.txt
DLCO,Test,C1516251,,DIAGNOSES,Hạn chế luồng khí,Sign,C0024117,,0.99,2,2,Xét nghiệm DLCO có thể giúp phân biệt hen suyễn với COPD.,henphequan.txt
DLCO,Test,C1516251,,DIAGNOSES,Khí phế thũng,DiseaseSubtype,C0034067,,0.99,2,2,"DLCO giảm không đặc hiệu và giảm trong các rối loạn khác ảnh hưởng đến giường mạch phổi, chẳng hạn như bệnh phổi kẽ, nhưng có thể giúp phân biệt khí phế thũng với hen suyễn, trong đó DLCO bình thường hoặc tăng cao.",01_copd.txt
Detemir,Drug,C0537270,,TREATS,Tăng đường huyết,DiseaseSubtype,C0020456,,0.96,2,2,Hầu hết bệnh nhân nội trú có thể phù hợp điều trị với insulin nền kèm theo hoặc không bổ sung insulin tác dụng nhanh.,01_daithaoduong.txt
Dextrose,Drug,C0017725,rate: 75-150 mL/giờ,TREATS,Đái tháo đường,Disease,C0011849,,0.85,1,2,Có thể bắt đầu truyền tĩnh mạch dung dịch dextrose trước khi phẫu thuật với tốc độ 75 đến 150 mL/giờ và được chuẩn độ để duy trì đường huyết bình thường.,01_daithaoduong.txt
Di truyền,RiskFactor,C0017398,,INCREASES_RISK_OF,Bệnh gout,Disease,C0018099,,0.99,4,2,Yếu tố di truyền có thể giải thích cho một vài trường hợp bị bệnh gout,02_thuocdieutri.txt
Di truyền,RiskFactor,C0017398,,INCREASES_RISK_OF,Tăng huyết áp,Disease,C0020538,,0.9775,2,2,Khiếm khuyết trong vận chuyển natri có thể xảy ra ở trẻ có huyết áp bình thường nhưng có cha mẹ bị tăng huyết áp.,01_tanghuyetap.txt
Di truyền,RiskFactor,C0017398,,INCREASES_RISK_OF,Tăng huyết áp tiên phát,DiseaseSubtype,C0085580,,0.9775,2,2,Di truyền là một yếu tố ảnh hưởng,01_tanghuyetap.txt
Di truyền,RiskFactor,C0017398,,INCREASES_RISK_OF,Đái tháo đường loại 1,DiseaseSubtype,C0011854,,0.99,2,2,việc sản sinh ra insulin không được thực hiện do tình trạng phá hủy tế bào beta tuyến tụy tự miễn dịch có thể do quá trình tiếp xúc với môi trường ở những người dễ mắc bệnh di truyền gây khởi phát.,01_daithaoduong.txt
Di truyền,RiskFactor,C0017398,,INCREASES_RISK_OF,Đái tháo đường loại 2,DiseaseSubtype,C0011860,,0.99,2,2,"Có những yếu tố quyết định di truyền rõ ràng, bằng chứng là tỷ lệ hiện mắc cao ở người thân của người mắc bệnh.",01_daithaoduong.txt
Dị nguyên môi trường,RiskFactor,C4304127,,INCREASES_RISK_OF,Hen suyễn,Disease,C0004096,,0.99,2,2,Yếu tố khởi phát hen trải dài từ các dị nguyên trong môi trường,henphequan.txt
Dụng cụ hít định liều (MDI),Treatment,C0993596,,TREATS,Hen suyễn,Disease,C0004096,,0.9,1,2,cách sử dụng buồng đệm với dụng cụ hít định liều (MDI),henphequan.txt
ECG,Test,C1623258,,DETECTS,Thiếu máu cục bộ cấp tính,Complication,C0746731,,0.99,2,2,Những bất thường trên ECG gợi ý tổn thương cơ quan đích cấp tính bao gồm các thay đổi do thiếu máu cục bộ cấp tính.,02_thuocdieutri.txt
ECG,Test,C1623258,,DIAGNOSES,Phì đại thất phải,DiseaseSubtype,C0162770,,0.9,1,2,Dấu hiệu phì đại thất phải bao gồm sóng R hoặc R′ cao bằng hoặc cao hơn sóng S ở chuyển đạo V1; sóng R nhỏ hơn sóng S ở chuyển đạo V6; trục lệch phải > 110° không có blốc nhánh phải; hoặc phối hợp nào đó của những dấu hiệu này.,01_copd.txt
ECG,Test,C1623258,,DIAGNOSES,Phì đại thất trái,DiseaseSubtype,C0149721,,0.99,3,2,"Điện thế QRS tăng cao, có hoặc không có bằng chứng về thiếu máu cục bộ, có thể xảy ra sau đó và biểu hiện phì đại thất trái (LVH).",01_tanghuyetap.txt
ECG,Test,C1623258,,DIAGNOSES,Tăng huyết áp cấp cứu,DiseaseSubtype,C0745136,,0.99,4,2,"Đo ECG và phân tích nước tiểu, đo điện giải trong huyết thanh và creatinine, và đối với những bệnh nhân có triệu chứng hoặc dấu hiệu thần kinh, hãy chụp CT đầu.",02_thuocdieutri.txt
ECG,Test,C1623258,,DIAGNOSES,Tăng huyết áp nặng: Huyết áp tâm thu >= 180 mmHg hoặc huyết áp tâm trương >= 120 mmHg,Measurement,C0745136,Thông số: Tăng huyết áp nặng; Huyết áp 180/120 mmHg,0.99,4,2,"Đo ECG và phân tích nước tiểu, đo điện giải trong huyết thanh và creatinine, và đối với những bệnh nhân có triệu chứng hoặc dấu hiệu thần kinh, hãy chụp CT đầu.",02_thuocdieutri.txt
Elastase của bạch cầu trung tính,Mechanism,C0064833,,AFFECTS_ORGAN,Phổi,Organ,C0024109,,0.9,1,2,"Các protease tại phổi, như elastase của bạch cầu trung tính, metalloproteinase của gian bào, và cathepsin, làm giảm elastin và mô liên kết trong quá trình sửa chữa mô thông thường.",01_copd.txt
FEV1,Test,C0849974,,DIAGNOSES,Bệnh phổi tắc nghẽn mạn tính,Disease,C0024117,,0.99,2,2,Các xét nghiệm chẩn đoán chính là FEV1,01_copd.txt
FEV1,Test,C0849974,,DIAGNOSES,Giới hạn luồng không khí,DiseaseSubtype,C0024117,,0.99,2,2,Các xét nghiệm chẩn đoán chính là FEV1,01_copd.txt
FEV1,Measurement,,Thông số: FEV1,MODIFIES,Hen suyễn,Disease,C0004096,,0.9775,2,2,"Suy giảm chức năng hoặc suy giảm chức năng sinh lý, suy giảm khách quan ở phổi có thể được đo bằng phương pháp đo phế dung kế, chủ yếu là thể tích thở ra gắng sức trong 1 giây (FEV1) và tỷ lệ giữa FEV1 với dung tích sống gắng sức (FVC), tương quan chặt chẽ với các thành phần chủ quan kiểm soát hen suyễn bao gồm các triệu chứng và các đặc điểm lâm sàng như là",henphequan.txt
FEV1 >= 50% dự đoán,Measurement,,Thông số: FEV1; Giá trị: >=50 % dự đoán,DEFINES_THRESHOLD_FOR,Hen nặng không kiểm soát,DiseaseSubtype,C3862402,,0.99,2,2,"Tiêu chuẩn để xem xét chỉnh hình phế quản bằng nhiệt bao gồm bệnh hen nặng không được kiểm soát bằng corticosteroid dạng hít và các thuốc chủ vận beta tác dụng kéo dài, sử dụng corticosteroid uống liên tục hoặc từng đợt, FEV1 >= 50% dự đoán và không có tiền sử đợt cấp nguy hiểm tính mạng.",henphequan.txt
FVC,Test,C3714541,,DIAGNOSES,Bệnh phổi tắc nghẽn mạn tính,Disease,C0024117,,0.99,2,2,Các xét nghiệm chẩn đoán chính là FEV1: Thể tích thở ra gắng sức trong giây đầu tiên sau khi hít vào gắng sức Dung tích sống thở mạnh (FVC): Tổng lượng không khí đã thở ra với sự gắng sức lớn nhất.,01_copd.txt
FVC,Test,C3714541,,DIAGNOSES,Giới hạn luồng không khí,DiseaseSubtype,C0024117,,0.99,2,2,Các xét nghiệm chẩn đoán chính là FEV1: Thể tích thở ra gắng sức trong giây đầu tiên sau khi hít vào gắng sức Dung tích sống thở mạnh (FVC): Tổng lượng không khí đã thở ra với sự gắng sức lớn nhất.,01_copd.txt
FeNO,Test,C5445160,,DIAGNOSES,Hen suyễn,Disease,C0004096,,0.99,4,2,Phép đo nitric oxide theo phân đoạn thở ra đã được đề xuất như một phương pháp hỗ trợ trong việc đánh giá mức độ kiểm soát hen suyễn,henphequan.txt
FeNO,Test,C5445160,,UNDERLIES,Viêm do dị ứng (T2),DiseaseSubtype,,,0.99,2,2,"T2, hoặc viêm do dị ứng, thường được đặc trưng bởi tăng oxit nitric thở ra (FeNO)",henphequan.txt
Fenoldopam,Drug,C0060180,,TREATS,Tăng huyết áp cấp cứu,DiseaseSubtype,C0745136,,0.99,4,2,"Giảm huyết áp động mạch trung bình khoảng 20 đến 25% trong giờ đầu tiên bằng cách sử dụng thuốc theo đường tĩnh mạch có thể chuẩn độ, tác dụng ngắn như clevidipine, nitroglycerin, fenoldopam, nicardipine hoặc labetalol.",02_thuocdieutri.txt
Fenoldopam,Drug,C0060180,,TREATS,Tăng huyết áp nặng: Huyết áp tâm thu >= 180 mmHg hoặc huyết áp tâm trương >= 120 mmHg,Measurement,C0745136,Thông số: Tăng huyết áp nặng; Huyết áp 180/120 mmHg,0.99,4,2,"Giảm huyết áp động mạch trung bình khoảng 20 đến 25% trong giờ đầu tiên bằng cách sử dụng thuốc theo đường tĩnh mạch có thể chuẩn độ, tác dụng ngắn như clevidipine, nitroglycerin, fenoldopam, nicardipine hoặc labetalol.",02_thuocdieutri.txt
Fructosamine,Test,C0060765,,DIAGNOSES,Đái tháo đường,Disease,C0011849,,0.99,2,2,Theo dõi Fructosamine có thể sủ dụng trong thời gian điều trị đái tháo đường tích cực,01_daithaoduong.txt
GFR ước tính < 60 mL/phút,Measurement,,Thông số: GFR ước tính; Giá trị: <60 mL/phút,DEFINES_THRESHOLD_FOR,Bệnh thận,Disease,C0022658,,0.99,2,2,bệnh thận (GFR ước tính < 60 mL/phút),02_thuocdieutri.txt
GFR: 30 - 60 mL/phút,Measurement,,Thông số: GFR; min_value: 30; max_value: 60,DEFINES_THRESHOLD_FOR,Bệnh thận giai đoạn 3,DiseaseSubtype,C2316787,,0.99,1,2,Bệnh nhân mắc bệnh thận giai đoạn 3 (mức lọc cầu thận ước tính [GFR] < 60 mL/phút đến > 30 mL/phút),02_thuocdieutri.txt
GLP-1 receptor agonist,Measurement,,Thông số: Chỉ số GLP-1 receptor agonist,TREATS,Đái tháo đường loại 2,DiseaseSubtype,C0011860,,0.99,2,2,Thuốc chủ vận thụ thể peptide-1 giống glucagon (GLP1) là liệu pháp bước hai hiệu quả sau metformin và có thể hiệu quả hơn insulin hoặc như một liệu pháp bổ sung cho liệu pháp insulin trong bệnh tiểu đường loại 2.,01_daithaoduong.txt
GLP-1 receptor agonists,Measurement,,Thông số: Chỉ số GLP-1 receptor agonists,TREATS,Bệnh gan nhiễm mỡ liên quan đến chuyển hóa,Disease,C0400966,,0.99,2,2,Thuốc chủ vận thụ thể GLP-1 và pioglitazone có thể được sử dụng ở những bệnh nhân mắc bệnh gan nhiễm mỡ liên quan đến chuyển hóa,01_daithaoduong.txt
GLP-1 receptor agonists,Measurement,,Thông số: Chỉ số GLP-1 receptor agonists,TREATS,Bệnh tim mạch do xơ vữa động mạch,Disease,C0004153,,0.99,1,2,"Ở những bệnh nhân mắc bệnh tim mạch do xơ vữa động mạch, thuốc ức chế kênh đồng vận natri/glucose 2 (SGLT2) hoặc thuốc chủ vận thụ thể GLP-1 có thể được khuyến nghị",01_daithaoduong.txt
GLP-1 receptor agonists,Measurement,,Thông số: Chỉ số GLP-1 receptor agonists,TREATS,Type 2 diabetes mellitus,Measurement,,Thông số: Chỉ số Type 2 diabetes mellitus,0.99,1,2,Thuốc chủ vận thụ thể peptide-1 giống glucagon (GLP1) là liệu pháp bước hai hiệu quả sau metformin và có thể hiệu quả hơn insulin hoặc như một liệu pháp bổ sung cho liệu pháp insulin trong bệnh tiểu đường loại 2.,01_daithaoduong.txt
GLP-1 receptor agonists,Measurement,,Thông số: Chỉ số GLP-1 receptor agonists,TREATS,Viêm gan nhiễm mỡ liên quan đến chuyển hóa,Disease,C3241937,,0.9,1,2,Thuốc chủ vận thụ thể GLP-1 và pioglitazone có thể được sử dụng ở những bệnh nhân mắc bệnh gan nhiễm mỡ liên quan đến chuyển hóa (trước đây là bệnh gan nhiễm mỡ không do rượu) hoặc viêm gan nhiễm mỡ liên quan đến chuyển hóa (trước đây là viêm gan nhiễm mỡ không do rượu).,01_daithaoduong.txt
GLP-1 receptor agonists,Measurement,,Thông số: Chỉ số GLP-1 receptor agonists,TREATS,Xơ vữa động mạch,Mechanism,C0004153,,0.99,1,2,"Ở những bệnh nhân mắc bệnh tim mạch do xơ vữa động mạch, thuốc ức chế kênh đồng vận natri/glucose 2 (SGLT2) hoặc thuốc chủ vận thụ thể GLP-1 có thể được khuyến nghị",01_daithaoduong.txt
GLP-1 receptor agonists,Measurement,,Thông số: Chỉ số GLP-1 receptor agonists,TREATS,Đái tháo đường loại 2,DiseaseSubtype,C0011860,,0.99,1,2,Thuốc chủ vận thụ thể peptide-1 giống glucagon (GLP1) là liệu pháp bước hai hiệu quả sau metformin và có thể hiệu quả hơn insulin hoặc như một liệu pháp bổ sung cho liệu pháp insulin trong bệnh tiểu đường loại 2.,01_daithaoduong.txt
Gen ADAM33,Mechanism,C1423517,,UNDERLIES,Hen suyễn,Disease,C0004096,,0.99,2,2,"Ngoài ra,gen ADAM33 có thể kích thích cơ trơn đường hô hấp và tăng sinh nguyên bào sợi và tái cấu trúc; Đây là locus có nguy cơ mắc hen đầu tiên được tìm thấy",henphequan.txt
Gen ORMDL3,Mechanism,C1423930,,UNDERLIES,Hen suyễn,Disease,C0004096,,0.99,2,2,"Vị trí này chứa gen ORMDL3, đó là một chất gây dị ứng và gen cytokine (IL-4/IL-13) có liên quan đến sự tái cấu trúc tế bào biểu mô và sự tăng chuyển hóa sponolipid.",henphequan.txt
Gen nhạy cảm hen,RiskFactor,,,INCREASES_RISK_OF,Hen suyễn,Disease,C0004096,,0.99,2,2,Sự phát triển hen suyễn là do nhiều tác động và phụ thuộc vào sự tương tác giữa các gen nhạy cảm và các yếu tố môi trường.,henphequan.txt
Ghép tế bào đảo tụy,Treatment,C5784667,,TREATS,Đái tháo đường loại 1,DiseaseSubtype,C0011854,,0.99,2,2,"Ghép tụy và ghép tế bào đảo tụy là phương pháp thay thế cung cấp insulin (11, 12); cả hai kỹ thuật đều cấy ghép tế bào beta sản xuất insulin một cách hiệu quả vào những bệnh nhân bị thiếu insulin (bị bệnh tiểu đường loại 1).",01_daithaoduong.txt
Ghép tụy,Treatment,C0030275,,TREATS,Đái tháo đường loại 1,DiseaseSubtype,C0011854,,0.99,2,2,"Ghép tụy và ghép tế bào đảo tụy là phương pháp thay thế cung cấp insulin (11, 12); cả hai kỹ thuật đều cấy ghép tế bào beta sản xuất insulin một cách hiệu quả vào những bệnh nhân bị thiếu insulin (bị bệnh tiểu đường loại 1).",01_daithaoduong.txt
Giám sát y tế chuyên sâu,Treatment,,,TREATS,Rối loạn ăn uống,Disease,C0013473,,0.99,2,2,Điều trị thường liên quan đến giám sát y tế chuyên sâu,01_daithaoduong.txt
Giáo dục bệnh nhân,Treatment,C0030688,,TREATS,Hen suyễn,Disease,C0004096,,0.99,2,2,Bệnh nhân sẽ làm tốt hơn khi họ hiểu biết hơn về bệnh hen,henphequan.txt
Giáo dục bệnh nhân,Treatment,C0030688,,TREATS,Tăng huyết áp kháng trị,DiseaseSubtype,C1834155,,0.97,2,2,"Giáo dục, với sự đồng cảm và hỗ trợ, là điều cần thiết để điều trị thành công.",01_tanghuyetap.txt
Giáo dục bệnh nhân,Treatment,C0030688,,TREATS,Đái tháo đường loại 1,DiseaseSubtype,C0011854,,0.99,4,2,Cách tiếp cận này đòi hỏi phải giáo dục bệnh nhân chi tiết và thành công nhất khi được hướng dẫn bởi một chuyên gia dinh dưỡng có kinh nghiệm làm việc với bệnh nhân đái tháo đường.,01_daithaoduong.txt
Giáo dục bệnh nhân,Treatment,C0030688,,TREATS,Đái tháo đường loại 2,DiseaseSubtype,C0011860,,0.99,2,2,"Các yếu tố chính của điều trị cho tất cả bệnh nhân là giáo dục bệnh nhân, ăn kiêng, tập thể dục, giảm cân và theo dõi kiểm soát đường huyết.",01_daithaoduong.txt
Giải mẫn cảm,Treatment,C1709852,,TREATS,Hen nhạy cảm aspirin,DiseaseSubtype,C3853540,,0.99,2,2,giải mẫn cảm có thể được thực hiện trong các phòng khám nội trú hoặc ngoại trú tùy thuộc vào mức độ aspirin độ nhạy và mức độ hen,henphequan.txt
"Giảm FEV1, FVC và tỷ lệ FEV1/FVC sau thuốc giãn phế quản",Measurement,,Thông số: Chỉ số chức năng hô hấp sau thuốc giãn phế quản,DEFINES_THRESHOLD_FOR,Bệnh phổi tắc nghẽn mạn tính,Disease,C0024117,,0.99,2,2,"Giảm FEV1, FVC và tỷ lệ FEV1/FVC sau thuốc giãn phế quản là những dấu hiệu đặc trưng.",01_copd.txt
"Giảm FEV1, FVC và tỷ lệ FEV1/FVC sau thuốc giãn phế quản",Measurement,,Thông số: Chỉ số chức năng hô hấp sau thuốc giãn phế quản,DEFINES_THRESHOLD_FOR,Giới hạn luồng không khí,DiseaseSubtype,C0024117,,0.99,2,2,"Giảm FEV1, FVC và tỷ lệ FEV1/FVC sau thuốc giãn phế quản là những dấu hiệu đặc trưng.",01_copd.txt
Giảm cân,Treatment,C5203233,,TREATS,Hen suyễn,Disease,C0004096,,0.99,2,2,Nhiều nghiên cứu đã cho thấy mức độ nặng và các đợt cấp của bệnh hen suyễn giảm sau khi giảm cân.,henphequan.txt
Giảm cân không rõ nguyên nhân,RiskFactor,C2363736,,INCREASES_RISK_OF,Bệnh phổi tắc nghẽn mạn tính,Disease,C0024117,,0.9,1,2,Bệnh nhân có nguy cơ tử vong cao là những bệnh nhân có giảm cân rõ rệt không rõ nguyên nhân,01_copd.txt
Giảm cân không rõ nguyên nhân,RiskFactor,C2363736,,INCREASES_RISK_OF,Giới hạn luồng không khí,DiseaseSubtype,C0024117,,0.9,1,2,Bệnh nhân có nguy cơ tử vong cao là những bệnh nhân có giảm cân rõ rệt không rõ nguyên nhân,01_copd.txt
Giảm khả năng co bóp cơ tim,Mechanism,,,UNDERLIES,Tăng huyết áp,Disease,C0020538,,0.9,1,2,"Thuốc chẹn beta làm chậm nhịp tim và giảm khả năng co bóp cơ tim, do đó làm giảm huyết áp.",02_thuocdieutri.txt
Giới hạn luồng không khí,DiseaseSubtype,C0024117,,HAS_SYMPTOM,Ho đờm,Symptom,C0239134,,0.99,1,2,Triệu chứng là ho đờm và khó thở phát triển qua nhiều năm,01_copd.txt
Giới hạn luồng không khí,DiseaseSubtype,C0024117,,HAS_SYMPTOM,Đau đầu buổi sáng,Symptom,C0581880,,0.9,1,2,Đau đầu buổi sáng phát triển trong các chứng bệnh nặng hơn,01_copd.txt
Giới hạn luồng không khí,DiseaseSubtype,C0024117,,INCREASES_RISK_OF,Hen suyễn,Disease,C0004096,,0.99,2,2,"Trước khi liệu pháp được tăng cường, việc tuân thủ, tiếp xúc với các yếu tố môi trường (ví dụ: tiếp xúc với chất kích thích) và sự hiện diện của các bệnh kèm theo (ví dụ: béo phì, viêm mũi dị ứng, bệnh trào ngược dạ dày thực quản, bệnh phổi tắc nghẽn mạn tính, ngưng thở khi ngủ do tắc nghẽn, rối loạn chức năng dây thanh âm, sử dụng cocaine dạng hít).",henphequan.txt
Giới hạn luồng không khí,DiseaseSubtype,C0024117,,LEADS_TO,Biến chứng,Complication,C0009566,,0.9,1,2,Các yếu tố khác nhau gây ra giới hạn luồng không khí và các biến chứng khác của COPD.,01_copd.txt
Giới hạn luồng không khí,DiseaseSubtype,C0024117,,LEADS_TO,Biến chứng COPD,Complication,,,0.9,1,2,Các yếu tố khác nhau gây ra giới hạn luồng không khí và các biến chứng khác của COPD.,01_copd.txt
Giới hạn luồng không khí,DiseaseSubtype,C0024117,,LEADS_TO,Bệnh tim,Disease,C0018799,,0.9,1,2,"Tử vong thường do suy hô hấp cấp, viêm phổi, ung thư phổi, bệnh tim, hoặc tắc mạch phổi.",01_copd.txt
Giới hạn luồng không khí,DiseaseSubtype,C0024117,,LEADS_TO,Loãng xương,Complication,C0029456,,0.8,1,2,Các rối loạn cùng tồn tại hoặc phức tạp khác ảnh hưởng xấu đến chất lượng cuộc sống và/hoặc thời gian sống thêm bao gồm loãng xương,01_copd.txt
Giới hạn luồng không khí,DiseaseSubtype,C0024117,,LEADS_TO,Suy hô hấp,Complication,C1145670,,0.99,1,2,"Các trường hợp nặng có thể có biến chứng do giảm cân, tràn khí màng phổi, các đợt cấp mất bù thường xuyên, suy tim phải và/hoặc suy hô hấp cấp hoặc mạn tính.",01_copd.txt
Giới hạn luồng không khí,DiseaseSubtype,C0024117,,LEADS_TO,Suy hô hấp cấp,Complication,C0264490,,0.9,1,2,Tử vong thường do suy hô hấp cấp,01_copd.txt
Giới hạn luồng không khí,DiseaseSubtype,C0024117,,LEADS_TO,Suy hô hấp cấp tính,Disease,C0264490,,0.9,1,2,Tử vong thường do suy hô hấp cấp,01_copd.txt
Giới hạn luồng không khí,DiseaseSubtype,C0024117,,LEADS_TO,Suy tim phải,Complication,C0235527,,0.99,1,2,"Các trường hợp nặng có thể có biến chứng do giảm cân, tràn khí màng phổi, các đợt cấp mất bù thường xuyên, suy tim phải và/hoặc suy hô hấp cấp hoặc mạn tính.",01_copd.txt
Giới hạn luồng không khí,DiseaseSubtype,C0024117,,LEADS_TO,Thiếu oxy máu,Complication,C0700292,,0.96,2,2,Công việc thở nhiều hơn có thể dẫn đến giảm thông khí phế nang với tình trạng thiếu oxy,01_copd.txt
Giới hạn luồng không khí,DiseaseSubtype,C0024117,,LEADS_TO,Thuyên tắc mạch phổi,Disease,C0034065,,0.9,1,2,"Tử vong thường do suy hô hấp cấp, viêm phổi, ung thư phổi, bệnh tim, hoặc tắc mạch phổi.",01_copd.txt
Giới hạn luồng không khí,DiseaseSubtype,C0024117,,LEADS_TO,Tràn khí màng phổi,Disease,C0032326,,0.99,1,2,"Các trường hợp nặng có thể có biến chứng do giảm cân, tràn khí màng phổi",01_copd.txt
Giới hạn luồng không khí,DiseaseSubtype,C0024117,,LEADS_TO,Tràn khí màng phổi tự phát,Complication,C0149781,,0.9775,2,2,Có thể xảy ra tràn khí màng phổi tự phát (có thể liên quan đến vỡ kén khí) và nên nghi ngờ ở bất cứ bệnh nhân nào bị COPD có tình trạng phổi đột ngột nặng lên.,01_copd.txt
Giới hạn luồng không khí,DiseaseSubtype,C0024117,,LEADS_TO,Tâm phế mạn,Complication,C0238074,,0.99,1,2,"Các dấu hiệu của bệnh tâm phế bao gồm giãn tĩnh mạch cổ, tiếng tim thứ hai tách đôi với phần tiếng van động mạch phổi nổi bật, tiếng thổi do suy van ba lá và phù ngoại biên.",01_copd.txt
Giới hạn luồng không khí,DiseaseSubtype,C0024117,,LEADS_TO,Tắc mạch phổi,Complication,C0034065,,0.9,1,2,"Tử vong thường do suy hô hấp cấp, viêm phổi, ung thư phổi, bệnh tim, hoặc tắc mạch phổi.",01_copd.txt
Giới hạn luồng không khí,DiseaseSubtype,C0024117,,LEADS_TO,Ung thư phổi,Disease,C0684249,,0.9,1,2,"Tử vong thường do suy hô hấp cấp, viêm phổi, ung thư phổi, bệnh tim, hoặc tắc mạch phổi.",01_copd.txt
Giới hạn luồng không khí,DiseaseSubtype,C0024117,,LEADS_TO,Viêm phổi,Complication,C0032285,,0.9,1,2,"Tử vong thường do suy hô hấp cấp, viêm phổi, ung thư phổi, bệnh tim, hoặc tắc mạch phổi.",01_copd.txt
Giới nữ,RiskFactor,C0086287,,INCREASES_RISK_OF,Hen suyễn,Disease,C0004096,,0.99,2,2,"Giới nữ, hút thuốc, tuổi dậy thì sớm, nhạy cảm với bọ ve trong nhà là những yếu tố nguy cơ cho hen kéo dài và tái phát.",henphequan.txt
Glucose,Mechanism,C0017725,,TREATS,Đái tháo đường,Disease,C0011849,,0.85,1,2,Có thể bắt đầu truyền tĩnh mạch dung dịch dextrose trước khi phẫu thuật với tốc độ 75 đến 150 mL/giờ và được chuẩn độ để duy trì đường huyết bình thường.,01_daithaoduong.txt
Glucose huyết tương duy trì mục tiêu nội trú: 100 - 200 mg/dL (5.5 - 11.1 mmol/L),Measurement,,Thông số: Glucose huyết tương duy trì mục tiêu nội trú; min: 100; max: 200; range_mg_dL: 100-200; range_mmol_L: 5.5-11.1; min_value: 100; max_value: 200,DEFINES_THRESHOLD_FOR,Đái tháo đường,Disease,C0011849,,0.99,2,2,"duy trì glucose huyết tương giữa 100 và 200 mg/dL (5,5 và 11,1 mmol/L) cho tới khi bệnh nhân có thể chuyển ăn đường miệng",01_daithaoduong.txt
Glucose huyết tương lúc đói,Test,C0583513,,DIAGNOSES,Tăng huyết áp,Disease,C0020538,,0.99,2,2,glucose huyết tương lúc đói,01_tanghuyetap.txt
Glucose huyết tương lúc đói,Test,C0583513,,DIAGNOSES,Đái tháo đường,Disease,C0011849,,0.99,2,2,sàng lọc bệnh tiểu đường với mức FPG,01_daithaoduong.txt
Glucose huyết tương ngẫu nhiên chẩn đoán ĐTĐ: >= 200 mg/dL (11.1 mmol/L),Measurement,,Thông số: Glucose huyết tương ngẫu nhiên chẩn đoán ĐTĐ; value_mg_dl: 200; value_mmol_l: 11.1,DEFINES_THRESHOLD_FOR,Đái tháo đường,Disease,C0011849,,0.99,2,2,"Glucose ngẫu nhiên > 200 mg/dL (> 11,1 mmol/L) có thể chẩn đoán",01_daithaoduong.txt
Gluten và ngũ cốc,RiskFactor,,,INCREASES_RISK_OF,Đái tháo đường loại 1,DiseaseSubtype,C0011854,,0.85,1,2,Tiếp xúc sớm (< 4 tháng) hoặc muộn (> 7 tháng) với gluten và ngũ cốc tăng sản xuất tự kháng thể đảo tụy.,01_daithaoduong.txt
Góc xương ức - màng phổi > 90°,Measurement,,Thông số: Góc xương ức - màng phổi; Giá trị: >> 90 độ,DEFINES_THRESHOLD_FOR,Khí phế thũng,DiseaseSubtype,C0034067,,0.99,2,2,tăng góc được hình thành bởi xương ức và màng phổi phía trước trên phim chụp nghiêng từ giá trị bình thường là 45° đến > 90°,01_copd.txt
"HLA-DR3,DQB1*0201",Mechanism,,,UNDERLIES,Đái tháo đường loại 1,DiseaseSubtype,C0011854,,0.9,1,2,"Gen nhay cảm gồm gen trong phức hợp hòa hợp mô chính (MHC) - đặc biệt HLA-DR3,DQB1*0201 và HLA-DR4,DQB1*0302, chúng xuất hiện trong > 90% bệnh nhân đái tháo đường loại 1",01_daithaoduong.txt
"HLA-DR4,DQB1*0302",Mechanism,,,UNDERLIES,Đái tháo đường loại 1,DiseaseSubtype,C0011854,,0.9,1,2,"Gen nhay cảm gồm gen trong phức hợp hòa hợp mô chính (MHC) - đặc biệt HLA-DR3,DQB1*0201 và HLA-DR4,DQB1*0302, chúng xuất hiện trong > 90% bệnh nhân đái tháo đường loại 1",01_daithaoduong.txt
Haemophilus influenzae,Cause,C0018483,,CAUSES,Nhiễm trùng đường hô hấp,Disease,C0035243,,0.85,1,2,"Vi khuẩn, đặc biệt là Haemophilus influenzae, xâm chiếm đường hô hấp dưới của khoảng 30% số bệnh nhân mắc COPD.",01_copd.txt
Haemophilus influenzae,Cause,C0018483,,UNDERLIES,Bệnh phổi tắc nghẽn mạn tính,Disease,C0024117,,0.85,1,2,"Vi khuẩn, đặc biệt là Haemophilus influenzae, xâm chiếm đường hô hấp dưới của khoảng 30% số bệnh nhân mắc COPD.",01_copd.txt
Haemophilus influenzae,Cause,C0018483,,UNDERLIES,Giới hạn luồng không khí,DiseaseSubtype,C0024117,,0.85,1,2,"Vi khuẩn, đặc biệt là Haemophilus influenzae, xâm chiếm đường hô hấp dưới của khoảng 30% số bệnh nhân mắc COPD.",01_copd.txt
HbA1c,Measurement,,Thông số: Chỉ số HbA1c,DIAGNOSES,Đái tháo đường,Disease,C0011849,,0.99,4,2,"Những người >= 35 tuổi và tất cả người lớn có các yếu tố nguy cơ bổ sung được mô tả ở trên nên được sàng lọc bệnh tiểu đường với mức FPG, HbA1C hoặc giá trị 2 giờ khi OGTT 75 g ít nhất 3 năm một lần miễn là glucose huyết tương các chỉ số đo là bình thường và ít nhất là hàng năm nếu kết quả cho thấy nồng độ đường huyết lúc đói bị suy giảm .",01_daithaoduong.txt
HbA1c,Measurement,,Thông số: Chỉ số HbA1c,DIAGNOSES,Đái tháo đường loại 1,DiseaseSubtype,C0011854,,0.99,2,2,HbA1C nên được đánh giá hàng quí với bệnh nhân đái tháo đường loại 1,01_daithaoduong.txt
HbA1c,Measurement,,Thông số: Chỉ số HbA1c,DIAGNOSES,Đái tháo đường loại 2,DiseaseSubtype,C0011860,,0.99,2,2,HbA1C nên được đánh giá hàng quí với bệnh nhân đái tháo đường loại 1 và ít nhất 2 lần mỗi năm ở bệnh nhân đái tháo đường loại 2,01_daithaoduong.txt
HbA1c,Measurement,,Thông số: Chỉ số HbA1c,MEASURES,Chỉ số nồng độ đường trong máu (Glucose máu),Measurement,,Thông số: Chỉ số Chỉ số nồng độ đường trong máu (Glucose máu),0.99,2,2,"Tuy nhiên, HbA1C là một biện pháp gián tiếp của lượng đường trong máu",01_daithaoduong.txt
HbA1c,Measurement,,Thông số: Chỉ số HbA1c,MEASURES,Tần suất theo dõi HbA1c định kỳ: 3 tháng một lần,Measurement,,Thông số: Tần suất theo dõi HbA1c; frequency: 6,0.99,2,2,Nồng độ HbA1C đo được trong huyết tương tĩnh mạch được theo dõi 3 tháng một lần,01_daithaoduong.txt
HbA1c mục tiêu kiểm soát chặt chẽ: < 6.5%,Measurement,,Thông số: HbA1c mục tiêu; Giá trị: <6.5 %,DEFINES_THRESHOLD_FOR,Hạ đường huyết,DiseaseSubtype,C0020615,,0.9,1,2,"Các bác sĩ lâm sàng cũng có thể đề nghị các mục tiêu đường huyết chặt chẽ hơn (ví dụ: HbA1C < 6,5%) ở một số bệnh nhân được chọn nếu những mục tiêu này có thể đạt được mà không bị hạ đường huyết.",01_daithaoduong.txt
Hen không kiểm soát được,DiseaseSubtype,C5880014,,LEADS_TO,Suy hô hấp,Complication,C1145670,,0.9775,2,2,Nghi ngờ tăng carbon dioxide và suy hô hấp ở phụ nữ có thai bị hen không kiểm soát được,henphequan.txt
Hen không kiểm soát được,DiseaseSubtype,C5880014,,LEADS_TO,Tăng carbon dioxide,Disease,C0020440,,0.9775,2,2,Nghi ngờ tăng carbon dioxide và suy hô hấp ở phụ nữ có thai bị hen không kiểm soát được,henphequan.txt
Hen không kiểm soát được,DiseaseSubtype,C5880014,,LEADS_TO,Tăng carbonic máu,Mechanism,C0020440,,0.9775,2,2,Nghi ngờ tăng carbon dioxide và suy hô hấp ở phụ nữ có thai bị hen không kiểm soát được,henphequan.txt
Hen suyễn,Disease,C0004096,,AFFECTS_ORGAN,Đường thở,Organ,C0458827,,0.95,1,2,hình thành quá trình viêm thâm nhiễm lan rộng vào biểu mô và cơ trơn đường thở,henphequan.txt
Hen suyễn,Disease,C0004096,,HAS_SYMPTOM,Ho,Symptom,C0010200,,0.99,2,2,"Triệu chứng và dấu hiệu bao gồm khó thở, tức ngực, ho, thở khò khè.",henphequan.txt
Hen suyễn,Disease,C0004096,,HAS_SYMPTOM,Khó thở,Symptom,C0013404,,0.99,2,2,"Triệu chứng và dấu hiệu bao gồm khó thở, tức ngực, ho, thở khò khè.",henphequan.txt
Hen suyễn,Disease,C0004096,,HAS_SYMPTOM,Triệu chứng hen,Symptom,C1276804,,0.9,1,2,khi bệnh nhân đáp ứng tốt điều trị thì sẽ có ít triệu chứng.,henphequan.txt
Hen suyễn,Disease,C0004096,,HAS_SYMPTOM,Tức ngực,Symptom,C0008031,,0.99,2,2,"Triệu chứng và dấu hiệu bao gồm khó thở, tức ngực, ho, thở khò khè.",henphequan.txt
Hen suyễn,Disease,C0004096,,HAS_SYMPTOM,Đau ngực,Sign,C0008031,,0.99,2,2,"Triệu chứng và dấu hiệu bao gồm khó thở, tức ngực, ho, thở khò khè.",henphequan.txt
Hen suyễn,Disease,C0004096,,INCREASES_RISK_OF,Suy giảm chức năng phổi,DiseaseSubtype,,,0.99,2,2,"bệnh nhân bị suy giảm chức năng phổi ở tuổi trưởng thành sớm, thường liên quan đến bệnh hen suyễn",01_copd.txt
Hen suyễn,Disease,C0004096,,LEADS_TO,Cân nặng khi sinh thấp,Complication,C0024032,,0.99,2,2,"bà mẹ kiểm soát hen kém có thể làm tăng tỷ lệ tử vong trước sinh, sinh non và cân nặng khi sinh thấp.",henphequan.txt
Hen suyễn,Disease,C0004096,,LEADS_TO,Sinh non,Complication,C0151526,,0.99,2,2,"bà mẹ kiểm soát hen kém có thể làm tăng tỷ lệ tử vong trước sinh, sinh non",henphequan.txt
Hen suyễn,Disease,C0004096,,LEADS_TO,Suy hô hấp,Complication,C1145670,,0.99,2,2,Bệnh nhân có đợt kịch phát nặng và sắp xảy ra suy hô hấp,henphequan.txt
Hen suyễn,Disease,C0004096,,LEADS_TO,Tái cấu trúc đường thở,Complication,C2717792,,0.99,2,2,"Theo thời gian, đường thở ở một số bệnh nhân bị hen suyễn trải qua sự thay đổi cấu trúc vĩnh viễn (tái cấu trúc)",henphequan.txt
Hen suyễn,Disease,C0004096,,LEADS_TO,Tử vong,Complication,C1306577,,0.99,2,2,Mặc dù một số đáng kể ca tử vong hàng năm là do bệnh hen,henphequan.txt
Hen suyễn,Disease,C0004096,,LEADS_TO,Tử vong trước sinh,Complication,C0277604,,0.99,2,2,bà mẹ kiểm soát hen kém có thể làm tăng tỷ lệ tử vong trước sinh,henphequan.txt
Hen suyễn,Disease,C0004096,,LEADS_TO,cân nặng sơ sinh thấp,RiskFactor,C0024032,,0.99,2,2,"bà mẹ kiểm soát hen kém có thể làm tăng tỷ lệ tử vong trước sinh, sinh non và cân nặng khi sinh thấp.",henphequan.txt
Hen suyễn,Disease,C0004096,,LEADS_TO,Đợt cấp hen suyễn nặng,Complication,C3872851,,0.9,1,2,"Ví dụ, bệnh nhân bị hen suyễn nhẹ không có triệu chứng hoặc triệu chứng nhẹ và chức năng phổi bình thường vẫn có thể bị đợt cấp nặng đe dọa đến tính mạng.",henphequan.txt
Hen suyễn ban đêm,DiseaseSubtype,C1273489,,IS_SUBTYPE_OF,Hen suyễn,Disease,C0004096,,0.99,1,2,Nhiều bệnh nhân bị bệnh nặng hơn sẽ bị thức giấc vào ban đêm (hen suyễn ban đêm).,henphequan.txt
Hen suyễn nhẹ,DiseaseSubtype,C0581124,,IS_SUBTYPE_OF,Hen suyễn,Disease,C0004096,,0.99,2,2,"Ví dụ, bệnh nhân bị hen suyễn nhẹ không có triệu chứng hoặc triệu chứng nhẹ và chức năng phổi bình thường vẫn có thể bị đợt cấp nặng đe dọa đến tính mạng.",henphequan.txt
Hen suyễn thể ho,DiseaseSubtype,C0694548,,IS_SUBTYPE_OF,Hen suyễn,Disease,C0004096,,0.99,1,2,Ho có thể là triệu chứng duy nhất ở một số bệnh nhân (hen suyễn thể ho).,henphequan.txt
Hen suyễn tăng bạch cầu ái toan,DiseaseSubtype,C0340076,,IS_SUBTYPE_OF,Hen suyễn,Disease,C0004096,,0.95,1,2,Hen suyễn với dạng viêm này thường được gọi làh hen suyễn tăng bạch cầu ái toan.,henphequan.txt
Hoạt động thể chất,Treatment,C0026606,,TREATS,Hen suyễn,Disease,C0004096,,0.97,2,2,"Trẻ em> 5 tuổi và thanh thiếu niên bị hen suyễn nên được khuyến khích duy trì các hoạt động thể chất, tập thể dục và tham gia các môn thể thao.",henphequan.txt
Hoạt động thể chất và thể thao,Treatment,C1319354,,TREATS,Hen suyễn,Disease,C0004096,,0.8,1,2,"Trẻ em> 5 tuổi và thanh thiếu niên bị hen suyễn nên được khuyến khích duy trì các hoạt động thể chất, tập thể dục và tham gia các môn thể thao.",henphequan.txt
Huyết áp chẩn đoán Tăng huyết áp cấp cứu: tâm thu > 180 mmHg hoặc tâm trương >= 120 mmHg,Measurement,,Thông số: Huyết áp chẩn đoán Tăng huyết áp cấp cứu; Huyết áp 180/120 mmHg,DEFINES_THRESHOLD_FOR,Tăng huyết áp cấp cứu,DiseaseSubtype,C0745136,,0.99,2,2,Tăng huyết áp cấp cứu là huyết áp tăng cao đáng kể (ví dụ: huyết áp tâm thu > 180 mm Hg và/hoặc huyết áp tâm trương >= 120 mm Hg),02_thuocdieutri.txt
Huyết áp chẩn đoán Tăng huyết áp cấp cứu: tâm thu > 180 mmHg hoặc tâm trương >= 120 mmHg,Measurement,,Thông số: Huyết áp chẩn đoán Tăng huyết áp cấp cứu; Huyết áp 180/120 mmHg,DEFINES_THRESHOLD_FOR,Tăng huyết áp nặng: Huyết áp tâm thu >= 180 mmHg hoặc huyết áp tâm trương >= 120 mmHg,Measurement,C0745136,Thông số: Tăng huyết áp nặng; Huyết áp 180/120 mmHg,0.99,2,2,Tăng huyết áp cấp cứu là huyết áp tăng cao đáng kể (ví dụ: huyết áp tâm thu > 180 mm Hg và/hoặc huyết áp tâm trương >= 120 mm Hg),02_thuocdieutri.txt
Huyết áp không đạt mục tiêu,Measurement,,Thông số: Huyết áp; status: không kiểm soát,DEFINES_THRESHOLD_FOR,Tăng huyết áp kháng trị,DiseaseSubtype,C1834155,,0.99,4,2,Tăng huyết áp kháng trị được định nghĩa là huyết áp không được kiểm soát đạt mục tiêu mặc dù đã tuân thủ 3 loại thuốc hạ huyết áp liều phù hợp thuộc các nhóm khác nhau (bao gồm thuốc lợi tiểu) và sau khi hiệu ứng áo choàng trắng đã được loại trừ.,01_tanghuyetap.txt
Huyết áp mục tiêu < 130/80 mmHg,Measurement,,Thông số: Huyết áp mục tiêu; Huyết áp 130/80 mmHg,DEFINES_THRESHOLD_FOR,Tăng huyết áp,Disease,C0020538,,0.99,2,2,"Giảm huyết áp xuống thành < 130/80 mm Hg, bao gồm cả những người mắc bệnh thận hoặc tiểu đường.",01_tanghuyetap.txt
Huyết áp tâm thu > 180 mmHg,Measurement,,Thông số: Huyết áp tâm thu; Giá trị: >180 mmHg,DEFINES_THRESHOLD_FOR,Tăng huyết áp nặng,DiseaseSubtype,C5395247,,0.99,2,2,Tăng huyết áp nặng (ví dụ: huyết áp tâm thu > 180 mm Hg),02_thuocdieutri.txt
Huyết áp tâm thu >= 130 mmHg,Measurement,,Thông số: Huyết áp tâm thu; Giá trị: >=130 mmHg,DEFINES_THRESHOLD_FOR,Tăng huyết áp,Disease,C0020538,,0.99,2,2,Tăng huyết áp được định nghĩa là huyết áp tâm thu (HA) >= 130 mm Hg hoặc huyết áp tâm trương >= 80 mm Hg hoặc đang dùng thuốc điều trị tăng huyết áp.,01_tanghuyetap.txt
Huyết áp tâm thu >= 180 mmHg hoặc huyết áp tâm trương >= 120 mmHg,Measurement,,Thông số: Huyết áp tâm thu và tâm trương; Huyết áp 180/120 mmHg,DEFINES_THRESHOLD_FOR,Tăng huyết áp cấp cứu,DiseaseSubtype,C0745136,,0.99,2,2,Tăng huyết áp cấp cứu là tăng huyết áp nặng (thường được xác định là huyết áp tâm thu (HA) >= 180 mm Hg và/hoặc huyết áp tâm trương >= 120 mm Hg),02_thuocdieutri.txt
Huyết áp tâm thu >= 180 mmHg hoặc huyết áp tâm trương >= 120 mmHg,Measurement,,Thông số: Huyết áp tâm thu và tâm trương; Huyết áp 180/120 mmHg,DEFINES_THRESHOLD_FOR,Tăng huyết áp nặng: Huyết áp tâm thu >= 180 mmHg hoặc huyết áp tâm trương >= 120 mmHg,Measurement,C0745136,Thông số: Tăng huyết áp nặng; Huyết áp 180/120 mmHg,0.99,2,2,Tăng huyết áp cấp cứu là tăng huyết áp nặng (thường được xác định là huyết áp tâm thu (HA) >= 180 mm Hg và/hoặc huyết áp tâm trương >= 120 mm Hg),02_thuocdieutri.txt
Huyết áp tâm thu ban đầu > 160 mmHg,Measurement,,Thông số: Huyết áp tâm thu; Giá trị: >160 mmHg,DEFINES_THRESHOLD_FOR,Tăng huyết áp kháng trị,DiseaseSubtype,C1834155,,0.98,2,2,"Nếu huyết áp tâm thu ban đầu > 160 mm Hg, nên bắt đầu dùng 2 loại thuốc bất kể nguy cơ mắc bệnh tim mạch.",01_tanghuyetap.txt
Huyết áp tâm thu lúc nghỉ >= 130 mmHg,Measurement,,Thông số: Huyết áp tâm thu lúc nghỉ; Giá trị: >=130 mmHg,DEFINES_THRESHOLD_FOR,Tăng huyết áp,Disease,C0020538,,0.99,2,2,"Tăng huyết áp là tình trạng tăng liên tục của huyết áp tâm thu lúc nghỉ (>= 130 mmHg) hoặc huyết áp tâm trương lúc nghỉ (>= 80 mm Hg), hoặc cả hai.",01_tanghuyetap.txt
Huyết áp tâm thu lúc nghỉ xác định THA: >= 130 mmHg,Measurement,,Thông số: Huyết áp tâm thu lúc nghỉ; Huyết áp <130/<80 mmHg,DEFINES_THRESHOLD_FOR,Tăng huyết áp,Disease,C0020538,,0.99,2,2,"Tăng huyết áp là tình trạng tăng liên tục của huyết áp tâm thu lúc nghỉ (>= 130 mmHg) hoặc huyết áp tâm trương lúc nghỉ (>= 80 mm Hg), hoặc cả hai.",01_tanghuyetap.txt
Huyết áp tâm trương >= 80 mmHg,Measurement,,Thông số: Huyết áp tâm trương; Giá trị: >=80 mmHg,DEFINES_THRESHOLD_FOR,Tăng huyết áp,Disease,C0020538,,0.99,2,2,Tăng huyết áp được định nghĩa là huyết áp tâm thu (HA) >= 130 mm Hg hoặc huyết áp tâm trương >= 80 mm Hg hoặc đang dùng thuốc điều trị tăng huyết áp.,01_tanghuyetap.txt
Huyết áp tâm trương lúc nghỉ >= 80 mmHg,Measurement,,Thông số: Huyết áp tâm trương lúc nghỉ; Giá trị: >=80 mmHg,DEFINES_THRESHOLD_FOR,Tăng huyết áp,Disease,C0020538,,0.99,2,2,"Tăng huyết áp là tình trạng tăng liên tục của huyết áp tâm thu lúc nghỉ (>= 130 mmHg) hoặc huyết áp tâm trương lúc nghỉ (>= 80 mm Hg), hoặc cả hai.",01_tanghuyetap.txt
Huyết áp động mạch trung bình (MAP) ngưỡng giãn mạch não: 160 mmHg,Measurement,,Thông số: Huyết áp động mạch trung bình (MAP); Giá trị: >160 mmHg,DEFINES_THRESHOLD_FOR,Bệnh não do tăng huyết áp,Disease,C0151620,,0.85,1,2,"Trên huyết áp động mạch trung bình (MAP) khoảng 160 mm Hg (thấp hơn đối với những người có huyết áp bình thường có huyết áp tăng đột ngột), các mạch não bắt đầu giãn ra thay vì vẫn bị co thắt.",02_thuocdieutri.txt
Huyết áp động mạch trung bình (MAP) ngưỡng giãn mạch não: 160 mmHg,Measurement,,Thông số: Huyết áp động mạch trung bình (MAP); Giá trị: >160 mmHg,DEFINES_THRESHOLD_FOR,Bệnh não tăng huyết áp,Complication,C0151620,,0.85,1,2,"Trên huyết áp động mạch trung bình (MAP) khoảng 160 mm Hg (thấp hơn đối với những người có huyết áp bình thường có huyết áp tăng đột ngột), các mạch não bắt đầu giãn ra thay vì vẫn bị co thắt.",02_thuocdieutri.txt
Hydrogel uống,Treatment,C4288711,,TREATS,Tiền đái tháo đường,Disease,C0362046,,0.99,2,2,Một loại hydrogel uống có chứa cellulose và axit xitric khiến bệnh nhân cảm thấy no và ăn ít hơn có thể giúp giảm cân ở mức độ khiêm tốn ở những bệnh nhân tiền tiểu đường và tiểu đường.,01_daithaoduong.txt
Hydrogel uống,Treatment,C4288711,,TREATS,Đái tháo đường,Disease,C0011849,,0.99,2,2,Một loại hydrogel uống có chứa cellulose và axit xitric khiến bệnh nhân cảm thấy no và ăn ít hơn có thể giúp giảm cân ở mức độ khiêm tốn ở những bệnh nhân tiền tiểu đường và tiểu đường.,01_daithaoduong.txt
Hóa chất hít vào,RiskFactor,C3841930,,INCREASES_RISK_OF,Bệnh phổi tắc nghẽn mạn tính,Disease,C0024117,,0.9,1,2,"Tiếp xúc với khói thuốc lá thụ động, ô nhiễm không khí và bụi nghề nghiệp (ví dụ: bụi khoáng, bụi bông) hoặc hóa chất hít vào (ví dụ: cadmium) góp phần gây nguy cơ mắc COPD nhưng ít quan trọng hơn so với hút thuốc lá.",01_copd.txt
Hóa chất hít vào,RiskFactor,C3841930,,INCREASES_RISK_OF,Giới hạn luồng không khí,DiseaseSubtype,C0024117,,0.9,1,2,"Tiếp xúc với khói thuốc lá thụ động, ô nhiễm không khí và bụi nghề nghiệp (ví dụ: bụi khoáng, bụi bông) hoặc hóa chất hít vào (ví dụ: cadmium) góp phần gây nguy cơ mắc COPD nhưng ít quan trọng hơn so với hút thuốc lá.",01_copd.txt
Hút thuốc lá,RiskFactor,C0453996,,INCREASES_RISK_OF,Bệnh phổi tắc nghẽn mạn tính,Disease,C0024117,,0.99,7,2,"Bệnh phổi tắc nghẽn mạn tính (COPD) đặc trưng bởi sự giới hạn về luồng khí thở gây ra do đáp ứng viêm do hít phải các chất khí độc hại, thường là khói thuốc lá.",01_copd.txt
Hút thuốc lá,RiskFactor,C0453996,,INCREASES_RISK_OF,Chồng chéo Hen suyễn-COPD,Disease,C4038730,,0.9,1,2,"Các đặc điểm chính bao gồm tắc nghẽn đường thở cố định không đáp ứng với thuốc giãn phế quản, tiếp xúc đáng kể với hút thuốc lá hoặc chất ô nhiễm và các đặc điểm của hen suyễn truyền thống, bao gồm tăng bạch cầu ái toan trong máu hoặc trong đờm và tắc nghẽn dòng khí có thể đảo ngược.",henphequan.txt
Hút thuốc lá,RiskFactor,C0453996,,INCREASES_RISK_OF,Giới hạn luồng không khí,DiseaseSubtype,C0024117,,0.99,7,2,"Bệnh phổi tắc nghẽn mạn tính (COPD) đặc trưng bởi sự giới hạn về luồng khí thở gây ra do đáp ứng viêm do hít phải các chất khí độc hại, thường là khói thuốc lá.",01_copd.txt
Hút thuốc lá,RiskFactor,C0453996,,INCREASES_RISK_OF,Hen suyễn,Disease,C0004096,,0.99,2,2,"Giới nữ, hút thuốc, tuổi dậy thì sớm, nhạy cảm với bọ ve trong nhà là những yếu tố nguy cơ cho hen kéo dài và tái phát.",henphequan.txt
Hút thuốc lá,RiskFactor,C0453996,,INCREASES_RISK_OF,Khí thũng,Disease,C0013990,,0.99,2,2,"Rối loạn di truyền nguyên nhân được xác định rõ ràng nhất là thiếu hụt alpha-1 antitrypsin, đây là nguyên nhân quan trọng gây khí thũng ở những người không hút thuốc và làm tăng rõ rệt khả năng mắc bệnh ở những người hút thuốc.",01_copd.txt
Hút thuốc lá,RiskFactor,C0453996,,INCREASES_RISK_OF,Phù mạch,Complication,C0002994,,0.9,1,2,Phù mạch phổ biến nhất ở những bệnh nhân có nguồn gốc châu Phi và những người hút thuốc.,02_thuocdieutri.txt
Hút thuốc lá,RiskFactor,C0453996,,INCREASES_RISK_OF,Viêm phế quản mạn tính do hen,DiseaseSubtype,C0264348,,0.99,2,2,nó xảy ra chủ yếu ở những bệnh nhân hút thuốc và có tiền sử hen suyễn.,01_copd.txt
Hạ kali máu,Sign,C0020621,,MODIFIES,Angiotensin II,Mechanism,C3714928,,0.8,1,2,"kali huyết tương thấp (< 3,5 mmol/L [ < 3,5 mmol/L]) làm tăng sự co mạch do sự đóng các kênh kali.",01_tanghuyetap.txt
Hạ đường huyết,DiseaseSubtype,C0020615,,HAS_SYMPTOM,Triệu chứng hạ đường huyết,Symptom,,,0.99,2,2,"Bệnh nhân bị hạ đường huyết lặp đi lặp lại, đặc biệt là những người không xuất hiện các triệu chứng hạ đường huyết",01_daithaoduong.txt
Hạn chế luồng khí,Sign,C0024117,,INCREASES_RISK_OF,Hen suyễn,Disease,C0004096,,0.99,2,2,"Trước khi liệu pháp được tăng cường, việc tuân thủ, tiếp xúc với các yếu tố môi trường (ví dụ: tiếp xúc với chất kích thích) và sự hiện diện của các bệnh kèm theo (ví dụ: béo phì, viêm mũi dị ứng, bệnh trào ngược dạ dày thực quản, bệnh phổi tắc nghẽn mạn tính, ngưng thở khi ngủ do tắc nghẽn, rối loạn chức năng dây thanh âm, sử dụng cocaine dạng hít).",henphequan.txt
Hẹp lòng tiểu động mạch,Mechanism,,,UNDERLIES,Tăng huyết áp,Disease,C0020538,,0.95,1,2,"Ở thận, xơ vữa làm hẹp lòng tiểu động mạch, làm tăng tổng sức cản mạch ngoại vi, dẫn đến tăng huyết áp.",01_tanghuyetap.txt
Hẹp đường dẫn khí,Mechanism,C0001883,,UNDERLIES,Bệnh phổi tắc nghẽn mạn tính,Disease,C0024117,,0.99,2,2,Đặc điểm sinh bệnh học chủ yếu của COPD là hạn chế luồng không khí do hẹp đường dẫn khí,01_copd.txt
Hẹp đường dẫn khí,Mechanism,C0001883,,UNDERLIES,Giới hạn luồng không khí,DiseaseSubtype,C0024117,,0.99,2,2,Đặc điểm sinh bệnh học chủ yếu của COPD là hạn chế luồng không khí do hẹp đường dẫn khí,01_copd.txt
Hẹp động mạch thận,Cause,C0035067,,CAUSES,Nguyên nhân thứ phát gây tăng huyết áp,Cause,C0155616,,0.99,2,2,"Ngưng thở khi ngủ, bệnh thận mạn tính hoặc hẹp động mạch thận là những nguyên nhân khác gây tăng huyết áp thứ phát.",01_tanghuyetap.txt
Hẹp động mạch thận,Cause,C0035067,,CAUSES,Tăng huyết áp thứ phát,DiseaseSubtype,C0155616,,0.99,2,2,"Ngưng thở khi ngủ, bệnh thận mạn tính hoặc hẹp động mạch thận là những nguyên nhân khác gây tăng huyết áp thứ phát.",01_tanghuyetap.txt
Hệ thần kinh giao cảm,Mechanism,C0039044,,PART_OF_MECHANISM,Renin,Mechanism,C0035094,,0.99,1,2,Hệ thần kinh giao cảm kích thích sự bài tiết renin qua trung gian bởi kích thích các thụ thể beta (thông qua thần kinh thận),01_tanghuyetap.txt
Hệ thống phân phối insulin tự động,Treatment,C0336563,,TREATS,Đái tháo đường loại 1,DiseaseSubtype,C0011854,,0.9,1,2,Chúng đặc biệt hữu ích ở những bệnh nhân đái tháo đường loại 1 và đối với những người bị hạ đường huyết không nhận biết hoặc hạ đường huyết về đêm.,01_daithaoduong.txt
Hệ thống renin-angiotensin,Mechanism,C0035096,,UNDERLIES,Tăng huyết áp tiên phát,DiseaseSubtype,C0085580,,0.99,2,2,"trong tăng huyết áp tiên phát huyết động và các thành phần sinh lý (ví dụ: thể tích huyết tương, hoạt động của hệ renin-angiotensin) rất biến đổi",01_tanghuyetap.txt
Hội chứng Sjögren,Disease,C1527336,,INCREASES_RISK_OF,Bệnh phổi tắc nghẽn mạn tính,Disease,C0024117,,0.96,2,2,"Các bệnh lý hệ thống có thể có một phần hạn chế luồng khí gợi ý COPD; các bệnh lý này bao gồm nhiễm HIV, lạm dụng các loại thuốc bất hợp pháp (đặc biệt là cocaine và amphetamine), bệnh sarcoid, hội chứng Sjögren, viêm tiểu phế quản tắc nghẽn, bệnh u cơ trơn mạch bạch huyết và u hạt do tăng bạch cầu ái toan.",01_copd.txt
Hội chứng Sjögren,Disease,C1527336,,INCREASES_RISK_OF,Giới hạn luồng không khí,DiseaseSubtype,C0024117,,0.96,2,2,"Các bệnh lý hệ thống có thể có một phần hạn chế luồng khí gợi ý COPD; các bệnh lý này bao gồm nhiễm HIV, lạm dụng các loại thuốc bất hợp pháp (đặc biệt là cocaine và amphetamine), bệnh sarcoid, hội chứng Sjögren, viêm tiểu phế quản tắc nghẽn, bệnh u cơ trơn mạch bạch huyết và u hạt do tăng bạch cầu ái toan.",01_copd.txt
Hội chứng chuyển hóa,Disease,C0524620,,INCREASES_RISK_OF,Đái tháo đường loại 2,Disease,C0011860,,0.9,1,2,thuốc lợi tiểu thúc đẩy hoặc làm trầm trọng thêm bệnh tiểu đường loại 2 ở bệnh nhân có hội chứng chuyển hóa.,02_thuocdieutri.txt
Hở van động mạch chủ,Cause,C0003504,,CAUSES,Tăng huyết áp tâm thu đơn độc,DiseaseSubtype,C0745133,,0.9,1,2,"Một số rối loạn làm tăng CO (ví dụ: nhiễm độc giáp, rò động-tĩnh mạch, hở van động mạch chủ), đặc biệt khi thể tích nhát bóp tăng lên, gây tăng huyết áp tâm thu đơn độc.",01_tanghuyetap.txt
Hợp chất hữu cơ dễ bay hơi,Cause,C2350439,,CAUSES,Hen kích ứng,Disease,,,0.9,1,2,"Hen kích ứng đề cập đến một phản ứng tương tự, dai dẳng giống như hen sau khi tiếp xúc nhiều lần hoặc mạn tính với các chất kích thích tương tự.",henphequan.txt
IgE,Mechanism,C0020846,,PART_OF_MECHANISM,Đáp ứng miễn dịch T2,Mechanism,,,0.95,1,2,Đáp ứng T2 tiền viêm được đặc trưng bởi sự tăng trưởng và kích hoạt quá trình sản sinh bạch cầu ái toan và IgE.,henphequan.txt
Il-6 huyết thanh,Mechanism,,,UNDERLIES,Hen suyễn,Disease,C0004096,,0.96,2,2,"Các chất trung gian chính liên quan đến các nghiên cứu quan sát và nghiên cứu cắt ngang bao gồm leptin, adipokine và Il-6 huyết thanh.",henphequan.txt
Insulin,Mechanism,C1533581,dose: 15 units,UNDERLIES,Giai đoạn trăng mật,DiseaseSubtype,,,0.99,1,2,giai đoạn trăng mật) do quá trình tiết insulin được phục hồi một phần.,01_daithaoduong.txt
Insulin nội sinh,Mechanism,,,UNDERLIES,Đái tháo đường loại 1,DiseaseSubtype,C0011854,,0.95,1,2,Nồng độ glucose huyết tương dễ biến đổi có thể xuất hiện ở bệnh nhân đái tháo đường loại 1 vì sản xuất insulin nội sinh gần như là hoàn toàn không có,01_daithaoduong.txt
Insulin thang điểm trượt,Treatment,C0557977,,TREATS,Đái tháo đường loại 1,DiseaseSubtype,C0011854,,0.99,2,2,"Tuy nhiên, một chế độ điều trị insulin theo thang điểm trượt không phải là một chiến lược hiệu quả để duy trì euglycemia ở bệnh nhân tiểu đường loại 1",01_daithaoduong.txt
Insulin tác dụng nhanh,Drug,C0356365,,TREATS,Tăng đường huyết,DiseaseSubtype,C0020456,,0.96,2,2,"Thay vì phán xét các lựa chọn và hành vi cá nhân, các bác sĩ lâm sàng phải liên tục củng cố nhu cầu kiểm soát đường huyết cẩn thận, đặc biệt là theo dõi đường huyết thường xuyên và sử dụng insulin tác dụng nhanh, liều thấp, thường xuyên khi cần thiết.",01_daithaoduong.txt
Kali máu < 3.5 mmol/L,Measurement,C0020621,Thông số: Kali máu; Giá trị: <3.5 mmol/L,MODIFIES,Angiotensin II,Mechanism,C3714928,,0.8,1,2,"kali huyết tương thấp (< 3,5 mmol/L [ < 3,5 mmol/L]) làm tăng sự co mạch do sự đóng các kênh kali.",01_tanghuyetap.txt
Khám thực thể,Test,C0031809,,DIAGNOSES,Bệnh phổi tắc nghẽn mạn tính,Disease,C0024117,,0.9,1,2,"Chẩn đoán được gợi ý dựa trên bệnh sử, khám thực thể, kết quả chẩn đoán hình ảnh ngực và được xác nhận bằng các xét kiểm tra chức năng phổi.",01_copd.txt
Khám thực thể,Test,C0031809,,DIAGNOSES,Giới hạn luồng không khí,DiseaseSubtype,C0024117,,0.9,1,2,"Chẩn đoán được gợi ý dựa trên bệnh sử, khám thực thể, kết quả chẩn đoán hình ảnh ngực và được xác nhận bằng các xét kiểm tra chức năng phổi.",01_copd.txt
Khám thực thể,Test,C0031809,,DIAGNOSES,Hen suyễn,Disease,C0004096,,0.99,2,2,"Việc chẩn đoán được dựa trên tiền sử, khám lâm sàng và đo chức năng hô hấp.",henphequan.txt
Khám thực thể,Test,C0031809,,DIAGNOSES,Tăng huyết áp,Disease,C0020538,,0.99,2,2,"Tiền sử, khám thực thể, và các xét nghiệm cận lâm sàng khác giúp xác định nguyên nhân và xác định xem đã có tổn thương các cơ quan đích hay chưa.",01_tanghuyetap.txt
Kháng insulin ngoại vi,Mechanism,,,UNDERLIES,Đái tháo đường,Disease,C0011849,,0.99,2,2,Đái tháo đường là suy giảm bài tiết insulin và nồng độ kháng insulin ngoại vi thay đổi dẫn đến tăng đường huyết.,01_daithaoduong.txt
Kháng sinh,DrugClass,C0003232,,TREATS,Loét chân do bệnh lý thần kinh,DiseaseSubtype,C0406526,,0.99,2,2,"Vì hầu hết bệnh nhân với loét này có ít hoặc không có tắc động mạch lớn, cắt lọc và kháng sinh thường xuyên thường dẫn tới liền thương tốt và có thể phòng tránh phẫu thuật lớn.",01_daithaoduong.txt
Kháng thể GAD,Test,C0443891,,DIAGNOSES,Đái tháo đường loại 1,DiseaseSubtype,C0011854,,0.99,2,2,"Những người có nguy cơ cao mắc bệnh tiểu đường loại 1 (ví dụ: anh chị em ruột và con cái của người mắc bệnh tiểu đường loại 1) có thể được kiểm tra sự hiện diện của tế bào tiểu đảo hoặc kháng thể decarboxylase kháng axit glutamic, trước khi khởi phát bệnh lâm sàng.",01_daithaoduong.txt
Kháng thể tế bào tiểu đảo,Test,C0063900,,DIAGNOSES,Đái tháo đường loại 1,DiseaseSubtype,C0011854,,0.99,2,2,"Những người có nguy cơ cao mắc bệnh tiểu đường loại 1 (ví dụ: anh chị em ruột và con cái của người mắc bệnh tiểu đường loại 1) có thể được kiểm tra sự hiện diện của tế bào tiểu đảo hoặc kháng thể decarboxylase kháng axit glutamic, trước khi khởi phát bệnh lâm sàng.",01_daithaoduong.txt
Khí clo,Cause,C0008209,,CAUSES,Hen kích ứng,Disease,,,0.9,1,2,"Hen kích ứng đề cập đến một phản ứng tương tự, dai dẳng giống như hen sau khi tiếp xúc nhiều lần hoặc mạn tính với các chất kích thích tương tự.",henphequan.txt
Khí máu tĩnh mạch,Test,C5165470,,DIAGNOSES,Bệnh phổi tắc nghẽn mạn tính,Disease,C0024117,,0.85,1,2,Khí máu tĩnh mạch rất hữu ích để chẩn đoán tăng CO2 máu cấp tính hoặc mạn tính.,01_copd.txt
Khí máu tĩnh mạch,Test,C5165470,,DIAGNOSES,Giới hạn luồng không khí,DiseaseSubtype,C0024117,,0.85,1,2,Khí máu tĩnh mạch rất hữu ích để chẩn đoán tăng CO2 máu cấp tính hoặc mạn tính.,01_copd.txt
Khí phế thũng,DiseaseSubtype,C0034067,,IS_SUBTYPE_OF,Bệnh phổi tắc nghẽn mạn tính,Disease,C0024117,,0.99,1,2,"Bệnh phổi tắc nghẽn mạn tính (COPD) đặc trưng bởi sự giới hạn về luồng khí thở gây ra do đáp ứng viêm do hít phải các chất khí độc hại, thường là khói thuốc lá.",01_copd.txt
Khí phế thũng,DiseaseSubtype,C0034067,,IS_SUBTYPE_OF,Giới hạn luồng không khí,DiseaseSubtype,C0024117,,0.99,1,2,"Bệnh phổi tắc nghẽn mạn tính (COPD) đặc trưng bởi sự giới hạn về luồng khí thở gây ra do đáp ứng viêm do hít phải các chất khí độc hại, thường là khói thuốc lá.",01_copd.txt
Khói thuốc lá,RiskFactor,C0439994,,INCREASES_RISK_OF,Bệnh hen do tập luyện,Disease,C0004099,,0.85,1,2,"Các tác nhân không gây dị ứng, như khói thuốc lá, mùi mạnh, khói kích thích, nhiệt độ lạnh, độ ẩm cao, cũng nên tránh hoặc kiểm soát khi có thể.",henphequan.txt
Khói thuốc lá,RiskFactor,C0439994,,INCREASES_RISK_OF,Hen do gắng sức,DiseaseSubtype,C0004099,,0.85,1,2,"Các tác nhân không gây dị ứng, như khói thuốc lá, mùi mạnh, khói kích thích, nhiệt độ lạnh, độ ẩm cao, cũng nên tránh hoặc kiểm soát khi có thể.",henphequan.txt
Khói thuốc lá,RiskFactor,C0439994,,INCREASES_RISK_OF,Hen suyễn,Disease,C0004096,,0.9,1,2,"Các chất gây kích ứng theo đường hô hấp, chẳng hạn như ô nhiễm không khí, khói thuốc lá, nước hoa và các sản phẩm làm sạch có thể làm khởi phát các triệu chứng hen.",henphequan.txt
Khói thuốc lá thụ động,RiskFactor,C0037370,,INCREASES_RISK_OF,Bệnh phổi tắc nghẽn mạn tính,Disease,C0024117,,0.9,1,2,"Tiếp xúc với khói thuốc lá thụ động, ô nhiễm không khí và bụi nghề nghiệp (ví dụ: bụi khoáng, bụi bông) hoặc hóa chất hít vào (ví dụ: cadmium) góp phần gây nguy cơ mắc COPD nhưng ít quan trọng hơn so với hút thuốc lá.",01_copd.txt
Khói thuốc lá thụ động,RiskFactor,C0037370,,INCREASES_RISK_OF,Giới hạn luồng không khí,DiseaseSubtype,C0024117,,0.9,1,2,"Tiếp xúc với khói thuốc lá thụ động, ô nhiễm không khí và bụi nghề nghiệp (ví dụ: bụi khoáng, bụi bông) hoặc hóa chất hít vào (ví dụ: cadmium) góp phần gây nguy cơ mắc COPD nhưng ít quan trọng hơn so với hút thuốc lá.",01_copd.txt
Khói từ nấu ăn và sưởi ấm trong nhà,RiskFactor,,,INCREASES_RISK_OF,Bệnh phổi tắc nghẽn mạn tính,Disease,C0024117,,0.95,1,2,Khói từ nấu ăn và sưởi ấm trong nhà là một yếu tố gây bệnh quan trọng,01_copd.txt
Khói từ nấu ăn và sưởi ấm trong nhà,RiskFactor,,,INCREASES_RISK_OF,Giới hạn luồng không khí,DiseaseSubtype,C0024117,,0.95,1,2,Khói từ nấu ăn và sưởi ấm trong nhà là một yếu tố gây bệnh quan trọng,01_copd.txt
Không tuân thủ điều trị,RiskFactor,C0746935,,INCREASES_RISK_OF,Tăng huyết áp kháng trị,DiseaseSubtype,C1834155,,0.985,2,2,"Việc không tuân thủ điều trị, đặc biệt vì cần phải điều trị suốt đời, có thể cản trở việc kiểm soát huyết áp thích hợp.",01_tanghuyetap.txt
Kiểm soát các yếu tố khởi phát,Treatment,,,TREATS,Hen suyễn,Disease,C0004096,,0.99,2,2,Điều trị liên quan đến kiểm soát các yếu tố khởi phát và điều trị bằng thuốc,henphequan.txt
Kiểm tra chức năng hô hấp,Test,C0024119,,DIAGNOSES,Bệnh phổi kẽ,Disease,C0206062,,0.99,2,2,xét nghiệm chức năng phổi cho thấy khiếm khuyết thông khí hạn chế hơn là khiếm khuyết thông khí tắc nghẽn,01_copd.txt
Kiểm tra chức năng hô hấp,Test,C0024119,,DIAGNOSES,Bệnh phổi tắc nghẽn mạn tính,Disease,C0024117,,0.9,1,2,"Chẩn đoán dựa trên bệnh sử, khám thực thể, chụp X-quang ngực và kiểm tra chức năng phổi.",01_copd.txt
Kiểm tra chức năng hô hấp,Test,C0024119,,DIAGNOSES,Giới hạn luồng không khí,DiseaseSubtype,C0024117,,0.9,1,2,"Chẩn đoán dựa trên bệnh sử, khám thực thể, chụp X-quang ngực và kiểm tra chức năng phổi.",01_copd.txt
Kiểm tra chức năng hô hấp,Test,C0024119,,DIAGNOSES,Hen suyễn,Disease,C0004096,,0.99,1,2,Bệnh nhân nghi ngờ bị hen suyễn nên được kiểm tra chức năng hô hấp để chẩn đoán bệnh,henphequan.txt
Kiểm tra chức năng hô hấp,Test,C0024119,,DIAGNOSES,Hạn chế luồng khí,Sign,C0024117,,0.9,1,2,"Chẩn đoán dựa trên tiền sử, khám lâm sàng và được xác định bằng các kiểm tra chức năng hô hấp.",henphequan.txt
Kiểm tra chức năng hô hấp,Test,C0024119,,DIAGNOSES,Viêm phế quản mạn tính tắc nghẽn,DiseaseSubtype,C0155874,,0.99,2,2,Viêm phế quản mạn tính trở thành viêm phế quản tắc nghẽn mạn tính nếu có dấu hiệu tắc nghẽn luồng khí khi đo chức năng hô hấp.,01_copd.txt
Kích thích thần kinh giao cảm,Mechanism,C0038996,,PART_OF_MECHANISM,Renin,Mechanism,C0035094,,0.95,1,2,Hệ thần kinh giao cảm kích thích sự bài tiết renin,01_tanghuyetap.txt
Kích thích thần kinh giao cảm,Mechanism,C0038996,,UNDERLIES,Tăng huyết áp,Disease,C0020538,,0.99,2,2,Kích thích thần kinh giao cảm làm tăng huyết áp,01_tanghuyetap.txt
Kế hoạch hành động hen suyễn,Treatment,C3481636,,TREATS,Hen suyễn,Disease,C0004096,,0.99,2,2,Kế hoạch như vậy dẫn đến việc kiểm soát bệnh hen suyễn tốt hơn,henphequan.txt
Kế hoạch quản lý bệnh hen,Treatment,C1445942,,TREATS,Hen suyễn,Disease,C0004096,,0.9,1,2,Thanh thiếu niên và trẻ em lớn nên tham gia vào việc phát triển các kế hoạch quản lý bệnh hen của riêng mình và thiết lập các mục tiêu riêng của họ trong điều trị để cải thiện sự tuân thủ.,henphequan.txt
Labetalol,Drug,C0022860,,CONTRAINDICATED_IN,Hen suyễn,Disease,C0004096,,0.99,2,2,không nên sử dụng labetalol trong trường hợp tăng huyết áp cấp cứu ở bệnh nhân hen suyễn.,02_thuocdieutri.txt
Labetalol,Drug,C0022860,,TREATS,Nhồi máu cơ tim,Disease,C0027051,,0.99,1,2,Labetalol được dùng cho phụ nữ có thai có những rối loạn nội sọ đòi hỏi kiểm soát huyết áp và sau nhồi máu cơ tim.,02_thuocdieutri.txt
Labetalol,Drug,C0022860,,TREATS,Tăng huyết áp cấp cứu,DiseaseSubtype,C0745136,,0.99,4,2,"Giảm huyết áp động mạch trung bình khoảng 20 đến 25% trong giờ đầu tiên bằng cách sử dụng thuốc theo đường tĩnh mạch có thể chuẩn độ, tác dụng ngắn như clevidipine, nitroglycerin, fenoldopam, nicardipine hoặc labetalol.",02_thuocdieutri.txt
Labetalol,Drug,C0022860,,TREATS,Tăng huyết áp nặng: Huyết áp tâm thu >= 180 mmHg hoặc huyết áp tâm trương >= 120 mmHg,Measurement,C0745136,Thông số: Tăng huyết áp nặng; Huyết áp 180/120 mmHg,0.99,4,2,"Giảm huyết áp động mạch trung bình khoảng 20 đến 25% trong giờ đầu tiên bằng cách sử dụng thuốc theo đường tĩnh mạch có thể chuẩn độ, tác dụng ngắn như clevidipine, nitroglycerin, fenoldopam, nicardipine hoặc labetalol.",02_thuocdieutri.txt
Leptin,Mechanism,C0299583,,UNDERLIES,Hen suyễn,Disease,C0004096,,0.96,2,2,"Các chất trung gian chính liên quan đến các nghiên cứu quan sát và nghiên cứu cắt ngang bao gồm leptin, adipokine và Il-6 huyết thanh.",henphequan.txt
Liệt dạ dày,Cause,C0152020,,CAUSES,Đái tháo đường không ổn định,DiseaseSubtype,C0342302,,0.99,2,2,"Nguyên nhân khác khiến nồng độ glucose trong huyết tương không ổn định gồm nhiễm trùng, liệt dạ dày (dẫn tới rối loạn hấp thu carbonhydrate) và bệnh nội tiết (ví dụ, bệnh Addison).",01_daithaoduong.txt
Liệu pháp bơm insulin vòng kín,Treatment,,,TREATS,Hạ đường huyết,DiseaseSubtype,C0020615,,0.85,1,2,liệu pháp bơm insulin vòng kín tăng cường cảm biến hoặc hỗn hợp là những công cụ hữu ích ở những người dao động giữa hạ đường huyết và tăng đường huyết.,01_daithaoduong.txt
Liệu pháp bơm insulin vòng kín,Treatment,,,TREATS,Tăng đường huyết,DiseaseSubtype,C0020456,,0.85,1,2,liệu pháp bơm insulin vòng kín tăng cường cảm biến hoặc hỗn hợp là những công cụ hữu ích ở những người dao động giữa hạ đường huyết và tăng đường huyết.,01_daithaoduong.txt
Liệu pháp insulin,Treatment,C0021646,,TREATS,Đái tháo đường loại 1,DiseaseSubtype,C0011854,,0.99,2,2,Tất cả bệnh nhân đái tháo đường loại 1 cần liệu pháp insulin.,01_daithaoduong.txt
Liệu pháp kiểm soát hen,Treatment,,,TREATS,Bệnh hen do tập luyện,Disease,C0004099,,0.99,2,2,liệu pháp kiểm soát (bước 2 trở lên trong Bảng Các bước quản lý bệnh hen) nên được bắt đầu nếu các triệu chứng do tập thể dục không đáp ứng với thuốc hít,henphequan.txt
Liệu pháp kiểm soát hen,Treatment,,,TREATS,Hen do gắng sức,DiseaseSubtype,C0004099,,0.99,2,2,liệu pháp kiểm soát (bước 2 trở lên trong Bảng Các bước quản lý bệnh hen) nên được bắt đầu nếu các triệu chứng do tập thể dục không đáp ứng với thuốc hít,henphequan.txt
Liệu pháp kích hoạt Baroreflex,Treatment,C3898150,,TREATS,Tăng huyết áp kháng trị,DiseaseSubtype,C1834155,,0.9775,2,2,Liệu pháp kích hoạt Baroreflex đã được đề xuất để kiểm soát tình trạng tăng huyết áp kháng thuốc,01_tanghuyetap.txt
Liệu pháp oxy,Treatment,C3665674,,TREATS,Bệnh phổi tắc nghẽn mạn tính,Disease,C0024117,,0.99,1,2,Liệu pháp oxy được chỉ định cho một số bệnh nhân.,01_copd.txt
Liệu pháp oxy,Treatment,C3665674,,TREATS,Giới hạn luồng không khí,DiseaseSubtype,C0024117,,0.99,1,2,Liệu pháp oxy được chỉ định cho một số bệnh nhân.,01_copd.txt
Liệu pháp phối hợp 2 thuốc chống tăng huyết áp,Treatment,,,TREATS,Tăng huyết áp nặng,DiseaseSubtype,C5395247,,0.99,2,2,liệu pháp phối hợp 2 thuốc chống tăng huyết áp đường uống (đối với tăng huyết áp nặng),02_thuocdieutri.txt
Liệu pháp sinh học,Treatment,C0005527,,TREATS,Hen suyễn,Disease,C0004096,,0.8,1,2,ví dụ: kê đơn roflimulast/azithromycin cho bệnh nhân có chẩn đoán bằng liệu pháp sinh học điều trị hen suyễn hoặc T2 ở bệnh nhân có chẩn đoán mắc COPD.,henphequan.txt
Lo lắng,Cause,C0003467,,CAUSES,Tăng huyết áp khẩn cấp,DiseaseSubtype,C0745138,,0.99,2,2,Lo lắng cho đến nay là nguyên nhân phổ biến nhất của tình trạng tăng huyết áp khẩn cấp.,02_thuocdieutri.txt
Loét,Complication,C0041582,,AFFECTS_ORGAN,Chi dưới,Organ,C0023216,,0.99,2,2,"vết loét sâu hơn và dễ bị nhiễm trùng, đặc biệt là ở chi dưới.",01_daithaoduong.txt
Làm chậm nhịp tim,Mechanism,C0428977,,UNDERLIES,Tăng huyết áp,Disease,C0020538,,0.9,1,2,"Thuốc chẹn beta làm chậm nhịp tim và giảm khả năng co bóp cơ tim, do đó làm giảm huyết áp.",02_thuocdieutri.txt
Lão hóa,RiskFactor,C0001811,,INCREASES_RISK_OF,Suy giảm điều hòa glucose,DiseaseSubtype,C4302025,,0.8,1,2,"Suy giảm điều hòa glucose (Rối loạn dung nạp glucose, hoặc rối loạn glucose lúc đói - xem bảng Tiêu chuẩn chẩn đoán bệnh đái tháo đường và rối loạn điều hòa glucose) là trung gian, giai đoạn chuyển tiếp, tình trạng giữa chuyển hóa glucose bình thường và đái tháo đường, và trở nên phổ biến hơn với sự già hóa.",01_daithaoduong.txt
Lão hóa,RiskFactor,C0001811,,INCREASES_RISK_OF,Động mạch cứng,DiseaseSubtype,C0003850,,0.9,1,2,"Giảm oxit nitric, do động mạch cứng, xảy ra khi lão hóa",01_tanghuyetap.txt
Lưu lượng đỉnh (PEF),Test,C1518922,,DIAGNOSES,Hen suyễn,Disease,C0004096,,0.9,1,2,Các phép đo lưu lượng đỉnh (PEF) với máy đo lưu lượng cầm tay không tốn kém được khuyến cáo để theo dõi mức độ nghiêm trọng của bệnh và hướng dẫn điều trị.,henphequan.txt
Lưu lượng đỉnh (PEF),Test,C1518922,,DIAGNOSES,Đợt cấp hen suyễn,DiseaseSubtype,C0340066,,0.9,1,2,đặc biệt là để quản lý các đợt cấp dựa trên lưu lượng đỉnh cá nhân tốt nhất của bệnh nhân,henphequan.txt
Lưu lượng đỉnh cá nhân tốt nhất,Test,C4285560,,DIAGNOSES,Đợt cấp hen suyễn,DiseaseSubtype,C0340066,,0.9,1,2,đặc biệt là để quản lý các đợt cấp dựa trên lưu lượng đỉnh cá nhân tốt nhất của bệnh nhân,henphequan.txt
Lượng natri cao,RiskFactor,,,INCREASES_RISK_OF,Tăng huyết áp tiên phát,DiseaseSubtype,C0085580,,0.95,1,2,"tuy nhiên, ở những bệnh nhân trên 65 tuổi, lượng natri cao có nhiều khả năng gây tăng huyết áp.",01_tanghuyetap.txt
Lạm dụng thuốc bất hợp pháp,RiskFactor,C0281875,,INCREASES_RISK_OF,Bệnh phổi tắc nghẽn mạn tính,Disease,C0024117,,0.96,2,2,"Các bệnh lý hệ thống có thể có một phần hạn chế luồng khí gợi ý COPD; các bệnh lý này bao gồm nhiễm HIV, lạm dụng các loại thuốc bất hợp pháp (đặc biệt là cocaine và amphetamine), bệnh sarcoid, hội chứng Sjögren, viêm tiểu phế quản tắc nghẽn, bệnh u cơ trơn mạch bạch huyết và u hạt do tăng bạch cầu ái toan.",01_copd.txt
Lạm dụng thuốc bất hợp pháp,RiskFactor,C0281875,,INCREASES_RISK_OF,Giới hạn luồng không khí,DiseaseSubtype,C0024117,,0.96,2,2,"Các bệnh lý hệ thống có thể có một phần hạn chế luồng khí gợi ý COPD; các bệnh lý này bao gồm nhiễm HIV, lạm dụng các loại thuốc bất hợp pháp (đặc biệt là cocaine và amphetamine), bệnh sarcoid, hội chứng Sjögren, viêm tiểu phế quản tắc nghẽn, bệnh u cơ trơn mạch bạch huyết và u hạt do tăng bạch cầu ái toan.",01_copd.txt
Metformin,Drug,C0025598,,TREATS,Đái tháo đường,Disease,C0011849,,0.99,3,2,"Metformin an toàn, tiết kiệm chi phí và có bằng chứng mạnh mẽ nhất về việc ngăn ngừa bệnh tiểu đường.",01_daithaoduong.txt
Metformin,Drug,C0025598,,TREATS,Đái tháo đường loại 2,DiseaseSubtype,C0011860,,0.99,3,2,sau đó dùng thuốc hạ đường huyết không insulin (thường là metformin) nếu thay đổi lối sống không đủ.,01_daithaoduong.txt
Mục tiêu giảm MAP: 20% - 25% trong 1-2 giờ,Measurement,,Thông số: MAP (Mean Arterial Pressure); min_value: 20; max_value: 25; time_frame: 1-2 giờ,DEFINES_THRESHOLD_FOR,Tăng huyết áp cấp cứu,DiseaseSubtype,C0745136,,0.985,2,2,nhìn chung giảm 20% đến 25% MAP trong khoảng một hoặc hai giờ là phù hợp,02_thuocdieutri.txt
Mục tiêu giảm MAP: 20% - 25% trong 1-2 giờ,Measurement,,Thông số: MAP (Mean Arterial Pressure); min_value: 20; max_value: 25; time_frame: 1-2 giờ,DEFINES_THRESHOLD_FOR,Tăng huyết áp nặng: Huyết áp tâm thu >= 180 mmHg hoặc huyết áp tâm trương >= 120 mmHg,Measurement,C0745136,Thông số: Tăng huyết áp nặng; Huyết áp 180/120 mmHg,0.985,2,2,nhìn chung giảm 20% đến 25% MAP trong khoảng một hoặc hai giờ là phù hợp,02_thuocdieutri.txt
Mức FeNO > 50 ppb,Measurement,,Thông số: FeNO; Giá trị: >50 ppb,DEFINES_THRESHOLD_FOR,Hen suyễn,Disease,C0004096,,0.99,2,2,"Mức FeNO > 50 ppb phù hợp với tình trạng viêm đường hô hấp do dị ứng, hỗ trợ chẩn đoán hen suyễn.",henphequan.txt
Mức HDL cholesterol: < 35 mg/dL (0.9 mmol/L),Measurement,,Thông số: Mức HDL cholesterol; Giá trị: > 250 mg/dL; alternative_value: 2.8; alternative_unit: mmol/L; alt_value: > 2.8; alt_unit: mmol/L,DEFINES_THRESHOLD_FOR,Rối loạn lipid máu,Disease,C0242339,,0.99,2,2,"Rối loạn lipid máu (cholesterol lipoprotein mật độ cao [HDL] < 35 mg / dL [0,9 mmol / L] hoặc mức chất béo trung tính > 250 mg / dL [2,8 mmol / L])",01_daithaoduong.txt
Mức lọc cầu thận < 30 mL/phút,Measurement,,Thông số: Mức lọc cầu thận; Giá trị: <30 mL/phút,DEFINES_THRESHOLD_FOR,Bệnh thận mạn tính giai đoạn 4,DiseaseSubtype,C2317473,,0.99,2,2,chlorthalidone đã được chứng minh là có hiệu quả trong việc cải thiện huyết áp trên bệnh nhân có mức lọc cầu thận < 30 mL/phút.,02_thuocdieutri.txt
NSAID,DrugClass,C0003211,,TREATS,Hen nhạy cảm aspirin,DiseaseSubtype,C3853540,,0.99,2,2,Việc điều trị đầu tiên cho hen nhạy cảm aspirin là tránh aspirin và NSAID khác.,henphequan.txt
"Na+, K+-ATPase",Mechanism,C1149024,,PART_OF_MECHANISM,Norepinephrine,Mechanism,C0028351,,0.99,2,2,"Bởi vì bơm Na+, K+-ATPase có thể bơm norepinephrine trở lại các tế bào thần kinh giao cảm (do đó bất hoạt chất dẫn truyền thần kinh này), sự ức chế cơ chế này cũng có thể làm tăng tác dụng của norepinephrine, gây tăng huyết áp.",01_tanghuyetap.txt
"Na+, K+-ATPase",Mechanism,C1149024,,UNDERLIES,Tăng huyết áp,Disease,C0020538,,0.99,2,2,"Trong nhiều trường hợp tăng huyết áp, quá trình vận chuyển natri qua màng tế bào mạch máu trở nên bất thường vì bơm natri-kali (Na+, K+-ATPase) bị khiếm khuyết hoặc bị ức chế",01_tanghuyetap.txt
Nam giới,RiskFactor,C1706180,,INCREASES_RISK_OF,Tăng huyết áp ẩn,DiseaseSubtype,C3178811,,0.99,2,2,Nhóm bệnh nhân này có thể chiếm từ 10% đến 30% dân số trưởng thành và phổ biến hơn ở nam giới,01_tanghuyetap.txt
Nghiệm pháp giãn phế quản,Test,,,DIAGNOSES,Rối loạn thông khí tắc nghẽn,Disease,C0746984,,0.99,2,2,"xác định mức độ hồi phục của rối loạn thông khí tắc nghẽn (ví dụ, bằng cách dùng thử corticosteroid hít trong 2 tới 3 tuần hoặc thử nghiệm chức năng hô hấp với nghiệm pháp giãn phế quản).",henphequan.txt
Nghiệm pháp gắng sức,Test,C0015260,,DIAGNOSES,Bệnh lý tim mạch,Complication,C0007222,,0.99,2,2,Bệnh nhân đã biết hoặc nghi ngờ bệnh tim mạch có thể có lợi ích từ bài tập kiểm tra stress trước khi bắt đầu chương trình luyện tập.,01_daithaoduong.txt
Nghiệm pháp gắng sức,Test,C0015260,,DIAGNOSES,Bệnh tim mạch,Disease,C0007222,,0.99,2,2,Bệnh nhân đã biết hoặc nghi ngờ bệnh tim mạch có thể có lợi ích từ bài tập kiểm tra stress trước khi bắt đầu chương trình luyện tập.,01_daithaoduong.txt
Nghiệm pháp kích thích methacholine,Test,C3174375,,DIAGNOSES,Hen suyễn,Disease,C0004096,,0.99,2,2,"Nếu nghi ngờ hen, sắp xếp kiểm tra chức năng hô hấp, với nghiệm pháp kích thích bằng methacholine nếu cần.",henphequan.txt
Nghiệm pháp kích thích phế quản,Test,C0006265,,DIAGNOSES,Hen suyễn,Disease,C0004096,,0.95,1,2,"Nghiệm pháp kích thích, trong đó metacholine dạng hít (hoặc các thuốc thay thế như histamin hít, adenosine hoặc bradykinin, hoặc nghiệm pháp tập gắng sức) được dùng để gây co thắt phế quản, được chỉ định cho những bệnh nhân bị nghi ngờ mắc bệnh hen suyễn có kết quả đo chức năng hô hấp và biểu đồ lưu lượng thể tích bình thường và cho bệnh nhân nghi ngờ bị hen suyễn thể ho, nếu không có chống chỉ định.",henphequan.txt
Nguyên nhân thứ phát,Cause,C3262233,,CAUSES,Tăng huyết áp kháng trị,DiseaseSubtype,C1834155,,0.95,1,2,Nguyên nhân thứ phát gây tăng huyết áp phải được loại trừ khi đánh giá tình trạng tăng huyết áp kháng trị.,01_tanghuyetap.txt
Nguyên nhân thứ phát gây tăng huyết áp,Cause,C0155616,,CAUSES,Tăng huyết áp kháng trị,DiseaseSubtype,C1834155,,0.8,1,2,Nguyên nhân thứ phát gây tăng huyết áp phải được loại trừ khi đánh giá tình trạng tăng huyết áp kháng trị.,01_tanghuyetap.txt
Nguyên nhân xác định,Cause,,,CAUSES,Nguyên nhân thứ phát gây tăng huyết áp,Cause,C0155616,,0.99,2,2,Thứ phát (một nguyên nhân được xác định),01_tanghuyetap.txt
Nguyên nhân xác định,Cause,,,CAUSES,Tăng huyết áp thứ phát,DiseaseSubtype,C0155616,,0.99,2,2,Thứ phát (một nguyên nhân được xác định),01_tanghuyetap.txt
Ngưng thở khi ngủ,Cause,C0037315,,CAUSES,Nguyên nhân thứ phát gây tăng huyết áp,Cause,C0155616,,0.99,2,2,"Ngưng thở khi ngủ, bệnh thận mạn tính hoặc hẹp động mạch thận là những nguyên nhân khác gây tăng huyết áp thứ phát.",01_tanghuyetap.txt
Ngưng thở khi ngủ,Cause,C0037315,,CAUSES,Tăng huyết áp thứ phát,DiseaseSubtype,C0155616,,0.99,2,2,"Ngưng thở khi ngủ, bệnh thận mạn tính hoặc hẹp động mạch thận là những nguyên nhân khác gây tăng huyết áp thứ phát.",01_tanghuyetap.txt
Ngưng thở khi ngủ do tắc nghẽn,Cause,C0520679,,INCREASES_RISK_OF,Hen suyễn,Disease,C0004096,,0.99,2,2,"Trước khi liệu pháp được tăng cường, việc tuân thủ, tiếp xúc với các yếu tố môi trường (ví dụ: tiếp xúc với chất kích thích) và sự hiện diện của các bệnh kèm theo (ví dụ: béo phì, viêm mũi dị ứng, bệnh trào ngược dạ dày thực quản, bệnh phổi tắc nghẽn mạn tính, ngưng thở khi ngủ do tắc nghẽn, rối loạn chức năng dây thanh âm, sử dụng cocaine dạng hít).",henphequan.txt
Người da đen không phải gốc Tây Ban Nha,RiskFactor,,,INCREASES_RISK_OF,Tăng huyết áp ẩn,DiseaseSubtype,C3178811,,0.99,2,2,"Nhóm bệnh nhân này có thể chiếm từ 10% đến 30% dân số trưởng thành và phổ biến hơn ở nam giới, người da đen không phải gốc Tây Ban Nha và những người mắc bệnh tiểu đường.",01_tanghuyetap.txt
Ngưỡng biến thiên PEF trong ngày: > 20%,Measurement,,Thông số: Biến thiên PEF trong ngày; Giá trị: >20 %,DEFINES_THRESHOLD_FOR,Không ổn định đường thở,DiseaseSubtype,,,0.95,1,2,Sự biến thiên trong ngày > 20% cho thấy sự không ổn định đường thở,henphequan.txt
"Ngưỡng tăng huyết áp nặng: HA tâm thu > 200 mmHg, HA tâm trương > 100 mmHg",Measurement,,Thông số: Huyết áp; Huyết áp 200/100,DEFINES_THRESHOLD_FOR,Tăng huyết áp nặng,DiseaseSubtype,C5395247,,0.99,1,2,tăng huyết áp nặng (HA tâm thu > 200 mm Hg; HA tâm trương > 100 mm Hg).,henphequan.txt
Ngưỡng tăng đường huyết không ổn định: > 250 - 300 mg/dL (13.9 - 16.7 mmol/L),Measurement,,Thông số: Ngưỡng tăng đường huyết không ổn định; range_mg_dl: 250-300; range_mmol_l: 13.9-16.7,DEFINES_THRESHOLD_FOR,Tăng đường huyết,DiseaseSubtype,C0020456,,0.95,1,2,"tăng đường huyết không ổn định (> 250 đến 300 mg/dL [13,9 đến 16,7 mmol/L])",01_daithaoduong.txt
Nhiễm HIV,Disease,C0019693,,INCREASES_RISK_OF,Bệnh phổi tắc nghẽn mạn tính,Disease,C0024117,,0.96,2,2,Các bệnh lý hệ thống có thể có một phần hạn chế luồng khí gợi ý COPD; các bệnh lý này bao gồm nhiễm HIV,01_copd.txt
Nhiễm HIV,Disease,C0019693,,INCREASES_RISK_OF,Giới hạn luồng không khí,DiseaseSubtype,C0024117,,0.96,2,2,Các bệnh lý hệ thống có thể có một phần hạn chế luồng khí gợi ý COPD; các bệnh lý này bao gồm nhiễm HIV,01_copd.txt
Nhiễm trùng,Cause,C3714514,,CAUSES,Đái tháo đường không ổn định,DiseaseSubtype,C0342302,,0.99,2,2,Nguyên nhân khác khiến nồng độ glucose trong huyết tương không ổn định gồm nhiễm trùng,01_daithaoduong.txt
Nhiễm trùng đường hô hấp,Disease,C0035243,,LEADS_TO,Phá hủy phổi,Complication,C3472385,,0.99,2,2,Nhiễm trùng đường hô hấp (bệnh mà bệnh nhân COPD dễ mắc phải) có thể làm tăng tiến triển tình trạng phá hủy phổi.,01_copd.txt
Nhiễm trùng đường hô hấp trên,Disease,C0041912,,INCREASES_RISK_OF,Hen suyễn,Disease,C0004096,,0.9,1,2,"Ở trẻ lớn hơn và người lớn, nhiễm trùng đường hô hấp trên (đặc biệt với rhinovirus) và viêm phổi là các yếu tố gây khởi phát phổ biến.",henphequan.txt
Nhiễm trùng đường hô hấp trên do virus,RiskFactor,C0339916,,INCREASES_RISK_OF,Bệnh hen do tập luyện,Disease,C0004099,,0.9,1,2,Hạn chế tiếp xúc với người có nhiễm trùng đường hô hấp trên do virus cũng rất quan trọng.,henphequan.txt
Nhiễm trùng đường hô hấp trên do virus,RiskFactor,C0339916,,INCREASES_RISK_OF,Hen do gắng sức,DiseaseSubtype,C0004099,,0.9,1,2,Hạn chế tiếp xúc với người có nhiễm trùng đường hô hấp trên do virus cũng rất quan trọng.,henphequan.txt
Nhiễm độc giáp,Cause,C0040156,,CAUSES,Tăng huyết áp tâm thu đơn độc,DiseaseSubtype,C0745133,,0.985,2,2,"Một số rối loạn làm tăng CO (ví dụ: nhiễm độc giáp, rò động-tĩnh mạch, hở van động mạch chủ), đặc biệt khi thể tích nhát bóp tăng lên, gây tăng huyết áp tâm thu đơn độc.",01_tanghuyetap.txt
Nhân tố môi trường,Cause,C0686732,,CAUSES,Hen suyễn,Disease,C0004096,,0.99,2,2,Nhân tố môi trường là nguyên nhân của hen có thể bao gồm những yếu tố sau:,henphequan.txt
Nhạy cảm với bọ ve trong nhà,RiskFactor,,,INCREASES_RISK_OF,Hen suyễn,Disease,C0004096,,0.99,2,2,"Giới nữ, hút thuốc, tuổi dậy thì sớm, nhạy cảm với bọ ve trong nhà là những yếu tố nguy cơ cho hen kéo dài và tái phát.",henphequan.txt
Nicardipine,Drug,C0028005,,TREATS,Tăng huyết áp cấp cứu,DiseaseSubtype,C0745136,,0.99,4,2,"Giảm huyết áp động mạch trung bình khoảng 20 đến 25% trong giờ đầu tiên bằng cách sử dụng thuốc theo đường tĩnh mạch có thể chuẩn độ, tác dụng ngắn như clevidipine, nitroglycerin, fenoldopam, nicardipine hoặc labetalol.",02_thuocdieutri.txt
Nicardipine,Drug,C0028005,,TREATS,Tăng huyết áp nặng: Huyết áp tâm thu >= 180 mmHg hoặc huyết áp tâm trương >= 120 mmHg,Measurement,C0745136,Thông số: Tăng huyết áp nặng; Huyết áp 180/120 mmHg,0.99,4,2,"Giảm huyết áp động mạch trung bình khoảng 20 đến 25% trong giờ đầu tiên bằng cách sử dụng thuốc theo đường tĩnh mạch có thể chuẩn độ, tác dụng ngắn như clevidipine, nitroglycerin, fenoldopam, nicardipine hoặc labetalol.",02_thuocdieutri.txt
Nicardipine,Drug,C0028005,,TREATS,Tăng huyết áp sau phẫu thuật,DiseaseSubtype,C0919726,,0.99,2,2,Nicardipine thường được sử dụng cho cao huyết áp sau mổ và trong thai kỳ.,02_thuocdieutri.txt
Nitrat cao trong nước uống,RiskFactor,,,INCREASES_RISK_OF,Đái tháo đường loại 1,DiseaseSubtype,C0011854,,0.95,1,2,"Việc trẻ sơ sinh tiếp xúc với các sản phẩm từ sữa (đặc biệt là sữa bò và protein beta casein trong sữa), lượng nitrat cao trong nước uống và mức tiêu thụ vitamin D thấp có liên quan đến việc tăng nguy cơ mắc bệnh tiểu đường loại 1.",01_daithaoduong.txt
Nitrat trong nước uống,RiskFactor,,,INCREASES_RISK_OF,Đái tháo đường loại 1,DiseaseSubtype,C0011854,,0.9,1,2,"Việc trẻ sơ sinh tiếp xúc với các sản phẩm từ sữa (đặc biệt là sữa bò và protein beta casein trong sữa), lượng nitrat cao trong nước uống và mức tiêu thụ vitamin D thấp có liên quan đến việc tăng nguy cơ mắc bệnh tiểu đường loại 1.",01_daithaoduong.txt
Nitroglycerin,Drug,C0017887,,TREATS,Nhồi máu cơ tim cấp,Disease,C0155626,,0.99,4,2,"Nó có thể được sử dụng để kiểm soát tăng huyết áp trong và sau phẫu thuật bắc cầu động mạch vành, nhồi máu cơ tim cấp, đau thắt ngực không ổn định và phù phổi cấp.",02_thuocdieutri.txt
Nitroglycerin,Drug,C0017887,,TREATS,Nhồi máu cơ tim cấp tính,Complication,C0155626,,0.99,4,2,"Nó có thể được sử dụng để kiểm soát tăng huyết áp trong và sau phẫu thuật bắc cầu động mạch vành, nhồi máu cơ tim cấp, đau thắt ngực không ổn định và phù phổi cấp.",02_thuocdieutri.txt
Nitroglycerin,Drug,C0017887,,TREATS,Phù phổi cấp,Disease,C0155919,,0.99,4,2,"Nó có thể được sử dụng để kiểm soát tăng huyết áp trong và sau phẫu thuật bắc cầu động mạch vành, nhồi máu cơ tim cấp, đau thắt ngực không ổn định và phù phổi cấp.",02_thuocdieutri.txt
Nitroglycerin,Drug,C0017887,,TREATS,Tăng huyết áp,Disease,C0020538,,0.99,2,2,"Nó có thể được sử dụng để kiểm soát tăng huyết áp trong và sau phẫu thuật bắc cầu động mạch vành, nhồi máu cơ tim cấp, đau thắt ngực không ổn định và phù phổi cấp.",02_thuocdieutri.txt
Nitroglycerin,Drug,C0017887,,TREATS,Tăng huyết áp cấp cứu,DiseaseSubtype,C0745136,,0.99,2,2,"Giảm huyết áp động mạch trung bình khoảng 20 đến 25% trong giờ đầu tiên bằng cách sử dụng thuốc theo đường tĩnh mạch có thể chuẩn độ, tác dụng ngắn như clevidipine, nitroglycerin, fenoldopam, nicardipine hoặc labetalol.",02_thuocdieutri.txt
Nitroglycerin,Drug,C0017887,,TREATS,Tăng huyết áp nặng: Huyết áp tâm thu >= 180 mmHg hoặc huyết áp tâm trương >= 120 mmHg,Measurement,C0745136,Thông số: Tăng huyết áp nặng; Huyết áp 180/120 mmHg,0.99,2,2,"Giảm huyết áp động mạch trung bình khoảng 20 đến 25% trong giờ đầu tiên bằng cách sử dụng thuốc theo đường tĩnh mạch có thể chuẩn độ, tác dụng ngắn như clevidipine, nitroglycerin, fenoldopam, nicardipine hoặc labetalol.",02_thuocdieutri.txt
Nitroglycerin,Drug,C0017887,,TREATS,Đau thắt ngực không ổn định,Disease,C0002965,,0.99,3,2,"Nó có thể được sử dụng để kiểm soát tăng huyết áp trong và sau phẫu thuật bắc cầu động mạch vành, nhồi máu cơ tim cấp, đau thắt ngực không ổn định và phù phổi cấp.",02_thuocdieutri.txt
Nitroprusside,Drug,C0028193,,TREATS,Bóc tách động mạch chủ,Disease,C0340643,,0.99,4,2,"Nitroprusside cũng được sử dụng cho bệnh não do tăng huyết áp, và với thuốc chẹn beta, cho bệnh nhân tách thành động mạch chủ.",02_thuocdieutri.txt
Nitroprusside,Drug,C0028193,,TREATS,Bệnh não do tăng huyết áp,Disease,C0151620,,0.99,2,2,Nitroprusside cũng được sử dụng cho bệnh não do tăng huyết áp,02_thuocdieutri.txt
Nitroprusside,Drug,C0028193,,TREATS,Bệnh não tăng huyết áp,Complication,C0151620,,0.99,2,2,Nitroprusside cũng được sử dụng cho bệnh não do tăng huyết áp,02_thuocdieutri.txt
Nitroprusside,Drug,C0028193,,TREATS,Suy tim mất bù cấp tính,Disease,,,0.99,4,2,Thuốc này chủ yếu được sử dụng cho những bệnh nhân bị suy tim mất bù cấp tính và tăng huyết áp.,02_thuocdieutri.txt
Nitroprusside,Drug,C0028193,,TREATS,Tăng huyết áp,Disease,C0020538,,0.99,1,2,Thuốc này chủ yếu được sử dụng cho những bệnh nhân bị suy tim mất bù cấp tính và tăng huyết áp.,02_thuocdieutri.txt
Nitroprusside,Drug,C0028193,,TREATS,Tăng huyết áp cấp cứu,DiseaseSubtype,C0745136,,0.99,2,2,"Các loại thuốc điều trị bước đầu thông thường bao gồm nitroprusside, fenoldopam, nicardipine và labetalol .",02_thuocdieutri.txt
Nitroprusside,Drug,C0028193,,TREATS,Tăng huyết áp nặng: Huyết áp tâm thu >= 180 mmHg hoặc huyết áp tâm trương >= 120 mmHg,Measurement,C0745136,Thông số: Tăng huyết áp nặng; Huyết áp 180/120 mmHg,0.99,2,2,"Các loại thuốc điều trị bước đầu thông thường bao gồm nitroprusside, fenoldopam, nicardipine và labetalol .",02_thuocdieutri.txt
Nitơ oxit,Cause,C0028167,,CAUSES,Hen kích ứng,Disease,,,0.9,1,2,"Hen kích ứng đề cập đến một phản ứng tương tự, dai dẳng giống như hen sau khi tiếp xúc nhiều lần hoặc mạn tính với các chất kích thích tương tự.",henphequan.txt
Norepinephrine,Mechanism,C0028351,,UNDERLIES,Tăng huyết áp,Disease,C0020538,,0.99,2,2,"sự ức chế cơ chế này cũng có thể làm tăng tác dụng của norepinephrine, gây tăng huyết áp.",01_tanghuyetap.txt
Nồng độ alpha-1 antitrypsin,Test,C0201856,,DIAGNOSES,Thiếu alpha-1 antitrypsin,Cause,C0221757,,0.99,2,2,Nên đo nồng độ alpha-1 antitrypsin ở bệnh nhân < 50 tuổi bị COPD có triệu chứng và ở bệnh nhân thuộc mọi lứa tuổi bị COPD không hút thuốc để phát hiện tình trạng thiếu hụt alpha-1 antitrypsin.,01_copd.txt
Nồng độ alpha-1 antitrypsin,Test,C0201856,,DIAGNOSES,Thiếu hụt alpha-1 antitrypsin,DiseaseSubtype,C0221757,,0.99,2,2,Nên đo nồng độ alpha-1 antitrypsin ở bệnh nhân < 50 tuổi bị COPD có triệu chứng và ở bệnh nhân thuộc mọi lứa tuổi bị COPD không hút thuốc để phát hiện tình trạng thiếu hụt alpha-1 antitrypsin.,01_copd.txt
Nồng độ natri và canxi nội bào,Mechanism,,,PART_OF_MECHANISM,Kích thích thần kinh giao cảm,Mechanism,C0038996,,0.99,2,2,"Kết quả là lượng natri và canxi nội bào tăng lên, khiến tế bào nhạy cảm hơn với kích thích thần kinh giao cảm.",01_tanghuyetap.txt
OGTT,Test,C0029161,,DIAGNOSES,Không dung nạp glucose,DiseaseSubtype,C0271650,,0.99,2,2,OGTT là nhạy hơn cho chẩn đoán đái tháo đường và rối loạn dung nạp glucose,01_daithaoduong.txt
OGTT,Test,C0029161,,DIAGNOSES,Đái tháo đường,Disease,C0011849,,0.99,2,2,OGTT là nhạy hơn cho chẩn đoán đái tháo đường và rối loạn dung nạp glucose,01_daithaoduong.txt
OGTT,Test,C0029161,,DIAGNOSES,Đái tháo đường thai kỳ,DiseaseSubtype,C0085207,,0.99,2,2,"Do đó hiếm khi sử dụng để theo dõi thường xuyên, trừ khi chẩn đoán đái tháo đường thai kì và mục đích nghiên cứu.",01_daithaoduong.txt
OGTT 75g,Measurement,,Thông số: Chỉ số OGTT 75g; glucose_load: 75 g; time_point: 2 giờ; time: 2 giờ,DIAGNOSES,Đái tháo đường,Disease,C0011849,,0.99,2,2,"Những người >= 35 tuổi và tất cả người lớn có các yếu tố nguy cơ bổ sung được mô tả ở trên nên được sàng lọc bệnh tiểu đường với mức FPG, HbA1C hoặc giá trị 2 giờ khi OGTT 75 g ít nhất 3 năm một lần miễn là glucose huyết tương các chỉ số đo là bình thường và ít nhất là hàng năm nếu kết quả cho thấy nồng độ đường huyết lúc đói bị suy giảm .",01_daithaoduong.txt
Orlistat,Drug,C0076275,,TREATS,Đái tháo đường,Disease,C0011849,,0.8,1,2,"Orlistat, thuốc ức chế lipase tại ruột, giảm hấp thu thức ăn chứa mỡ ; thuốc giảm nồng độ lipid huyết thanh và thúc đẩy giảm cân.",01_daithaoduong.txt
Oxit nitric,Mechanism,C0028128,,UNDERLIES,Nhạy cảm với muối,DiseaseSubtype,C0600534,,0.9,1,2,tình trạng giảm này góp phần gây nhạy cảm với muối,01_tanghuyetap.txt
Oxit nitric,Mechanism,C0028128,,UNDERLIES,Tăng huyết áp,Disease,C0020538,,0.9,1,2,"Thiếu hụt chất giãn mạch (ví dụ: bradykinin, oxit nitric), thay vì sự dư thừa chất co mạch (ví dụ: angiotensin, norepinephrine), có thể gây tăng huyết áp.",01_tanghuyetap.txt
Oxit nitric thở ra (FeNO),Mechanism,C5445160,,DIAGNOSES,Hen suyễn,Disease,C0004096,,0.99,4,2,Phép đo nitric oxide theo phân đoạn thở ra đã được đề xuất như một phương pháp hỗ trợ trong việc đánh giá mức độ kiểm soát hen suyễn,henphequan.txt
Oxit nitric thở ra (FeNO),Mechanism,C5445160,,UNDERLIES,Viêm do dị ứng (T2),DiseaseSubtype,,,0.99,2,2,"T2, hoặc viêm do dị ứng, thường được đặc trưng bởi tăng oxit nitric thở ra (FeNO)",henphequan.txt
Phentermine/Topiramate,Drug,C3475162,,TREATS,Đái tháo đường,Disease,C0011849,,0.8,1,2,Phentermine/topiramate là một loại thuốc phối hợp làm giảm cảm giác thèm ăn thông qua nhiều cơ chế trong não.,01_daithaoduong.txt
Phá hủy giường mao mạch phổi,Mechanism,,,UNDERLIES,Tăng áp động mạch phổi,DiseaseSubtype,C2973725,,0.9,1,2,Tăng áp lực mạch máu phổi có thể tăng lên do sự phá huỷ của giường mao mạch phổi,01_copd.txt
Phác đồ 2 loại thuốc,Treatment,,,TREATS,Tăng huyết áp,Disease,C0020538,,0.99,2,2,"Nếu không đạt được huyết áp mục tiêu bằng 2 loại thuốc, một loại thuốc thứ ba trong số các loại thuốc ban đầu sẽ được thêm vào.",01_tanghuyetap.txt
Phác đồ >= 4 loại thuốc hạ huyết áp,Treatment,,Thông số: Số lượng thuốc; min_value: 4,TREATS,Tăng huyết áp kháng trị,DiseaseSubtype,C1834155,,0.95,1,2,"Đối với tăng huyết áp kháng trị (huyết áp vẫn cao hơn mục tiêu mặc dù sử dụng 3 loại thuốc hạ huyết áp khác nhau), thường cần từ 4 loại thuốc trở lên.",01_tanghuyetap.txt
Phân loại mức độ nghiêm trọng của bệnh hen suyễn,Guideline,,,CLASSIFIES,Mức độ nặng của bệnh,DiseaseSubtype,C3494263,,0.99,2,2,"Mức độ nặng là cường độ thực chất của quá trình bệnh (nghĩa là xấu đến mức nào, xem bảng Phân loại mức độ nghiêm trọng của bệnh hen suyễn).",henphequan.txt
Phân tích nước tiểu,Test,C0042014,,DIAGNOSES,Tăng huyết áp,Disease,C0020538,,0.99,2,2,"Các xét nghiệm có thể bao gồm Phân tích nước tiểu và tỷ lệ albumin/creatinin niệu; nếu bất thường, cân nhắc siêu âm thận",01_tanghuyetap.txt
Phân tích nước tiểu,Test,C0042014,,DIAGNOSES,Tăng huyết áp cấp cứu,DiseaseSubtype,C0745136,,0.99,2,2,"Chẩn đoán bằng cách đo huyết áp, ECG, phân tích nước tiểu, đo điện giải và creatinine trong huyết thanh.",02_thuocdieutri.txt
Phân tích nước tiểu,Test,C0042014,,DIAGNOSES,Tăng huyết áp nặng: Huyết áp tâm thu >= 180 mmHg hoặc huyết áp tâm trương >= 120 mmHg,Measurement,C0745136,Thông số: Tăng huyết áp nặng; Huyết áp 180/120 mmHg,0.99,2,2,"Chẩn đoán bằng cách đo huyết áp, ECG, phân tích nước tiểu, đo điện giải và creatinine trong huyết thanh.",02_thuocdieutri.txt
Phì đại thất phải,DiseaseSubtype,C0162770,,IS_SUBTYPE_OF,Bệnh tâm phế,Disease,C0034072,,0.95,1,2,Phì đại thất phải xảy ra trong bệnh tâm phế,01_copd.txt
Phù não,Complication,C0006114,,AFFECTS_ORGAN,Não,Organ,C0006104,,0.95,1,2,"Kết quả là máu với áp suất rất cao được đẩy trực tiếp vào mao mạch khiến huyết tương rò rỉ vào trong não, gây phù não",02_thuocdieutri.txt
Phản ứng đường thở từ trước,RiskFactor,,,INCREASES_RISK_OF,Bệnh phổi tắc nghẽn mạn tính,Disease,C0024117,,0.9,1,2,"Những người hút thuốc và có phản ứng đường thở từ trước (được xác định bằng mức độ nhạy cảm tăng lên với methacholine dạng hít), ngay cả khi không có hen suyễn trên lâm sàng, có nguy cơ mắc bệnh COPD cao hơn những người không mắc bệnh.",01_copd.txt
Phản ứng đường thở từ trước,RiskFactor,,,INCREASES_RISK_OF,Giới hạn luồng không khí,DiseaseSubtype,C0024117,,0.9,1,2,"Những người hút thuốc và có phản ứng đường thở từ trước (được xác định bằng mức độ nhạy cảm tăng lên với methacholine dạng hít), ngay cả khi không có hen suyễn trên lâm sàng, có nguy cơ mắc bệnh COPD cao hơn những người không mắc bệnh.",01_copd.txt
Phẫu thuật bắc cầu dạ dày,Treatment,,,TREATS,Đái tháo đường,Disease,C0011849,,0.95,1,2,"Điều trị béo phì bằng phẫu thuật, chẳng hạn như cắt vạt dạ dày hoặc bắc cầu dạ dày, cũng dẫn đến giảm cân và cải thiện việc kiểm soát glucose (không phụ thuộc vào giảm cân) và giảm nguy cơ tim mạch ở bệnh nhân đái tháo đường",01_daithaoduong.txt
Phẫu thuật chuyển hóa,Treatment,C1456587,,TREATS,Đái tháo đường,Disease,C0011849,,0.99,2,2,"Ở những bệnh nhân béo phì, liệu pháp dược lý để giảm cân, thiết bị y tế và phẫu thuật giảm cân có thể được sử dụng như biện pháp hỗ trợ cho chế độ ăn kiêng và hoạt động thể chất (xem giảm cân trong bệnh tiểu đường).",01_daithaoduong.txt
Phẫu thuật cắt dạ dày hình ống,Treatment,C1960816,,TREATS,Đái tháo đường,Disease,C0011849,,0.95,1,2,"Điều trị béo phì bằng phẫu thuật, chẳng hạn như cắt vạt dạ dày hoặc bắc cầu dạ dày, cũng dẫn đến giảm cân và cải thiện việc kiểm soát glucose (không phụ thuộc vào giảm cân) và giảm nguy cơ tim mạch ở bệnh nhân đái tháo đường",01_daithaoduong.txt
Phẫu thuật mạch thận,Treatment,,,TREATS,Tăng huyết áp,Disease,C0020538,,0.9,1,2,các phương pháp điều trị các nguyên nhân thứ phát (ví dụ phẫu thuật mạch thận) để khôi phục lại huyết áp bình thường,01_tanghuyetap.txt
Phục hồi chức năng hô hấp,Treatment,C0199529,,TREATS,Bệnh phổi tắc nghẽn mạn tính,Disease,C0024117,,0.99,1,2,"Phục hồi chức năng hô hấp bao gồm đào tạo tập thể dục có cấu trúc và giám sát, tư vấn dinh dưỡng, và giáo dục tự quản lý.",01_copd.txt
Phục hồi chức năng hô hấp,Treatment,C0199529,,TREATS,Giới hạn luồng không khí,DiseaseSubtype,C0024117,,0.99,1,2,"Phục hồi chức năng hô hấp bao gồm đào tạo tập thể dục có cấu trúc và giám sát, tư vấn dinh dưỡng, và giáo dục tự quản lý.",01_copd.txt
Point-of-care HbA1c test,Measurement,,Thông số: Chỉ số Point-of-care HbA1c test,DIAGNOSES,Đái tháo đường,Disease,C0011849,,0.99,2,2,"Không nên sử dụng các chỉ số đo HbA1C đầu ngón tại giường cho mục đích chẩn đoán, mặc dù các chỉ số này có thể được sử dụng để theo dõi việc kiểm soát bệnh tiểu đường.",01_daithaoduong.txt
Prostaglandin,Mechanism,C0033554,,UNDERLIES,Co mạch phổi bù trừ,Mechanism,,,0.9,1,2,các cơ chế bù trừ này lại thất bại trong đợt cấp của hen do tác dụng giãn mạch của prostaglandin,henphequan.txt
Protease,Mechanism,C5200997,,AFFECTS_ORGAN,Phổi,Organ,C0024109,,0.9,1,2,"Các protease tại phổi, như elastase của bạch cầu trung tính, metalloproteinase của gian bào, và cathepsin, làm giảm elastin và mô liên kết trong quá trình sửa chữa mô thông thường.",01_copd.txt
Protease,Mechanism,C5200997,,UNDERLIES,Bệnh phổi tắc nghẽn mạn tính,Disease,C0024117,,0.99,1,2,"Ở những bệnh nhân COPD, bạch cầu trung tính được hoạt hóa và các tế bào viêm khác giải phóng proteases như một phần của quá trình viêm; hoạt tính protease vượt quá hoạt tính antiprotease, hậu quả là sự phá hủy mô liên kết và tăng tiết chất nhầy.",01_copd.txt
Protease,Mechanism,C5200997,,UNDERLIES,Giới hạn luồng không khí,DiseaseSubtype,C0024117,,0.99,1,2,"Ở những bệnh nhân COPD, bạch cầu trung tính được hoạt hóa và các tế bào viêm khác giải phóng proteases như một phần của quá trình viêm; hoạt tính protease vượt quá hoạt tính antiprotease, hậu quả là sự phá hủy mô liên kết và tăng tiết chất nhầy.",01_copd.txt
RADS,Disease,C1299633,,HAS_SIGN,Bệnh phổi tắc nghẽn mạn tính,Disease,C0024117,,0.95,1,2,"RADS và hen kích ứng mạn tính có nhiều điểm tương đồng về lâm sàng với hen (ví dụ: thở khò khè, khó thở, ho, có hạn chế luồng khí, tăng đáp ứng phế quản)",henphequan.txt
RADS,Disease,C1299633,,HAS_SIGN,Giới hạn luồng không khí,DiseaseSubtype,C0024117,,0.95,1,2,"RADS và hen kích ứng mạn tính có nhiều điểm tương đồng về lâm sàng với hen (ví dụ: thở khò khè, khó thở, ho, có hạn chế luồng khí, tăng đáp ứng phế quản)",henphequan.txt
RADS,Disease,C1299633,,HAS_SIGN,Hạn chế luồng khí,Sign,C0024117,,0.95,1,2,"RADS và hen kích ứng mạn tính có nhiều điểm tương đồng về lâm sàng với hen (ví dụ: thở khò khè, khó thở, ho, có hạn chế luồng khí, tăng đáp ứng phế quản)",henphequan.txt
RADS,Disease,C1299633,,HAS_SYMPTOM,Ho,Symptom,C0010200,,0.95,1,2,"RADS và hen kích ứng mạn tính có nhiều điểm tương đồng về lâm sàng với hen (ví dụ: thở khò khè, khó thở, ho, có hạn chế luồng khí, tăng đáp ứng phế quản)",henphequan.txt
RADS,Disease,C1299633,,HAS_SYMPTOM,Khó thở,Symptom,C0013404,,0.95,1,2,"RADS và hen kích ứng mạn tính có nhiều điểm tương đồng về lâm sàng với hen (ví dụ: thở khò khè, khó thở, ho, có hạn chế luồng khí, tăng đáp ứng phế quản)",henphequan.txt
RAST,Test,C0034554,,DIAGNOSES,Hen suyễn,Disease,C0004096,,0.9,1,2,Test da và đo IgE dị nguyên đặc hiệu thông qua kiểm tra chất hấp thụ radio (RAST) có thể xác định được các tác nhân gây dị ứng cụ thể.,henphequan.txt
Renin,Mechanism,C0035094,,UNDERLIES,Angiotensin II,Mechanism,C3714928,,0.99,2,2,"Renin, một enzym được hình thành trong phức hợp cận cầu thận, xúc tác quá trình chuyển đổi angiotensinogen thành angiotensin I.",01_tanghuyetap.txt
Retrovirus,Cause,C0035366,,CAUSES,Đái tháo đường loại 1,DiseaseSubtype,C0011854,,0.9,1,2,"Một số loại vi rút (bao gồm coxsackievirus, vi rút rubella, cytomegalovirus, vi rút Epstein-Barr, SARS-CoV-2 (1, 2) và retrovirus) có liên quan đến khởi phát của bệnh tiểu đường loại 1.",01_daithaoduong.txt
Roflumilast,Drug,C0965618,,TREATS,Bệnh phổi tắc nghẽn mạn tính,Disease,C0024117,,0.8,1,2,ví dụ: kê đơn roflimulast/azithromycin cho bệnh nhân có chẩn đoán bằng liệu pháp sinh học điều trị hen suyễn hoặc T2 ở bệnh nhân có chẩn đoán mắc COPD.,henphequan.txt
Roflumilast,Drug,C0965618,,TREATS,Chồng chéo Hen suyễn-COPD,Disease,C4038730,,0.85,1,2,ACO đại diện cho một nhóm nhỏ bệnh nhân hen suyễn (từ 15 đến 35%) và COPD (từ 10 đến 40%) có thể đáp ứng với các loại thuốc không thường được chỉ định cho tình trạng rối loạn tương ứng với chẩn đoán chính của bệnh nhân (ví dụ: kê đơn roflimulast/azithromycin,henphequan.txt
Roflumilast,Drug,C0965618,,TREATS,Giới hạn luồng không khí,DiseaseSubtype,C0024117,,0.8,1,2,ví dụ: kê đơn roflimulast/azithromycin cho bệnh nhân có chẩn đoán bằng liệu pháp sinh học điều trị hen suyễn hoặc T2 ở bệnh nhân có chẩn đoán mắc COPD.,henphequan.txt
Roflumilast,Drug,C0965618,,TREATS,Hạn chế luồng khí,Sign,C0024117,,0.8,1,2,ví dụ: kê đơn roflimulast/azithromycin cho bệnh nhân có chẩn đoán bằng liệu pháp sinh học điều trị hen suyễn hoặc T2 ở bệnh nhân có chẩn đoán mắc COPD.,henphequan.txt
Rò động-tĩnh mạch,Cause,C0003855,,CAUSES,Tăng huyết áp tâm thu đơn độc,DiseaseSubtype,C0745133,,0.9,1,2,"Một số rối loạn làm tăng CO (ví dụ: nhiễm độc giáp, rò động-tĩnh mạch, hở van động mạch chủ), đặc biệt khi thể tích nhát bóp tăng lên, gây tăng huyết áp tâm thu đơn độc.",01_tanghuyetap.txt
Rối loạn chức năng dây thanh âm,Disease,C0859897,,CAUSES,Hen suyễn,Disease,C0004096,,0.98,2,2,"rối loạn chức năng dây thanh âm, một nguyên nhân phổ biến gây tắc nghẽn đường hô hấp trên biểu hiện giống như bệnh hen.",henphequan.txt
Rối loạn chức năng dây thanh âm,Disease,C0859897,,CAUSES,Tắc nghẽn đường hô hấp trên,DiseaseSubtype,C0340101,,0.99,2,2,"rối loạn chức năng dây thanh âm, một nguyên nhân phổ biến gây tắc nghẽn đường hô hấp trên",henphequan.txt
Rối loạn chức năng tế bào nội mô,Mechanism,C0856169,,UNDERLIES,Tăng huyết áp,Disease,C0020538,,0.95,1,2,"Do đó, rối loạn chức năng tế bào nội mô ảnh hưởng lớn đến huyết áp.",01_tanghuyetap.txt
Rối loạn hô hấp ở trẻ em,RiskFactor,,,INCREASES_RISK_OF,Bệnh phổi tắc nghẽn mạn tính,Disease,C0024117,,0.85,1,2,rối loạn hô hấp ở trẻ em cũng góp phần gây nguy cơ bị COPD.,01_copd.txt
Rối loạn hô hấp ở trẻ em,RiskFactor,,,INCREASES_RISK_OF,Giới hạn luồng không khí,DiseaseSubtype,C0024117,,0.85,1,2,rối loạn hô hấp ở trẻ em cũng góp phần gây nguy cơ bị COPD.,01_copd.txt
Rối loạn hệ thần kinh trung ương,Disease,C0007682,,AFFECTS_ORGAN,Hệ thần kinh trung ương,Organ,C3714787,,0.99,2,2,rối loạn hệ thần kinh trung ương (CNS),01_tanghuyetap.txt
SARS-CoV-2,Cause,C5203676,,CAUSES,Đái tháo đường loại 1,DiseaseSubtype,C0011854,,0.9,1,2,"Một số loại vi rút (bao gồm coxsackievirus, vi rút rubella, cytomegalovirus, vi rút Epstein-Barr, SARS-CoV-2 (1, 2) và retrovirus) có liên quan đến khởi phát của bệnh tiểu đường loại 1.",01_daithaoduong.txt
SGLT2 inhibitors,Measurement,,Thông số: Chỉ số SGLT2 inhibitors,TREATS,Bệnh thận mạn tính,Disease,C1561643,,0.95,1,2,"Ở những bệnh nhân mắc bệnh thận mạn tính (2, 3) hoặc suy tim không có chống chỉ định, thuốc ức chế SGLT2 được khuyến nghị",01_daithaoduong.txt
SGLT2 inhibitors,Measurement,,Thông số: Chỉ số SGLT2 inhibitors,TREATS,Bệnh tim mạch do xơ vữa động mạch,Disease,C0004153,,0.95,1,2,"Ở những bệnh nhân mắc bệnh tim mạch do xơ vữa động mạch, thuốc ức chế kênh đồng vận natri/glucose 2 (SGLT2) hoặc thuốc chủ vận thụ thể GLP-1 có thể được khuyến nghị",01_daithaoduong.txt
SGLT2 inhibitors,Measurement,,Thông số: Chỉ số SGLT2 inhibitors,TREATS,Suy tim,Disease,C0018801,,0.95,1,2,"Ở những bệnh nhân mắc bệnh thận mạn tính (2, 3) hoặc suy tim không có chống chỉ định, thuốc ức chế SGLT2 được khuyến nghị",01_daithaoduong.txt
SGLT2 inhibitors,Measurement,,Thông số: Chỉ số SGLT2 inhibitors,TREATS,Xơ vữa động mạch,Mechanism,C0004153,,0.95,1,2,"Ở những bệnh nhân mắc bệnh tim mạch do xơ vữa động mạch, thuốc ức chế kênh đồng vận natri/glucose 2 (SGLT2) hoặc thuốc chủ vận thụ thể GLP-1 có thể được khuyến nghị",01_daithaoduong.txt
Siêu âm thận,Test,C0203408,,DIAGNOSES,Tăng huyết áp,Disease,C0020538,,0.9775,2,2,"nếu bất thường, cân nhắc siêu âm thận",01_tanghuyetap.txt
Siêu âm tim,Test,C0013516,,DIAGNOSES,Bệnh lý van tim,Disease,C0018824,,0.99,2,2,Siêu âm tim thường được chỉ định khi nghi ngờ có bệnh của tâm thất trái hoặc bệnh lý van tim.,01_copd.txt
Siêu âm tim,Test,C0013516,,DIAGNOSES,Bệnh tâm thất trái,Disease,C5686755,,0.99,2,2,Siêu âm tim thường được chỉ định khi nghi ngờ có bệnh của tâm thất trái hoặc bệnh lý van tim.,01_copd.txt
Siêu âm tim,Test,C0013516,,DIAGNOSES,Phì đại thất trái,DiseaseSubtype,C0149721,,0.99,2,2,"Khi quan sát thấy phì đại thất trái trên ECG, siêu âm tim thường sẽ được thực hiện.",01_tanghuyetap.txt
Siêu âm tim,Test,C0013516,,DIAGNOSES,Tăng áp động mạch phổi,DiseaseSubtype,C2973725,,0.99,2,2,Siêu âm tim đôi khi hữu ích để đánh giá chức năng thất phải và tăng áp động mạch phổi,01_copd.txt
Siêu âm tại giường (POCUS),Test,C5396784,,DIAGNOSES,Tràn khí màng phổi,Disease,C0032326,,0.99,2,2,Siêu âm tại giường (POCUS) có thể là một thủ thuật bổ trợ hữu ích để chẩn đoán nhanh viêm phổi hoặc tràn khí màng phổi.,01_copd.txt
Soi đáy mắt,Test,,,DIAGNOSES,Bệnh võng mạc tăng huyết áp độ 1-2,DiseaseSubtype,,,0.9,1,2,"Khám thực thể tập trung vào các cơ quan đích, bao gồm khám thần kinh, soi đáy mắt và khám tim mạch.",02_thuocdieutri.txt
Sulfite,RiskFactor,C0038750,,INCREASES_RISK_OF,Bệnh hen do tập luyện,Disease,C0004099,,0.85,1,2,Các bệnh nhân nhạy cảm với sulfite nên tránh đồ có chứa sulfite,henphequan.txt
Sulfite,RiskFactor,C0038750,,INCREASES_RISK_OF,Hen do gắng sức,DiseaseSubtype,C0004099,,0.85,1,2,Các bệnh nhân nhạy cảm với sulfite nên tránh đồ có chứa sulfite,henphequan.txt
Suy giảm bài tiết insulin,Mechanism,,,UNDERLIES,Đái tháo đường,Disease,C0011849,,0.99,2,2,Đái tháo đường là suy giảm bài tiết insulin,01_daithaoduong.txt
Suy giảm bài tiết insulin,Mechanism,,,UNDERLIES,Đái tháo đường loại 2,DiseaseSubtype,C0011860,,0.99,2,2,"Mặc dù kháng insulin là đặc trưng ở những người mắc bệnh tiểu đường loại 2 và những người có nguy cơ mắc bệnh này, nhưng cũng có bằng chứng về rối loạn chức năng tế bào beta và suy giảm bài tiết insulin tiến triển theo thời gian, bao gồm",01_daithaoduong.txt
Suy giảm chức năng hô hấp,Disease,C0035229,,HAS_SYMPTOM,Triệu chứng mạn tính,Symptom,C4699979,,0.9,1,2,"giảm thiểu sự suy giảm chức năng hô hấp và các nguy cơ, bao gồm ngăn ngừa các đợt cấp và giảm thiểu các triệu chứng mạn tính",henphequan.txt
Suy giảm chức năng hô hấp,Disease,C0035229,,LEADS_TO,Đợt cấp,Complication,C2919376,,0.9,1,2,"Mục tiêu điều trị là giảm thiểu sự suy giảm chức năng hô hấp và các nguy cơ, bao gồm ngăn ngừa các đợt cấp",henphequan.txt
Suy giảm chức năng hô hấp,Disease,C0035229,,LEADS_TO,Đợt cấp tính,DiseaseSubtype,C2919376,,0.9,1,2,"Mục tiêu điều trị là giảm thiểu sự suy giảm chức năng hô hấp và các nguy cơ, bao gồm ngăn ngừa các đợt cấp",henphequan.txt
Suy giảm chức năng nghiêm trọng,RiskFactor,C4489230,,INCREASES_RISK_OF,Bệnh phổi tắc nghẽn mạn tính,Disease,C0024117,,0.9,1,2,"Bệnh nhân có nguy cơ tử vong cao là những bệnh nhân có giảm cân rõ rệt không rõ nguyên nhân hoặc suy giảm chức năng nghiêm trọng (ví dụ những người gặp khó thở với việc tự chăm sóc, chẳng hạn như mặc quần áo, tắm hoặc ăn uống).",01_copd.txt
Suy giảm chức năng nghiêm trọng,RiskFactor,C4489230,,INCREASES_RISK_OF,Giới hạn luồng không khí,DiseaseSubtype,C0024117,,0.9,1,2,"Bệnh nhân có nguy cơ tử vong cao là những bệnh nhân có giảm cân rõ rệt không rõ nguyên nhân hoặc suy giảm chức năng nghiêm trọng (ví dụ những người gặp khó thở với việc tự chăm sóc, chẳng hạn như mặc quần áo, tắm hoặc ăn uống).",01_copd.txt
Suy giảm điều hòa glucose,DiseaseSubtype,C4302025,,INCREASES_RISK_OF,Bệnh lý tim mạch,Complication,C0007222,,0.99,2,2,Yếu tố này có liên quan đến tăng nguy cơ mắc bệnh tim mạch,01_daithaoduong.txt
Suy giảm điều hòa glucose,DiseaseSubtype,C4302025,,INCREASES_RISK_OF,Bệnh tim mạch,Disease,C0007222,,0.99,2,2,Yếu tố này có liên quan đến tăng nguy cơ mắc bệnh tim mạch,01_daithaoduong.txt
Suy thận,Complication,C1565489,,AFFECTS_ORGAN,Hệ thần kinh trung ương,Organ,C3714787,,0.8,1,2,các trường hợp tăng ure máu cao do suy thận tiến triển có thể biểu hiện bằng hôn mê hoặc buồn nôn.,02_thuocdieutri.txt
Suy thận,Disease,C1565489,,INCREASES_RISK_OF,Nhiễm toan lactic,Complication,C0001125,,0.85,1,2,Metformin có thể gây nhiễm toan lactic ở bệnh nhân suy thận,01_daithaoduong.txt
Sàng lọc biến chứng,Test,,,DIAGNOSES,Đái tháo đường loại 2,DiseaseSubtype,C0011860,,0.95,1,2,"Với bệnh nhân đái tháo đường loại 2, sàng lọc bắt đầu lúc chẩn đoán.",01_daithaoduong.txt
Sàng lọc biến chứng đái tháo đường,Test,,,DIAGNOSES,Đái tháo đường loại 1,DiseaseSubtype,C0011854,,0.99,2,2,Tất cả bệnh nhân với đái tháo đường loại 1 nên bắt đầu sàng lọc biến chứng đái tháo đường sau thời điểm chẩn đoán 5 năm.,01_daithaoduong.txt
Sàng lọc biến chứng đái tháo đường,Test,,,DIAGNOSES,Đái tháo đường loại 2,DiseaseSubtype,C0011860,,0.95,1,2,"Với bệnh nhân đái tháo đường loại 2, sàng lọc bắt đầu lúc chẩn đoán.",01_daithaoduong.txt
Sàng lọc đái tháo đường,Test,C0740213,,DIAGNOSES,Đái tháo đường,Disease,C0011849,,0.99,2,2,Sàng lọc đái tháo đường nên được tiến hành cho người có tăng nguy cơ.,01_daithaoduong.txt
Sản phẩm từ sữa,RiskFactor,C0010947,,INCREASES_RISK_OF,Đái tháo đường loại 1,DiseaseSubtype,C0011854,,0.99,2,2,"Việc trẻ sơ sinh tiếp xúc với các sản phẩm từ sữa (đặc biệt là sữa bò và protein beta casein trong sữa), lượng nitrat cao trong nước uống và mức tiêu thụ vitamin D thấp có liên quan đến việc tăng nguy cơ mắc bệnh tiểu đường loại 1.",01_daithaoduong.txt
Sử dụng cocaine dạng hít,RiskFactor,,,INCREASES_RISK_OF,Hen suyễn,Disease,C0004096,,0.99,2,2,"Trước khi liệu pháp được tăng cường, việc tuân thủ, tiếp xúc với các yếu tố môi trường (ví dụ: tiếp xúc với chất kích thích) và sự hiện diện của các bệnh kèm theo (ví dụ: béo phì, viêm mũi dị ứng, bệnh trào ngược dạ dày thực quản, bệnh phổi tắc nghẽn mạn tính, ngưng thở khi ngủ do tắc nghẽn, rối loạn chức năng dây thanh âm, sử dụng cocaine dạng hít).",henphequan.txt
Sử dụng nhiên liệu sinh khối,RiskFactor,,,INCREASES_RISK_OF,Bệnh phổi tắc nghẽn mạn tính,Disease,C0024117,,0.9,1,2,"việc sử dụng rộng rãi nhiên liệu sinh khối, chẳng hạn như gỗ, cỏ hoặc các vật liệu hữu cơ khác, cũng góp phần làm tăng tỷ lệ hiện hành của COPD.",01_copd.txt
Sử dụng nhiên liệu sinh khối,RiskFactor,,,INCREASES_RISK_OF,Giới hạn luồng không khí,DiseaseSubtype,C0024117,,0.9,1,2,"việc sử dụng rộng rãi nhiên liệu sinh khối, chẳng hạn như gỗ, cỏ hoặc các vật liệu hữu cơ khác, cũng góp phần làm tăng tỷ lệ hiện hành của COPD.",01_copd.txt
Sự cải thiện FEV1 > 12% hoặc tăng >= 10% so với FEV1 dự đoán,Measurement,,Thông số: Cải thiện FEV1; Giá trị: > hoặc >=12% hoặc 10% %,DEFINES_THRESHOLD_FOR,Hen suyễn,Disease,C0004096,,0.99,2,2,Sự cải thiện FEV1 > 12% hoặc tăng >= 10% so với FEV1 dự đoán sau dùng thuốc giãn phế quản thể hiện rối loạn thông khí tắc nghẽn có hồi phục,henphequan.txt
T hỗ trợ loại 1 (TH1),Mechanism,C0242632,,UNDERLIES,Tế bào Th2,Mechanism,C0242633,,0.85,1,2,"Sự phơi nhiễm trong thời thơ ấu với vi khuẩn, virus, nội độc tố có thể chuyển cơ thể sang sự phản ứng với T hỗ trợ loại 1 (TH1), ngăn chặn tế bào Th2",henphequan.txt
TNF-α,Mechanism,C1456820,,UNDERLIES,Bệnh phổi tắc nghẽn mạn tính,Disease,C0024117,,0.85,1,2,"Giảm cân có thể xảy ra, có lẽ là do không đủ lượng calo nạp vào và tăng mức độ lưu hành của yếu tố hoại tử khối u (TNF)-alpha.",01_copd.txt
TNF-α,Mechanism,C1456820,,UNDERLIES,Giới hạn luồng không khí,DiseaseSubtype,C0024117,,0.85,1,2,"Giảm cân có thể xảy ra, có lẽ là do không đủ lượng calo nạp vào và tăng mức độ lưu hành của yếu tố hoại tử khối u (TNF)-alpha.",01_copd.txt
Teplizumab,Drug,C2743673,,TREATS,Đái tháo đường loại 1,DiseaseSubtype,C0011854,,0.99,2,2,sử dụng teplizumab (liệu trình 14 ngày) so với giả dược dẫn đến sự chậm trễ trung bình là 24 tháng trong thời gian chẩn đoán bệnh tiểu đường loại 1,01_daithaoduong.txt
Test da,Test,C0037296,,DIAGNOSES,Hen suyễn,Disease,C0004096,,0.99,2,2,Test da và đo IgE dị nguyên đặc hiệu thông qua kiểm tra chất hấp thụ radio (RAST) có thể xác định được các tác nhân gây dị ứng cụ thể.,henphequan.txt
Thay đổi chế độ ăn uống,Treatment,C0086153,,TREATS,Rối loạn lipid máu,Disease,C0242339,,0.99,2,2,"Sự thay đổi chế độ ăn cũng giúp kiểm soát đái tháo đường, béo phì và rối loạn lipid máu.",01_tanghuyetap.txt
Thay đổi chế độ ăn uống,Treatment,C0086153,,TREATS,Đái tháo đường,Disease,C0011849,,0.99,2,2,Sự thay đổi chế độ ăn cũng giúp kiểm soát đái tháo đường,01_tanghuyetap.txt
Thay đổi lối sống,Treatment,C0454378,,TREATS,Tăng huyết áp,Disease,C0020538,,0.99,2,2,"Trong số những người được khuyến nghị dùng thuốc điều trị huyết áp và thay đổi lối sống, khả năng kiểm soát huyết áp cao hơn ở người lớn da trắng không phải gốc Tây Ban Nha (31%) so với người lớn da đen không phải gốc Tây Ban Nha (20%), người lớn châu Á không phải gốc Tây Ban Nha (24%) hoặc người lớn gốc Tây Ban Nha (23%) (1).",01_tanghuyetap.txt
Thay đổi lối sống,Treatment,C0454378,,TREATS,Đái tháo đường loại 2,DiseaseSubtype,C0011860,,0.99,8,2,"Điều chỉnh chế độ ăn uống cho từng trường hợp có thể giúp bệnh nhân kiểm soát sự dao động của glucose và, đối với bệnh nhân đái tháo đường loại 2, giảm cân.",01_daithaoduong.txt
Thay đổi điều trị bằng thuốc,Treatment,C0580105,,TREATS,Tăng huyết áp kháng trị,DiseaseSubtype,C1834155,,0.9,1,2,Để đạt được mức kiểm soát huyết áp đầy đủ thường đòi hỏi phải đánh giá nhiều lần và thay đổi điều trị bằng thuốc.,01_tanghuyetap.txt
Theo dõi huyết áp lưu động,Test,C0242876,,DIAGNOSES,Tăng huyết áp áo choàng trắng,DiseaseSubtype,C0262534,,0.99,2,2,Theo dõi huyết áp tại nhà hoặc theo dõi huyết áp lưu động được chỉ định khi nghi ngờ bị tăng huyết áp áo choàng trắng hoặc tăng huyết áp ẩn.,01_tanghuyetap.txt
Theo dõi huyết áp lưu động,Test,C0242876,,DIAGNOSES,Tăng huyết áp ẩn,DiseaseSubtype,C3178811,,0.99,2,2,Theo dõi huyết áp tại nhà hoặc theo dõi huyết áp lưu động được chỉ định khi nghi ngờ bị tăng huyết áp áo choàng trắng hoặc tăng huyết áp ẩn.,01_tanghuyetap.txt
Thiết bị chỉnh hình,Treatment,C0029365,,TREATS,Khớp thần kinh (Charcot),Disease,C0003892,,0.99,2,2,Một khớp thần kinh thường có thể được quản lý một cách thích hợp với các thiết bị chỉnh hình,01_daithaoduong.txt
Thiếu alpha-1 antitrypsin,Cause,C0221757,,CAUSES,Bệnh phổi tắc nghẽn mạn tính,Disease,C0024117,,0.9,1,2,COPD dường như có tính gia đình do thiếu alpha-1 antitrypsin (thiếu hụt chất ức chế alpha-1 antiprotease).,01_copd.txt
Thiếu alpha-1 antitrypsin,Cause,C0221757,,CAUSES,Giới hạn luồng không khí,DiseaseSubtype,C0024117,,0.9,1,2,COPD dường như có tính gia đình do thiếu alpha-1 antitrypsin (thiếu hụt chất ức chế alpha-1 antiprotease).,01_copd.txt
Thiếu alpha-1 antitrypsin,Cause,C0221757,,CAUSES,Khí phế thũng,DiseaseSubtype,C0034067,,0.9775,2,2,Sự thay đổi khí phế thũng xuất hiện chủ yếu ở đáy phổi gợi ý thiếu alpha-1 antitrypsin.,01_copd.txt
Thiếu hụt alpha-1 antitrypsin,DiseaseSubtype,C0221757,,CAUSES,Bệnh phổi tắc nghẽn mạn tính,Disease,C0024117,,0.9,1,2,COPD dường như có tính gia đình do thiếu alpha-1 antitrypsin (thiếu hụt chất ức chế alpha-1 antiprotease).,01_copd.txt
Thiếu hụt alpha-1 antitrypsin,DiseaseSubtype,C0221757,,CAUSES,Giới hạn luồng không khí,DiseaseSubtype,C0024117,,0.9,1,2,COPD dường như có tính gia đình do thiếu alpha-1 antitrypsin (thiếu hụt chất ức chế alpha-1 antiprotease).,01_copd.txt
Thiếu hụt alpha-1 antitrypsin,DiseaseSubtype,C0221757,,CAUSES,Khí phế thũng,DiseaseSubtype,C0034067,,0.9775,2,2,Sự thay đổi khí phế thũng xuất hiện chủ yếu ở đáy phổi gợi ý thiếu alpha-1 antitrypsin.,01_copd.txt
Thiếu hụt giáo dục bệnh nhân,RiskFactor,,,INCREASES_RISK_OF,Đái tháo đường không ổn định,DiseaseSubtype,C0342302,,0.85,1,2,Những yếu tố này bao gồm việc giáo dục hoặc hiểu biết của bệnh nhân không đầy đủ dẫn đến sai sót trong sử dụng insulin,01_daithaoduong.txt
Thiếu hụt vitamin D,RiskFactor,C0042870,,INCREASES_RISK_OF,Đái tháo đường loại 1,DiseaseSubtype,C0011854,,0.99,2,2,"Việc trẻ sơ sinh tiếp xúc với các sản phẩm từ sữa (đặc biệt là sữa bò và protein beta casein trong sữa), lượng nitrat cao trong nước uống và mức tiêu thụ vitamin D thấp có liên quan đến việc tăng nguy cơ mắc bệnh tiểu đường loại 1.",01_daithaoduong.txt
Thiếu oxy vùng,Mechanism,,,PART_OF_MECHANISM,Co mạch phổi bù trừ,Mechanism,,,0.985,2,2,tình trạng thiếu oxy vùng và tăng carbonic máu sẽ kích thích sự co mạch phổi bù trừ,henphequan.txt
Thuốc chẹn alpha-1 sau synap,DrugClass,,,TREATS,phì đại tuyến tiền liệt,Disease,C1704272,,0.99,2,2,"Tuy nhiên, thuốc chẹn alpha-1 sau synap có thể được sử dụng ở những bệnh nhân bị phì đại tuyến tiền liệt",02_thuocdieutri.txt
Thuốc chẹn beta,DrugClass,C0001645,,CONTRAINDICATED_IN,Hen suyễn,Disease,C0004096,,0.99,2,2,Thuốc chẹn beta thường nên tránh dùng ở những bệnh nhân bị hen suyễn,02_thuocdieutri.txt
Thuốc chẹn beta,DrugClass,C0001645,,TREATS,Bóc tách động mạch chủ,Disease,C0340643,,0.99,1,2,"với thuốc chẹn beta, cho bệnh nhân tách thành động mạch chủ.",02_thuocdieutri.txt
Thuốc chẹn beta,DrugClass,C0001645,,TREATS,Nhồi máu cơ tim,Disease,C0027051,,0.99,2,2,"Tuy nhiên, các loại thuốc này có thể hữu ích ở những bệnh nhân tăng huyết áp có các rối loạn khác có thể được hưởng lợi từ thuốc chẹn beta, chẳng hạn như đau thắt ngực, nhồi máu cơ tim trước đó hoặc suy tim.",02_thuocdieutri.txt
Thuốc chẹn beta,DrugClass,C0001645,,TREATS,Suy tim,Complication,C0018801,,0.99,4,2,"Tuy nhiên, các loại thuốc này có thể hữu ích ở những bệnh nhân tăng huyết áp có các rối loạn khác có thể được hưởng lợi từ thuốc chẹn beta, chẳng hạn như đau thắt ngực, nhồi máu cơ tim trước đó hoặc suy tim.",02_thuocdieutri.txt
Thuốc chẹn beta,DrugClass,C0001645,,TREATS,Tăng huyết áp,Disease,C0020538,,0.9,1,2,Thuốc chẹn beta không phải là thuốc bước đầu trong điều trị tăng huyết áp.,02_thuocdieutri.txt
Thuốc chẹn beta,DrugClass,C0001645,,TREATS,Đau thắt ngực,Disease,C0002963,,0.99,2,2,"các loại thuốc này có thể hữu ích ở những bệnh nhân tăng huyết áp có các rối loạn khác có thể được hưởng lợi từ thuốc chẹn beta, chẳng hạn như đau thắt ngực",02_thuocdieutri.txt
Thuốc chẹn beta không chọn lọc,DrugClass,,,CONTRAINDICATED_IN,Hen suyễn,Disease,C0004096,,0.99,2,2,Hen suyễn là một chống chỉ định đối với việc sử dụng các thuốc chẹn beta không chọn lọc,henphequan.txt
Thuốc chẹn kênh canxi,DrugClass,C0006684,,PREFERRED_FOR,Hội chứng Raynaud,Disease,C0034734,,0.99,2,2,"Thuốc chẹn kênh canxi được ưu tiên sử dụng hơn thuốc chẹn beta ở những bệnh nhân bị đau thắt ngực cũng có bệnh co thắt phế quản, co thắt động mạch vành hoặc hội chứng Raynaud.",02_thuocdieutri.txt
Thuốc chẹn kênh canxi,DrugClass,C0006684,,PREFERRED_FOR,Đau thắt ngực,Disease,C0002963,,0.99,2,2,thuốc chẹn kênh canxi cho bệnh nhân đau thắt ngực,01_tanghuyetap.txt
Thuốc chẹn kênh canxi,DrugClass,C0006684,,TREATS,Tăng huyết áp,Disease,C0020538,,0.99,2,2,"Điều trị bao gồm thay đổi lối sống và dùng thuốc, bao gồm thuốc lợi tiểu, thuốc ức chế men chuyển angiotensin (ACE), thuốc ức chế thụ thể angiotensin II và thuốc chẹn kênh canxi.",01_tanghuyetap.txt
Thuốc chẹn kênh canxi,DrugClass,C0006684,,TREATS,Tăng huyết áp do renin thấp nhạy cảm với muối,DiseaseSubtype,,,0.99,2,2,thuốc chẹn kênh canxi hoặc thuốc lợi tiểu thiazide ban đầu vì những loại thuốc này hiệu quả hơn đối với những bệnh nhân bị tăng huyết áp do renin thấp nhạy cảm với muối,01_tanghuyetap.txt
Thuốc chẹn kênh canxi,DrugClass,C0006684,,TREATS,Đau thắt ngực,Disease,C0002963,,0.99,2,2,Thuốc chẹn kênh canxi được ưu tiên sử dụng hơn thuốc chẹn beta ở những bệnh nhân bị đau thắt ngực,02_thuocdieutri.txt
Thuốc chẹn thụ thể angiotensin,DrugClass,C0815017,,PREFERRED_FOR,Đái tháo đường,Disease,C0011849,,0.99,2,2,thuốc ức chế ACE hoặc ARB cho bệnh nhân tiểu đường,01_tanghuyetap.txt
Thuốc chẹn thụ thể angiotensin,DrugClass,C0815017,,TREATS,Tăng huyết áp,Disease,C0020538,,0.8,1,2,"Điều trị bao gồm thay đổi lối sống và dùng thuốc, bao gồm thuốc lợi tiểu, thuốc ức chế men chuyển angiotensin (ACE), thuốc ức chế thụ thể angiotensin II",01_tanghuyetap.txt
Thuốc chẹn thụ thể angiotensin,DrugClass,C0815017,,TREATS,Tăng huyết áp cấp cứu,DiseaseSubtype,C0745136,,0.96,2,2,Khi có dấu hiệu của tăng huyết áp cấp cứu cần hạ huyết áp ngay lập tức với các thuốc hạ áp.,01_tanghuyetap.txt
Thuốc chẹn thụ thể angiotensin,DrugClass,C0815017,,TREATS,Tăng huyết áp nặng: Huyết áp tâm thu >= 180 mmHg hoặc huyết áp tâm trương >= 120 mmHg,Measurement,C0745136,Thông số: Tăng huyết áp nặng; Huyết áp 180/120 mmHg,0.96,2,2,Khi có dấu hiệu của tăng huyết áp cấp cứu cần hạ huyết áp ngay lập tức với các thuốc hạ áp.,01_tanghuyetap.txt
Thuốc chẹn thụ thể angiotensin (ARB),DrugClass,C0521942,,TREATS,Bệnh thận do đái tháo đường loại 1,DiseaseSubtype,C0836995,,0.99,2,2,Hai loại thuốc này có tác dụng tương đương ở bệnh nhân bị suy thất trái hoặc bệnh thận do đái tháo đường loại 1.,02_thuocdieutri.txt
Thuốc chẹn thụ thể angiotensin (ARB),DrugClass,C0521942,,TREATS,Suy thất trái,DiseaseSubtype,C0023212,,0.99,2,2,Hai loại thuốc này có tác dụng tương đương ở bệnh nhân bị suy thất trái,02_thuocdieutri.txt
Thuốc chẹn thụ thể angiotensin (ARB),DrugClass,C0521942,,TREATS,Tăng huyết áp,Disease,C0020538,,0.99,1,2,"Điều trị bao gồm thay đổi lối sống và dùng thuốc, bao gồm thuốc lợi tiểu, thuốc ức chế men chuyển angiotensin (ACE), thuốc ức chế thụ thể angiotensin II và thuốc chẹn kênh canxi.",01_tanghuyetap.txt
Thuốc chống viêm,DrugClass,C0003209,,TREATS,Hen suyễn,Disease,C0004096,,0.99,2,2,Các nghiên cứu thực nghiệm về thuốc giãn phế quản và thuốc chống viêm có thể hữu ích cho cả hai.,henphequan.txt
Thuốc chủ vận beta-adrenergic tác dụng kéo dài (LABA),DrugClass,,,TREATS,Bệnh phổi tắc nghẽn mạn tính,Disease,C0024117,,0.99,1,2,"Điều trị làm giảm các triệu chứng nhanh chóng bằng các thuốc chủ yếu là beta-adrenergic tác dụng ngắn và giảm đợt cấp bằng corticosteroid dạng hít, thuốc beta-adrenergic tác dụng kéo dài, thuốc kháng cholinergic tác dụng kéo dài hoặc một dạng phối hợp .",01_copd.txt
Thuốc chủ vận beta-adrenergic tác dụng kéo dài (LABA),DrugClass,,,TREATS,Giới hạn luồng không khí,DiseaseSubtype,C0024117,,0.99,1,2,"Điều trị làm giảm các triệu chứng nhanh chóng bằng các thuốc chủ yếu là beta-adrenergic tác dụng ngắn và giảm đợt cấp bằng corticosteroid dạng hít, thuốc beta-adrenergic tác dụng kéo dài, thuốc kháng cholinergic tác dụng kéo dài hoặc một dạng phối hợp .",01_copd.txt
Thuốc chủ vận beta-adrenergic tác dụng ngắn (SABA),DrugClass,,,TREATS,Bệnh phổi tắc nghẽn mạn tính,Disease,C0024117,,0.99,1,2,Điều trị làm giảm các triệu chứng nhanh chóng bằng các thuốc chủ yếu là beta-adrenergic tác dụng ngắn,01_copd.txt
Thuốc chủ vận beta-adrenergic tác dụng ngắn (SABA),DrugClass,,,TREATS,Giới hạn luồng không khí,DiseaseSubtype,C0024117,,0.99,1,2,Điều trị làm giảm các triệu chứng nhanh chóng bằng các thuốc chủ yếu là beta-adrenergic tác dụng ngắn,01_copd.txt
Thuốc chủ vận thụ thể GLP-1,Measurement,,Thông số: Chỉ số Thuốc chủ vận thụ thể GLP-1,TREATS,Đái tháo đường,Disease,C0011849,,0.99,2,2,"Ở những người mắc bệnh tiểu đường và béo phì, bác sĩ nên kê đơn thuốc hạ đường huyết để thúc đẩy giảm cân (ví dụ: thuốc chủ vận thụ thể GLP1, thuốc ức chế SGLT-2 hoặc thuốc chủ vận incretin kép) hoặc thuốc có tác dụng trung tính về cân nặng (ví dụ: thuốc ức chế dipeptidyl peptidase-4, metformin), nếu có thể (để biết chi tiết, xem Thuốc điều trị bệnh tiểu đường).",01_daithaoduong.txt
Thuốc chủ vận thụ thể GLP-1,Measurement,,Thông số: Chỉ số Thuốc chủ vận thụ thể GLP-1,TREATS,Đái tháo đường loại 2,DiseaseSubtype,C0011860,,0.99,2,2,"Đối với bệnh tiểu đường loại 2, thuốc hạ đường huyết đường uống, thuốc tiêm không phải insulin như thuốc chủ vận thụ thể peptide-1 (GLP-1) giống glucagon",01_daithaoduong.txt
Thuốc cường beta-2,DrugClass,C2936789,,TREATS,Hen suyễn,Disease,C0004096,,0.99,2,2,"Điều trị liên quan đến kiểm soát các yếu tố khởi phát và điều trị bằng thuốc, thường dùng nhất là thuốc cường beta-2 và corticosteroid dạng hít.",henphequan.txt
Thuốc cường beta-2 tác dụng ngắn,DrugClass,,,TREATS,Bệnh hen do tập luyện,Disease,C0004099,,0.99,2,2,Hen do gắng sức thường có thể được ngăn ngừa bằng dùng thuốc cường beta-2 tác dụng ngắn dạng hít dự phòng,henphequan.txt
Thuốc cường beta-2 tác dụng ngắn,DrugClass,,,TREATS,Hen do gắng sức,DiseaseSubtype,C0004099,,0.99,2,2,Hen do gắng sức thường có thể được ngăn ngừa bằng dùng thuốc cường beta-2 tác dụng ngắn dạng hít dự phòng,henphequan.txt
Thuốc giãn phế quản,DrugClass,C0006280,,TREATS,Bệnh phổi tắc nghẽn mạn tính,Disease,C0024117,,0.9,1,2,trong khi đáp ứng đáng kể với thuốc giãn phế quản dự đoán thời gian sống thêm được cải thiện.,01_copd.txt
Thuốc giãn phế quản,DrugClass,C0006280,,TREATS,Giới hạn luồng không khí,DiseaseSubtype,C0024117,,0.9,1,2,trong khi đáp ứng đáng kể với thuốc giãn phế quản dự đoán thời gian sống thêm được cải thiện.,01_copd.txt
Thuốc giãn phế quản,DrugClass,C0006280,,TREATS,Hen kích ứng,Disease,,,0.95,1,2,"RADS và hen kích ứng mạn tính có nhiều điểm tương đồng về lâm sàng với hen (ví dụ: thở khò khè, khó thở, ho, có hạn chế luồng khí, tăng đáp ứng phế quản) và đáp ứng đáng kể với thuốc giãn phế quản và thường là corticosteroid.",henphequan.txt
Thuốc giãn phế quản,DrugClass,C0006280,,TREATS,Hen suyễn,Disease,C0004096,,0.99,4,2,Các nhóm thuốc chính thường được sử dụng trong điều trị hen suyễn và cơn hen kịch phát bao gồm Thuốc giãn phế quản,henphequan.txt
Thuốc giãn phế quản,DrugClass,C0006280,,TREATS,RADS,Disease,C1299633,,0.99,2,2,"RADS và hen kích ứng mạn tính có nhiều điểm tương đồng về lâm sàng với hen (ví dụ: thở khò khè, khó thở, ho, có hạn chế luồng khí, tăng đáp ứng phế quản) và đáp ứng đáng kể với thuốc giãn phế quản và thường là corticosteroid.",henphequan.txt
Thuốc giãn phế quản,DrugClass,C0006280,,TREATS,Đợt cấp hen suyễn,DiseaseSubtype,C0340066,,0.99,2,2,Các nhóm thuốc chính thường được sử dụng trong điều trị hen suyễn và cơn hen kịch phát bao gồm Thuốc giãn phế quản,henphequan.txt
Thuốc giãn phế quản dạng hít,DrugClass,C0578554,,TREATS,Đợt cấp hen suyễn,DiseaseSubtype,C0340066,,0.99,2,2,Điều trị bao gồm Thuốc giãn phế quản dạng hít (thuốc chủ vận beta và thuốc kháng cholinergic),henphequan.txt
Thuốc giãn phế quản tác dụng dài,DrugClass,,,TREATS,Hen suyễn,Disease,C0004096,,0.99,2,2,"Kiểm soát bệnh hen mạn tính với các thuốc điều chỉnh phản ứng dị ứng và miễn dịch - thường là corticosteroid hít - với các thuốc khác (ví dụ thuốc giãn phế quản tác dụng dài, thuốc ổn định tế bào mast, thuốc ức chế leukotriene) được thêm vào dựa trên mức độ hen.",henphequan.txt
Thuốc giãn phế quản tác dụng ngắn,DrugClass,,,TREATS,Bệnh hen do tập luyện,Disease,C0004099,,0.99,2,2,"Thay vào đó, một thuốc giãn phế quản tác dụng ngắn được dự phòng trước khi tập thể dục và khi cần thiết trong hoặc sau khi tập thể dục",henphequan.txt
Thuốc giãn phế quản tác dụng ngắn,DrugClass,,,TREATS,Hen do gắng sức,DiseaseSubtype,C0004099,,0.99,2,2,"Thay vào đó, một thuốc giãn phế quản tác dụng ngắn được dự phòng trước khi tập thể dục và khi cần thiết trong hoặc sau khi tập thể dục",henphequan.txt
Thuốc giảm lo âu,Drug,C0040616,,TREATS,Tăng huyết áp khẩn cấp,DiseaseSubtype,C0745138,,0.9,1,2,Điều trị lo âu bằng cách tư vấn và/hoặc sử dụng thuốc giảm lo âu thường hữu ích trong việc giảm huyết áp và do đó làm giảm tỷ lệ tăng huyết áp khẩn cấp.,02_thuocdieutri.txt
Thuốc gây hạ đường huyết,DrugClass,C0020616,,TREATS,Hạ đường huyết,DiseaseSubtype,C0020615,,0.85,1,2,Các ứng cử viên tiềm năng để kiểm soát đường huyết chặt chẽ hơn bao gồm Bệnh nhân không được điều trị bằng thuốc gây hạ đường huyết,01_daithaoduong.txt
Thuốc hạ huyết áp đường tĩnh mạch,Drug,,,TREATS,Tăng huyết áp cấp cứu,DiseaseSubtype,C0745136,,0.99,2,2,Điều trị là giảm huyết áp ngay lập tức bằng thuốc hạ huyết áp theo đường tĩnh mạch.,02_thuocdieutri.txt
Thuốc hạ huyết áp đường tĩnh mạch,Drug,,,TREATS,Tăng huyết áp nặng: Huyết áp tâm thu >= 180 mmHg hoặc huyết áp tâm trương >= 120 mmHg,Measurement,C0745136,Thông số: Tăng huyết áp nặng; Huyết áp 180/120 mmHg,0.99,2,2,Điều trị là giảm huyết áp ngay lập tức bằng thuốc hạ huyết áp theo đường tĩnh mạch.,02_thuocdieutri.txt
Thuốc hạ áp,DrugClass,C0003364,,TREATS,Tăng huyết áp,Disease,C0020538,,0.99,2,2,Tăng huyết áp được định nghĩa là huyết áp tâm thu (HA) >= 130 mm Hg hoặc huyết áp tâm trương >= 80 mm Hg hoặc đang dùng thuốc điều trị tăng huyết áp.,01_tanghuyetap.txt
Thuốc hạ áp,DrugClass,C0003364,,TREATS,Tăng huyết áp khi mang thai,DiseaseSubtype,C0852036,,0.99,2,2,Điều trị tăng huyết áp khi mang thai đòi hỏi phải lựa chọn thuốc cẩn thận vì một số loại thuốc hạ huyết áp có thể gây hại cho thai nhi.,01_tanghuyetap.txt
Thuốc hạ đường huyết không insulin,DrugClass,C5676266,,TREATS,Đái tháo đường loại 2,DiseaseSubtype,C0011860,,0.95,1,2,sau đó dùng thuốc hạ đường huyết không insulin (thường là metformin) nếu thay đổi lối sống không đủ.,01_daithaoduong.txt
Thuốc hạ đường huyết đường uống,DrugClass,C5817333,,TREATS,Đái tháo đường loại 2,DiseaseSubtype,C0011860,,0.99,3,2,Hầu hết bệnh nhân bị bệnh tiểu đường loại 2 chỉ được điều trị bằng thuốc hạ đường huyết đường uống đều duy trì nồng độ glucose chấp nhận được khi nhịn ăn và có thể không cần dùng insulin trong giai đoạn chu phẫu.,01_daithaoduong.txt
Thuốc kháng cholinergic tác dụng kéo dài (LAMA),DrugClass,,,TREATS,Bệnh phổi tắc nghẽn mạn tính,Disease,C0024117,,0.99,1,2,"Điều trị làm giảm các triệu chứng nhanh chóng bằng các thuốc chủ yếu là beta-adrenergic tác dụng ngắn và giảm đợt cấp bằng corticosteroid dạng hít, thuốc beta-adrenergic tác dụng kéo dài, thuốc kháng cholinergic tác dụng kéo dài hoặc một dạng phối hợp .",01_copd.txt
Thuốc kháng cholinergic tác dụng kéo dài (LAMA),DrugClass,,,TREATS,Giới hạn luồng không khí,DiseaseSubtype,C0024117,,0.99,1,2,"Điều trị làm giảm các triệu chứng nhanh chóng bằng các thuốc chủ yếu là beta-adrenergic tác dụng ngắn và giảm đợt cấp bằng corticosteroid dạng hít, thuốc beta-adrenergic tác dụng kéo dài, thuốc kháng cholinergic tác dụng kéo dài hoặc một dạng phối hợp .",01_copd.txt
Thuốc lợi tiểu,DrugClass,C0012798,,TREATS,Tăng huyết áp,Disease,C0020538,,0.99,2,2,"Điều trị bao gồm thay đổi lối sống và dùng thuốc, bao gồm thuốc lợi tiểu, thuốc ức chế men chuyển angiotensin (ACE), thuốc ức chế thụ thể angiotensin II và thuốc chẹn kênh canxi.",01_tanghuyetap.txt
Thuốc lợi tiểu giữ kali,DrugClass,C0304490,,TREATS,Tăng huyết áp,Disease,C0020538,,0.99,2,2,Thuốc lợi tiểu giữ kali không hiệu quả bằng thuốc lợi tiểu loại thiazid trong việc kiểm soát tăng huyết áp,02_thuocdieutri.txt
Thuốc lợi tiểu quai,DrugClass,C0354100,,TREATS,Tăng huyết áp,Disease,C0020538,,0.9,1,2,Thuốc lợi tiểu quai chỉ được sử dụng để điều trị tăng huyết áp ở những bệnh nhân có GFR ước tính < 30 mL/phút,02_thuocdieutri.txt
Thuốc lợi tiểu thiazid,DrugClass,C0012802,,TREATS,Tăng huyết áp do renin thấp nhạy cảm với muối,DiseaseSubtype,,,0.99,2,2,thuốc lợi tiểu thiazide ban đầu vì những loại thuốc này hiệu quả hơn đối với những bệnh nhân bị tăng huyết áp do renin thấp nhạy cảm với muối,01_tanghuyetap.txt
Thuốc lợi tiểu thiazid,DrugClass,C0012802,,TREATS,Đái tháo đường,Disease,C0011849,,0.8,1,2,"Ở hầu hết bệnh nhân đái tháo đường, thuốc lợi tiểu thiazid không ảnh hưởng đến việc kiểm soát bệnh.",02_thuocdieutri.txt
Thuốc tiêm truyền,DrugClass,C4040199,,TREATS,Tăng huyết áp cấp cứu,DiseaseSubtype,C0745136,,0.99,2,2,"Để biết về điều trị các trường hợp tăng huyết áp cấp cứu, xem bảng Thuốc tiêm truyền trong trường hợp tăng huyết áp cấp cứu.",02_thuocdieutri.txt
Thuốc tiêm truyền,DrugClass,C4040199,,TREATS,Tăng huyết áp nặng: Huyết áp tâm thu >= 180 mmHg hoặc huyết áp tâm trương >= 120 mmHg,Measurement,C0745136,Thông số: Tăng huyết áp nặng; Huyết áp 180/120 mmHg,0.99,2,2,"Để biết về điều trị các trường hợp tăng huyết áp cấp cứu, xem bảng Thuốc tiêm truyền trong trường hợp tăng huyết áp cấp cứu.",02_thuocdieutri.txt
Thuốc tác dụng kéo dài,DrugClass,C1135768,,TREATS,Hen suyễn,Disease,C0004096,,0.9775,2,2,"Thuốc tác dụng kéo dài ngăn ngừa các vấn đề (như sự bất tiện, lúng túng) khi phải dùng thuốc ở trường.",henphequan.txt
Thuốc tâm thần,DrugClass,C0033978,,TREATS,Rối loạn ăn uống,Disease,C0013473,,0.99,2,2,"Điều trị thường liên quan đến giám sát y tế chuyên sâu kết hợp với can thiệp tâm lý xã hội (ví dụ, cố vấn hoặc nhóm hỗ trợ), liệu pháp cá nhân hoặc gia đình và thuốc tâm thần khi được chỉ định.",01_daithaoduong.txt
Thuốc điều biến leukotriene,DrugClass,,,TREATS,Hen nhạy cảm aspirin,DiseaseSubtype,C3853540,,0.9775,2,2,Thuốc điều biến leukotriene có thể làm chậm phản ứng đối với NSAID.,henphequan.txt
Thuốc điều trị tăng huyết áp thứ ba,Drug,,,TREATS,Tăng huyết áp,Disease,C0020538,,0.99,2,2,"Nếu không đạt được huyết áp mục tiêu bằng 2 loại thuốc, một loại thuốc thứ ba trong số các loại thuốc ban đầu sẽ được thêm vào.",01_tanghuyetap.txt
Thuốc đối kháng muscarinic tác dụng kéo dài,DrugClass,,,CONTRAINDICATED_IN,Hen suyễn,Disease,C0004096,,0.99,2,2,"Trẻ em > 5 tuổi bị hen suyễn có thể được điều trị tương tự như người lớn, ngoại trừ việc không khuyến nghị dùng thuốc đối kháng muscarinic tác dụng kéo dài.",henphequan.txt
Thuốc đối kháng thụ thể mineralocorticoid,DrugClass,C1579268,,TREATS,Tăng huyết áp,Disease,C0020538,,0.99,2,2,"Nếu loại thuốc thứ ba đó không được dung nạp hoặc bị chống chỉ định, có thể sử dụng một loại thuốc khác (ví dụ: thuốc đối kháng aldosterone).",01_tanghuyetap.txt
Thuốc đối kháng thụ thể mineralocorticoid,DrugClass,C1579268,,TREATS,Tăng huyết áp kháng trị,DiseaseSubtype,C1834155,,0.99,2,2,Việc sử dụng thuốc đối kháng thụ thể mineralocorticoid có thể có lợi trong việc đạt được huyết áp mục tiêu.,01_tanghuyetap.txt
Thuốc ổn định tế bào mast,DrugClass,C1268905,,TREATS,Bệnh hen do tập luyện,Disease,C0004099,,0.99,2,2,Hen do gắng sức thường có thể được ngăn ngừa bằng dùng thuốc cường beta-2 tác dụng ngắn dạng hít dự phòng hoặc thuốc ổn định tế bào mast trước khi bắt đầu tập thể dục.,henphequan.txt
Thuốc ổn định tế bào mast,DrugClass,C1268905,,TREATS,Hen do gắng sức,DiseaseSubtype,C0004099,,0.99,2,2,Hen do gắng sức thường có thể được ngăn ngừa bằng dùng thuốc cường beta-2 tác dụng ngắn dạng hít dự phòng hoặc thuốc ổn định tế bào mast trước khi bắt đầu tập thể dục.,henphequan.txt
Thuốc ổn định tế bào mast,DrugClass,C1268905,,TREATS,Hen suyễn,Disease,C0004096,,0.99,2,2,"Kiểm soát bệnh hen mạn tính với các thuốc điều chỉnh phản ứng dị ứng và miễn dịch - thường là corticosteroid hít - với các thuốc khác (ví dụ thuốc giãn phế quản tác dụng dài, thuốc ổn định tế bào mast, thuốc ức chế leukotriene) được thêm vào dựa trên mức độ hen.",henphequan.txt
Thuốc ức chế TNF-alpha,DrugClass,,,TREATS,Đái tháo đường loại 1,DiseaseSubtype,C0011854,,0.99,3,2,"Antithymocyte globulin (ATG), thuốc ức chế TNF-alpha (yếu tố hoại tử khối u-alpha) và abatacept (CTLA-4-Ig) đã cho thấy một số hứa hẹn trong việc bảo tồn chức năng tế bào beta ở bệnh đái tháo đường loại 1 mới khởi phát",01_daithaoduong.txt
Thuốc ức chế bơm proton,DrugClass,C0358591,,TREATS,Bệnh trào ngược dạ dày thực quản (GERD),Disease,C0017168,,0.9,1,2,"điều trị GERD không có triệu chứng (ví dụ, với thuốc ức chế bơm proton)",henphequan.txt
Thuốc ức chế hệ RAAS,DrugClass,,,TREATS,Đái tháo đường loại 2,DiseaseSubtype,C0011860,,0.99,2,2,"Để ngăn ngừa các biến chứng, thường dùng thuốc chẹn hệ thống renin-angiotensin-aldosterone (thuốc ức chế men chuyển angiotensin hoặc thuốc ức chế thụ thể angiotensin II) và nhóm thuốc statin",01_daithaoduong.txt
Thuốc ức chế leukotriene,DrugClass,C0595726,,TREATS,Hen suyễn,Disease,C0004096,,0.99,2,2,"Trẻ nhỏ và trẻ em < 5 tuổi cần điều trị > 2 lần/tuần nên được dùng thuốc chống viêm hàng ngày với corticosteroid dạng hít (ưu tiên), thuốc đối kháng thụ thể leukotriene, hoặc cromolyn.",henphequan.txt
Thuốc ức chế men chuyển (ACE),DrugClass,C0003015,,CONTRAINDICATED_IN,Phụ nữ có thai,PatientGroup,C0033011,,0.99,1,2,ACEI chống chỉ định với phụ nữ có thai.,02_thuocdieutri.txt
Thuốc ức chế men chuyển (ACE),DrugClass,C0003015,,PREFERRED_FOR,Đái tháo đường,Disease,C0011849,,0.99,2,2,thuốc ức chế ACE hoặc ARB cho bệnh nhân tiểu đường,01_tanghuyetap.txt
Thuốc ức chế men chuyển (ACE),DrugClass,C0003015,,TREATS,Tăng huyết áp,Disease,C0020538,,0.99,3,2,"Điều trị bao gồm thay đổi lối sống và dùng thuốc, bao gồm thuốc lợi tiểu, thuốc ức chế men chuyển angiotensin (ACE), thuốc ức chế thụ thể angiotensin II và thuốc chẹn kênh canxi.",01_tanghuyetap.txt
Thuốc ức chế men chuyển (ACE),DrugClass,C0003015,,TREATS,Tăng huyết áp cấp cứu,DiseaseSubtype,C0745136,,0.96,2,2,Khi có dấu hiệu của tăng huyết áp cấp cứu cần hạ huyết áp ngay lập tức với các thuốc hạ áp.,01_tanghuyetap.txt
Thuốc ức chế men chuyển (ACE),DrugClass,C0003015,,TREATS,Tăng huyết áp nặng: Huyết áp tâm thu >= 180 mmHg hoặc huyết áp tâm trương >= 120 mmHg,Measurement,C0745136,Thông số: Tăng huyết áp nặng; Huyết áp 180/120 mmHg,0.96,2,2,Khi có dấu hiệu của tăng huyết áp cấp cứu cần hạ huyết áp ngay lập tức với các thuốc hạ áp.,01_tanghuyetap.txt
Thuốc ức chế men chuyển (ACE),DrugClass,C0003015,,TREATS,Đái tháo đường,Disease,C0011849,,0.99,2,2,Vì những loại thuốc này có tác dụng bảo vệ thận nên các thuốc này (cùng với thuốc chẹn thụ thể angiotensin II) là loại thuốc được lựa chọn cho bệnh nhân tiểu đường.,02_thuocdieutri.txt
Thất bại tự điều hòa lưu lượng máu não,Mechanism,,,UNDERLIES,Bệnh não do tăng huyết áp,Disease,C0151620,,0.99,2,2,Bệnh não do tăng huyết áp có thể liên quan đến tình trạng thất bại trong quá trình tự điều hòa lưu lượng máu ở não.,02_thuocdieutri.txt
Thất bại tự điều hòa lưu lượng máu não,Mechanism,,,UNDERLIES,Bệnh não tăng huyết áp,Complication,C0151620,,0.99,2,2,Bệnh não do tăng huyết áp có thể liên quan đến tình trạng thất bại trong quá trình tự điều hòa lưu lượng máu ở não.,02_thuocdieutri.txt
Thể tích huyết tương,Mechanism,C0032127,,UNDERLIES,Tăng huyết áp tiên phát,DiseaseSubtype,C0085580,,0.99,2,2,"trong tăng huyết áp tiên phát huyết động và các thành phần sinh lý (ví dụ: thể tích huyết tương, hoạt động của hệ renin-angiotensin) rất biến đổi",01_tanghuyetap.txt
Thời gian khởi phát RADS: vài phút đến vài giờ,Measurement,,Thông số: Thời gian khởi phát; max_value: 24,DEFINES_THRESHOLD_FOR,RADS,Disease,C1299633,,0.95,1,2,"Hội chứng rối loạn chức năng đường thở phản ứng (RADS) là sự khởi phát nhanh chóng (vài phút đến vài giờ, nhưng không phải > 24 giờ) của một hội chứng giống hen suyễn",henphequan.txt
"Thời gian khởi phát RADS: vài phút đến vài giờ, không quá 24 giờ",Measurement,,Thông số: Thời gian khởi phát; max_value: 24,DEFINES_THRESHOLD_FOR,RADS,Disease,C1299633,,0.9,1,2,"Hội chứng rối loạn chức năng đường thở phản ứng (RADS) là sự khởi phát nhanh chóng (vài phút đến vài giờ, nhưng không phải > 24 giờ) của một hội chứng giống hen suyễn",henphequan.txt
Thời gian kiểm soát hen suyễn tốt: >= 3 tháng,Measurement,,Thông số: Thời gian kiểm soát hen suyễn tốt; Giá trị: >=3 tháng; min_value: 3,DEFINES_THRESHOLD_FOR,Hen suyễn,Disease,C0004096,,0.95,1,2,"Một khi hen suyễn đã được kiểm soát tốt trong ít nhất 3 tháng, thuốc điều trị có thể giảm đến mức tối thiểu duy trì sự kiểm soát tốt (xuống bậc).",henphequan.txt
Thời gian ngủ tối ưu > 6 giờ/đêm,Treatment,,,TREATS,Tăng huyết áp,Disease,C0020538,,0.985,2,2,việc tối ưu hóa chất lượng và thời gian ngủ (> 6 giờ/đêm) giúp cải thiện khả năng kiểm soát huyết áp ở những bệnh nhân mắc bệnh thận mạn tính.,01_tanghuyetap.txt
Thời gian sàng lọc biến chứng sau chẩn đoán ĐTĐ Type 1: 5 năm,Measurement,,Thông số: Thời gian sàng lọc biến chứng sau chẩn đoán; Giá trị: 5 năm,DEFINES_THRESHOLD_FOR,Đái tháo đường loại 1,DiseaseSubtype,C0011854,,0.99,2,2,Tất cả bệnh nhân với đái tháo đường loại 1 nên bắt đầu sàng lọc biến chứng đái tháo đường sau thời điểm chẩn đoán 5 năm.,01_daithaoduong.txt
Thủ thuật giảm thể tích phổi,Treatment,C0524689,,TREATS,Bệnh phổi tắc nghẽn mạn tính,Disease,C0024117,,0.95,1,2,Các thủ thuật giảm thể tích phổi hoặc cấy ghép được sử dụng trong bệnh tiến triển.,01_copd.txt
Thủ thuật giảm thể tích phổi,Treatment,C0524689,,TREATS,Giới hạn luồng không khí,DiseaseSubtype,C0024117,,0.95,1,2,Các thủ thuật giảm thể tích phổi hoặc cấy ghép được sử dụng trong bệnh tiến triển.,01_copd.txt
Thử glucose máu,Test,C0587359,,DIAGNOSES,Đái tháo đường không ổn định,DiseaseSubtype,C0342302,,0.97,2,2,"Tiếp cận ban đầu là xem xét cẩn thận kĩ thuật tự chăm sóc, gồm bảo quản, tiêm insulin và thử glucose máu.",01_daithaoduong.txt
Tirzepatide,Drug,C5139934,,TREATS,Đái tháo đường loại 2,DiseaseSubtype,C0011860,,0.9,1,2,Bệnh nhân béo phì cũng có thể được hưởng lợi từ tác dụng giảm cân của liệu pháp thuốc chủ vận thụ thể GLP-1 hoặc từ việc sử dụng tirzepatide,01_daithaoduong.txt
"Tiêm chủng dự phòng (Cúm, Phế cầu, COVID-19, RSV)",Treatment,,,TREATS,Bệnh phổi tắc nghẽn mạn tính,Disease,C0024117,,0.9,1,2,"Tiêm chủng cúm, phế cầu, COVID-19 và vi rút hợp bào hô hấp ([RSV] ở bệnh nhân >= 60 tuổi) cũng nên được thực hiện như một biện pháp phòng ngừa.",01_copd.txt
"Tiêm chủng dự phòng (Cúm, Phế cầu, COVID-19, RSV)",Treatment,,,TREATS,Giới hạn luồng không khí,DiseaseSubtype,C0024117,,0.9,1,2,"Tiêm chủng cúm, phế cầu, COVID-19 và vi rút hợp bào hô hấp ([RSV] ở bệnh nhân >= 60 tuổi) cũng nên được thực hiện như một biện pháp phòng ngừa.",01_copd.txt
Tiêm chủng phòng ngừa,Treatment,C0042196,,TREATS,Bệnh phổi tắc nghẽn mạn tính,Disease,C0024117,,0.9,1,2,"Tiêm chủng cúm, phế cầu, COVID-19 và vi rút hợp bào hô hấp ([RSV] ở bệnh nhân >= 60 tuổi) cũng nên được thực hiện như một biện pháp phòng ngừa.",01_copd.txt
Tiêm chủng phòng ngừa,Treatment,C0042196,,TREATS,COVID-19,Measurement,,Thông số: Chỉ số COVID-19,0.99,1,2,"Tất cả bệnh nhân mắc bệnh tiểu đường nên được tiêm vắc xin phòng ngừa Streptococcus pneumoniae, vi rút cúm, viêm gan B, thủy đậu và SARS-CoV-2 theo khuyến nghị tiêu chuẩn.",01_daithaoduong.txt
Tiêm chủng phòng ngừa,Treatment,C0042196,,TREATS,Cúm,Disease,C0021400,,0.99,1,2,"Tất cả bệnh nhân mắc bệnh tiểu đường nên được tiêm vắc xin phòng ngừa Streptococcus pneumoniae, vi rút cúm, viêm gan B, thủy đậu và SARS-CoV-2 theo khuyến nghị tiêu chuẩn.",01_daithaoduong.txt
Tiêm chủng phòng ngừa,Treatment,C0042196,,TREATS,Giới hạn luồng không khí,DiseaseSubtype,C0024117,,0.9,1,2,"Tiêm chủng cúm, phế cầu, COVID-19 và vi rút hợp bào hô hấp ([RSV] ở bệnh nhân >= 60 tuổi) cũng nên được thực hiện như một biện pháp phòng ngừa.",01_copd.txt
Tiêm chủng phòng ngừa,Treatment,C0042196,,TREATS,Streptococcus pneumoniae,Disease,C0038410,,0.99,1,2,Tất cả bệnh nhân mắc bệnh tiểu đường nên được tiêm vắc xin phòng ngừa Streptococcus pneumoniae,01_daithaoduong.txt
Tiêm chủng phòng ngừa,Treatment,C0042196,,TREATS,Thủy đậu,Disease,C0008049,,0.99,1,2,"Tất cả bệnh nhân mắc bệnh tiểu đường nên được tiêm vắc xin phòng ngừa Streptococcus pneumoniae, vi rút cúm, viêm gan B, thủy đậu và SARS-CoV-2 theo khuyến nghị tiêu chuẩn.",01_daithaoduong.txt
Tiêm chủng phòng ngừa,Treatment,C0042196,,TREATS,Viêm gan B,Disease,C0019163,,0.99,1,2,"Tất cả bệnh nhân mắc bệnh tiểu đường nên được tiêm vắc xin phòng ngừa Streptococcus pneumoniae, vi rút cúm, viêm gan B, thủy đậu và SARS-CoV-2 theo khuyến nghị tiêu chuẩn.",01_daithaoduong.txt
Tiêu chuẩn chẩn đoán viêm phế quản mạn tính: ho có đờm >= 3 tháng/năm trong 2 năm liên tiếp,Measurement,,Thông số: Thời gian ho có đờm; min_value: 3; duration: 2 năm liên tiếp,DEFINES_THRESHOLD_FOR,Viêm phế quản mạn tính,Disease,C0008677,,0.99,1,2,Viêm phế quản mạn tính được định nghĩa là ho có đờm trong hầu hết các ngày trong tuần ít nhất là 3 tháng trong 2 năm liên tiếp.,01_copd.txt
Tiêu chí lâm sàng,Test,C5549662,,DIAGNOSES,Đợt cấp hen,Complication,C0340061,,0.99,2,2,Bệnh nhân hen có đợt cấp được đánh giá dựa trên các tiêu chí lâm sàng,henphequan.txt
Tiêu chí lâm sàng,Test,C5549662,,DIAGNOSES,Đợt cấp hen phế quản,DiseaseSubtype,C0340061,,0.99,2,2,Bệnh nhân hen có đợt cấp được đánh giá dựa trên các tiêu chí lâm sàng,henphequan.txt
Tiếp xúc chất kích thích hô hấp,RiskFactor,,,INCREASES_RISK_OF,Đợt cấp COPD,DiseaseSubtype,C0340044,,0.9775,2,2,"Nguyên nhân cụ thể của bất kỳ đợt cấp nào không phải lúc nào cũng xác định được, nhưng các đợt cấp thường được cho là do các vi rút gây các bệnh nhiễm trùng đường hô hấp trên, viêm phế quản cấp do vi khuẩn hoặc tiếp xúc với các chất kích thích hô hấp.",01_copd.txt
Tiếp xúc với chất kích thích,RiskFactor,C5768267,,INCREASES_RISK_OF,Hen suyễn,Disease,C0004096,,0.99,2,2,tiếp xúc với các yếu tố môi trường (ví dụ: tiếp xúc với chất kích thích),henphequan.txt
Tiết insulin,Mechanism,C1256369,,UNDERLIES,Giai đoạn trăng mật,DiseaseSubtype,,,0.9,1,2,giai đoạn trăng mật) do quá trình tiết insulin được phục hồi một phần.,01_daithaoduong.txt
Tiết insulin,Mechanism,C1256369,,UNDERLIES,Tăng đường huyết,DiseaseSubtype,C0020456,,0.99,2,2,Tăng đường huyết phát triển khi tiết insulin không đáp ứng đủ so với kháng insulin.,01_daithaoduong.txt
Tiền sử,Test,C0262926,,DIAGNOSES,Bệnh phổi tắc nghẽn mạn tính,Disease,C0024117,,0.9,1,2,"Chẩn đoán được gợi ý dựa trên bệnh sử, khám thực thể, kết quả chẩn đoán hình ảnh ngực và được xác nhận bằng các xét kiểm tra chức năng phổi.",01_copd.txt
Tiền sử,Test,C0262926,,DIAGNOSES,Giới hạn luồng không khí,DiseaseSubtype,C0024117,,0.9,1,2,"Chẩn đoán được gợi ý dựa trên bệnh sử, khám thực thể, kết quả chẩn đoán hình ảnh ngực và được xác nhận bằng các xét kiểm tra chức năng phổi.",01_copd.txt
Tiền sử,Test,C0262926,,DIAGNOSES,Hen suyễn,Disease,C0004096,,0.99,2,2,"Việc chẩn đoán được dựa trên tiền sử, khám lâm sàng và đo chức năng hô hấp.",henphequan.txt
Tiền sử,Test,C0262926,,DIAGNOSES,Tăng huyết áp,Disease,C0020538,,0.99,2,2,"Tiền sử, khám thực thể, và các xét nghiệm cận lâm sàng khác giúp xác định nguyên nhân và xác định xem đã có tổn thương các cơ quan đích hay chưa.",01_tanghuyetap.txt
Tiền sử gia đình,RiskFactor,C0241889,,INCREASES_RISK_OF,Đái tháo đường loại 1,DiseaseSubtype,C0011854,,0.99,2,2,Những người có nguy cơ cao mắc bệnh tiểu đường loại 1 (ví dụ: anh chị em ruột và con cái của người mắc bệnh tiểu đường loại 1),01_daithaoduong.txt
Tiền sử gia đình bị tăng huyết áp,RiskFactor,C0455405,,INCREASES_RISK_OF,Tăng huyết áp,Disease,C0020538,,0.97,2,2,đặc biệt là ở những bệnh nhân trẻ có tiền sử gia đình bị tăng huyết áp.,01_tanghuyetap.txt
Tiền sử nhập viện do đợt cấp,RiskFactor,,,INCREASES_RISK_OF,Tử vong,Complication,C1306577,,0.99,1,2,"Các yếu tố nguy cơ tử vong bao gồm việc tăng nhu cầu sử dụng corticosteroid đường uống trước khi nhập viện, các đợt nhập viện trước đây do đợt cấp và giá trị lưu lượng đỉnh thở ra khi nhập viện thấp hơn.",henphequan.txt
Triệt đốt thần kinh giao cảm động mạch thận bằng tần số vô tuyến,Treatment,C5923646,,TREATS,Tăng huyết áp kháng trị,DiseaseSubtype,C1834155,,0.99,2,2,Các thiết bị như vậy được sử dụng ở Châu Âu và Úc để điều trị tăng huyết áp kháng thuốc.,01_tanghuyetap.txt
Trọng lượng cơ thể thấp,RiskFactor,C0041667,,INCREASES_RISK_OF,Bệnh phổi tắc nghẽn mạn tính,Disease,C0024117,,0.85,1,2,Trọng lượng cơ thể thấp và rối loạn hô hấp ở trẻ em cũng góp phần gây nguy cơ bị COPD.,01_copd.txt
Trọng lượng cơ thể thấp,RiskFactor,C0041667,,INCREASES_RISK_OF,Giới hạn luồng không khí,DiseaseSubtype,C0024117,,0.85,1,2,Trọng lượng cơ thể thấp và rối loạn hô hấp ở trẻ em cũng góp phần gây nguy cơ bị COPD.,01_copd.txt
Trục lệch phải > 110°,Measurement,,Thông số: Trục điện tim; Giá trị: >110 độ,DEFINES_THRESHOLD_FOR,Phì đại thất phải,DiseaseSubtype,C0162770,,0.99,2,2,Dấu hiệu phì đại thất phải bao gồm sóng R hoặc R′ cao bằng hoặc cao hơn sóng S ở chuyển đạo V1; sóng R nhỏ hơn sóng S ở chuyển đạo V6; trục lệch phải > 110° không có blốc nhánh phải; hoặc phối hợp nào đó của những dấu hiệu này.,01_copd.txt
Tuổi,RiskFactor,C0242383,,INCREASES_RISK_OF,Tăng huyết áp,Disease,C0020538,,0.99,2,2,Huyết áp tăng dần theo tuổi.,01_tanghuyetap.txt
Tuổi dậy thì sớm,RiskFactor,C0034013,,INCREASES_RISK_OF,Hen suyễn,Disease,C0004096,,0.99,2,2,"Giới nữ, hút thuốc, tuổi dậy thì sớm, nhạy cảm với bọ ve trong nhà là những yếu tố nguy cơ cho hen kéo dài và tái phát.",henphequan.txt
Tuổi già,RiskFactor,C0001792,,INCREASES_RISK_OF,Bệnh phổi tắc nghẽn mạn tính,Disease,C0024117,,0.8,1,2,"Ngoài ra, tuổi già và sự hiện diện của bệnh tim, thiếu máu, nhịp tim nhanh khi nghỉ ngơi, tăng CO2 máu hoặc hạ oxy máu dự đoán thời gian sống thêm giảm",01_copd.txt
Tuổi già,RiskFactor,C0001792,,INCREASES_RISK_OF,Giới hạn luồng không khí,DiseaseSubtype,C0024117,,0.8,1,2,"Ngoài ra, tuổi già và sự hiện diện của bệnh tim, thiếu máu, nhịp tim nhanh khi nghỉ ngơi, tăng CO2 máu hoặc hạ oxy máu dự đoán thời gian sống thêm giảm",01_copd.txt
Tuổi mẹ khi sinh quá trẻ,RiskFactor,,,INCREASES_RISK_OF,Hen suyễn,Disease,C0004096,,0.9,1,2,"Hen suyễn cũng liên quan đến các yếu tố chu sinh, chẳng hạn như bà mẹ sinh con khi còn quá trẻ",henphequan.txt
Tăng aldosteron,Mechanism,C0020428,,UNDERLIES,Tăng huyết áp kháng trị,DiseaseSubtype,C1834155,,0.99,2,2,Tăng aldosteron hoặc tăng cortisol cận lâm sàng được xác định ở 15% đến 20% số trường hợp tăng huyết áp kháng trị.,01_tanghuyetap.txt
Tăng bạch cầu ái toan,Mechanism,C0014457,,UNDERLIES,Chồng chéo Hen suyễn-COPD,Disease,C4038730,,0.9,1,2,"các đặc điểm của hen suyễn truyền thống, bao gồm tăng bạch cầu ái toan trong máu hoặc trong đờm và tắc nghẽn dòng khí có thể đảo ngược.",henphequan.txt
Tăng carbon dioxide (PCO2) >= 40 mmHg,Measurement,,Thông số: PCO2 máu; Giá trị: >=40 mmHg,DEFINES_THRESHOLD_FOR,Hen suyễn,Disease,C0004096,,0.85,1,2,"Do đó, tăng carbon dioxide có thể xảy ra khi PCO2 đạt tới 40 mmHg.",henphequan.txt
Tăng cortisol cận lâm sàng,Mechanism,,,UNDERLIES,Tăng huyết áp kháng trị,DiseaseSubtype,C1834155,,0.99,2,2,Tăng aldosteron hoặc tăng cortisol cận lâm sàng được xác định ở 15% đến 20% số trường hợp tăng huyết áp kháng trị.,01_tanghuyetap.txt
Tăng cường hoạt động thể chất,Treatment,C4722257,,TREATS,Tăng huyết áp,Disease,C0020538,,0.99,1,2,Các biện pháp điều trị không dùng thuốc tốt nhất đã được chứng minh để phòng ngừa và điều trị tăng huyết áp bao gồm: Tăng cường hoạt động thể chất,01_tanghuyetap.txt
Tăng dung tích toàn phổi,Measurement,,Thông số: Dung tích toàn phổi,DEFINES_THRESHOLD_FOR,Bệnh phổi tắc nghẽn mạn tính,Disease,C0024117,,0.99,2,2,"Phát hiện về tăng dung tích toàn phổi, dung tích cặn chức năng và thể tích khí cặn có thể giúp phân biệt COPD khỏi bệnh phổi hạn chế",01_copd.txt
Tăng dung tích toàn phổi,Measurement,,Thông số: Dung tích toàn phổi,DEFINES_THRESHOLD_FOR,Giới hạn luồng không khí,DiseaseSubtype,C0024117,,0.99,2,2,"Phát hiện về tăng dung tích toàn phổi, dung tích cặn chức năng và thể tích khí cặn có thể giúp phân biệt COPD khỏi bệnh phổi hạn chế",01_copd.txt
Tăng huyết áp,Disease,C0020538,,LEADS_TO,Biến chứng tăng huyết áp,Complication,C3266050,,0.99,2,2,"Tăng huyết áp nặng hoặc kéo dài gây tổn thương hệ tim mạch, não và thận, làm tăng nguy cơ nhồi máu cơ tim, đột quỵ, và bệnh thận mạn.",01_tanghuyetap.txt
Tăng huyết áp,Disease,C0020538,,LEADS_TO,Biến cố tim mạch,Complication,C1320716,,0.9,1,2,Huyết áp tâm thu dự đoán các biến cố tim mạch tử vong và không tử vong tốt hơn huyết áp tâm trương,01_tanghuyetap.txt
Tăng huyết áp,Disease,C0020538,,LEADS_TO,Bóc tách động mạch chủ ngực,Complication,C0729233,,0.99,4,2,Bóc tách động mạch chủ ngực thường là hậu quả của tăng huyết áp,01_tanghuyetap.txt
Tăng huyết áp,Disease,C0020538,,LEADS_TO,Bệnh não tăng huyết áp,Complication,C0151620,,0.99,1,2,"Khi tình trạng tăng huyết áp nặng gây ra các triệu chứng về tim mạch, thần kinh, thận và võng mạc (ví dụ: xơ vữa động mạch vành có triệu chứng, suy tim, bệnh não tăng huyết áp, suy thận), thì được gọi là trường hợp cấp cứu tăng huyết áp.",01_tanghuyetap.txt
Tăng huyết áp,Disease,C0020538,,LEADS_TO,Bệnh tim mạch do xơ vữa động mạch,Disease,C0004153,,0.99,2,2,Mức huyết áp tăng cao dẫn đến xơ vữa động mạch toàn thể và đẩy nhanh quá trình hình thành xơ vữa động mạch.,01_tanghuyetap.txt
Tăng huyết áp,Disease,C0020538,,LEADS_TO,Bệnh động mạch vành,Disease,C1956346,,0.985,2,2,Bệnh động mạch vành là nguyên nhân thường gặp nhất gây tử vong ở bệnh nhân được điều trị.,01_tanghuyetap.txt
Tăng huyết áp,Disease,C0020538,,LEADS_TO,Nhồi máu não,Complication,C0007785,,0.985,2,2,"Ở những bệnh nhân được điều trị nhưng chưa thích hợp, nhồi máu não hoặc xuất huyết não là biến chứng phổ biến nhất.",01_tanghuyetap.txt
Tăng huyết áp,Disease,C0020538,,LEADS_TO,Phình động mạch chủ bụng,Complication,C0162871,,0.99,4,2,hầu hết bệnh nhân phình động mạch chủ bụng đều có tăng huyết áp.,01_tanghuyetap.txt
Tăng huyết áp,Disease,C0020538,,LEADS_TO,Tổn thương cơ quan đích,Complication,C3887506,,0.96,2,2,"Tiền sử, khám thực thể, và các xét nghiệm cận lâm sàng khác giúp xác định nguyên nhân và xác định xem đã có tổn thương các cơ quan đích hay chưa.",01_tanghuyetap.txt
Tăng huyết áp,Disease,C0020538,,LEADS_TO,Xơ vữa động mạch,Mechanism,C0004153,,0.99,2,2,Mức huyết áp tăng cao dẫn đến xơ vữa động mạch toàn thể và đẩy nhanh quá trình hình thành xơ vữa động mạch.,01_tanghuyetap.txt
Tăng huyết áp cấp cứu,DiseaseSubtype,C0745136,,DEFINES_THRESHOLD_FOR,Tăng huyết áp khẩn cấp,DiseaseSubtype,C0745138,,0.99,2,2,Ngay cả tăng huyết áp nặng (thường được định nghĩa là huyết áp tâm thu >= 180 mm Hg và/hoặc huyết áp tâm trương >= 120 mm Hg) cũng có thể không có triệu chứng (tăng huyết áp khẩn cấp).,01_tanghuyetap.txt
Tăng huyết áp cấp cứu,DiseaseSubtype,C0745136,,HAS_SIGN,Buồn nôn và nôn,Sign,C0027498,,0.9,1,2,"Các dấu hiệu đó có thể bao gồm co giật hoặc các triệu chứng thần kinh khu trú, xuất huyết võng mạc, đau ngực, khó thở hoặc buồn nôn và nôn.",01_tanghuyetap.txt
Tăng huyết áp cấp cứu,DiseaseSubtype,C0745136,,HAS_SIGN,Co giật,Sign,C0036572,,0.99,2,2,Khi có dấu hiệu của tăng huyết áp cấp cứu cần hạ huyết áp ngay lập tức với các thuốc hạ áp. Các dấu hiệu đó có thể bao gồm co giật,01_tanghuyetap.txt
Tăng huyết áp cấp cứu,DiseaseSubtype,C0745136,,HAS_SIGN,Khó thở,Symptom,C0013404,,0.9,1,2,"Các dấu hiệu đó có thể bao gồm co giật hoặc các triệu chứng thần kinh khu trú, xuất huyết võng mạc, đau ngực, khó thở",01_tanghuyetap.txt
Tăng huyết áp cấp cứu,DiseaseSubtype,C0745136,,HAS_SIGN,Triệu chứng thần kinh khu trú,Sign,C0746857,,0.99,2,2,Các dấu hiệu đó có thể bao gồm co giật hoặc các triệu chứng thần kinh khu trú,01_tanghuyetap.txt
Tăng huyết áp cấp cứu,DiseaseSubtype,C0745136,,HAS_SIGN,Xuất huyết võng mạc,Sign,C0035317,,0.99,2,2,"Các dấu hiệu đó có thể bao gồm co giật hoặc các triệu chứng thần kinh khu trú, xuất huyết võng mạc, đau ngực, khó thở hoặc buồn nôn và nôn.",01_tanghuyetap.txt
Tăng huyết áp cấp cứu,DiseaseSubtype,C0745136,,HAS_SIGN,Đau ngực,Sign,C0008031,,0.99,2,2,"Các dấu hiệu đó có thể bao gồm co giật hoặc các triệu chứng thần kinh khu trú, xuất huyết võng mạc, đau ngực, khó thở hoặc buồn nôn và nôn.",01_tanghuyetap.txt
Tăng huyết áp cấp cứu,DiseaseSubtype,C0745136,,IS_SUBTYPE_OF,Tăng huyết áp,Disease,C0020538,,0.99,2,2,(Xem thêm Tăng huyết áp và các trường hợp tăng huyết áp cấp cứu.),02_thuocdieutri.txt
Tăng huyết áp cấp cứu,DiseaseSubtype,C0745136,,LEADS_TO,Bóc tách động mạch chủ cấp,Complication,,,0.99,2,2,"Tổn thương cơ quan đích bao gồm bệnh não do tăng huyết áp, tiền sản giật và sản giật, suy thất tâm thất trái cấp tính có phù phổi, thiếu máu cơ tim, tách thành động mạch chủ cấp và suy thận.",02_thuocdieutri.txt
Tăng huyết áp cấp cứu,DiseaseSubtype,C0745136,,LEADS_TO,Bệnh não do tăng huyết áp,Disease,C0151620,,0.99,2,2,Tổn thương cơ quan đích bao gồm bệnh não do tăng huyết áp,02_thuocdieutri.txt
Tăng huyết áp cấp cứu,DiseaseSubtype,C0745136,,LEADS_TO,Bệnh não tăng huyết áp,Complication,C0151620,,0.99,2,2,Tổn thương cơ quan đích bao gồm bệnh não do tăng huyết áp,02_thuocdieutri.txt
Tăng huyết áp cấp cứu,DiseaseSubtype,C0745136,,LEADS_TO,Suy thất trái cấp tính,Complication,C1306063,,0.99,1,2,"Tổn thương cơ quan đích bao gồm bệnh não do tăng huyết áp, tiền sản giật và sản giật, suy thất tâm thất trái cấp tính có phù phổi, thiếu máu cơ tim, tách thành động mạch chủ cấp và suy thận.",02_thuocdieutri.txt
Tăng huyết áp cấp cứu,DiseaseSubtype,C0745136,,LEADS_TO,Suy thất trái cấp tính có phù phổi,Complication,,,0.99,1,2,"Tổn thương cơ quan đích bao gồm bệnh não do tăng huyết áp, tiền sản giật và sản giật, suy thất tâm thất trái cấp tính có phù phổi, thiếu máu cơ tim, tách thành động mạch chủ cấp và suy thận.",02_thuocdieutri.txt
Tăng huyết áp cấp cứu,DiseaseSubtype,C0745136,,LEADS_TO,Suy thận,Complication,C1565489,,0.99,2,2,"Tổn thương cơ quan đích bao gồm bệnh não do tăng huyết áp, tiền sản giật và sản giật, suy thất tâm thất trái cấp tính có phù phổi, thiếu máu cơ tim, tách thành động mạch chủ cấp và suy thận.",02_thuocdieutri.txt
Tăng huyết áp cấp cứu,DiseaseSubtype,C0745136,,LEADS_TO,Thiếu máu cơ tim,Complication,C0151744,,0.99,2,2,"Tổn thương cơ quan đích bao gồm bệnh não do tăng huyết áp, tiền sản giật và sản giật, suy thất tâm thất trái cấp tính có phù phổi, thiếu máu cơ tim, tách thành động mạch chủ cấp và suy thận.",02_thuocdieutri.txt
Tăng huyết áp cấp cứu,DiseaseSubtype,C0745136,,LEADS_TO,Tiền sản giật và sản giật,Complication,C5574918,,0.99,2,2,"Tổn thương cơ quan đích bao gồm bệnh não do tăng huyết áp, tiền sản giật và sản giật, suy thất tâm thất trái cấp tính có phù phổi, thiếu máu cơ tim, tách thành động mạch chủ cấp và suy thận.",02_thuocdieutri.txt
Tăng huyết áp cấp cứu,DiseaseSubtype,C0745136,,LEADS_TO,Tổn thương cơ quan đích,Complication,C3887506,,0.99,4,2,"(Tăng huyết áp cấp tính nặng) Tăng huyết áp cấp cứu là tăng huyết áp nặng (thường được xác định là huyết áp tâm thu (HA) >= 180 mm Hg và/hoặc huyết áp tâm trương >= 120 mm Hg) có dấu hiệu tổn thương các cơ quan đích (chủ yếu là não, hệ tim mạch và thận).",02_thuocdieutri.txt
Tăng huyết áp do mạch thận,DiseaseSubtype,C0020545,,CAUSES,Tăng huyết áp,Disease,C0020538,,0.99,2,2,"Dạng này là điển hình của tăng huyết áp nguyên phát và tăng huyết áp do cường aldosteron nguyên phát, u tủy thượng thận, bệnh mạch thận và bệnh nhu mô thận.",01_tanghuyetap.txt
Tăng huyết áp nặng: Huyết áp tâm thu >= 180 mmHg hoặc huyết áp tâm trương >= 120 mmHg,Measurement,C0745136,Thông số: Tăng huyết áp nặng; Huyết áp 180/120 mmHg,DEFINES_THRESHOLD_FOR,Tăng huyết áp khẩn cấp,DiseaseSubtype,C0745138,,0.99,2,2,Ngay cả tăng huyết áp nặng (thường được định nghĩa là huyết áp tâm thu >= 180 mm Hg và/hoặc huyết áp tâm trương >= 120 mm Hg) cũng có thể không có triệu chứng (tăng huyết áp khẩn cấp).,01_tanghuyetap.txt
Tăng huyết áp nặng: Huyết áp tâm thu >= 180 mmHg hoặc huyết áp tâm trương >= 120 mmHg,Measurement,C0745136,Thông số: Tăng huyết áp nặng; Huyết áp 180/120 mmHg,HAS_SIGN,Buồn nôn và nôn,Sign,C0027498,,0.9,1,2,"Các dấu hiệu đó có thể bao gồm co giật hoặc các triệu chứng thần kinh khu trú, xuất huyết võng mạc, đau ngực, khó thở hoặc buồn nôn và nôn.",01_tanghuyetap.txt
Tăng huyết áp nặng: Huyết áp tâm thu >= 180 mmHg hoặc huyết áp tâm trương >= 120 mmHg,Measurement,C0745136,Thông số: Tăng huyết áp nặng; Huyết áp 180/120 mmHg,HAS_SIGN,Co giật,Sign,C0036572,,0.99,2,2,Khi có dấu hiệu của tăng huyết áp cấp cứu cần hạ huyết áp ngay lập tức với các thuốc hạ áp. Các dấu hiệu đó có thể bao gồm co giật,01_tanghuyetap.txt
Tăng huyết áp nặng: Huyết áp tâm thu >= 180 mmHg hoặc huyết áp tâm trương >= 120 mmHg,Measurement,C0745136,Thông số: Tăng huyết áp nặng; Huyết áp 180/120 mmHg,HAS_SIGN,Khó thở,Symptom,C0013404,,0.9,1,2,"Các dấu hiệu đó có thể bao gồm co giật hoặc các triệu chứng thần kinh khu trú, xuất huyết võng mạc, đau ngực, khó thở",01_tanghuyetap.txt
Tăng huyết áp nặng: Huyết áp tâm thu >= 180 mmHg hoặc huyết áp tâm trương >= 120 mmHg,Measurement,C0745136,Thông số: Tăng huyết áp nặng; Huyết áp 180/120 mmHg,HAS_SIGN,Triệu chứng thần kinh khu trú,Sign,C0746857,,0.99,2,2,Các dấu hiệu đó có thể bao gồm co giật hoặc các triệu chứng thần kinh khu trú,01_tanghuyetap.txt
Tăng huyết áp nặng: Huyết áp tâm thu >= 180 mmHg hoặc huyết áp tâm trương >= 120 mmHg,Measurement,C0745136,Thông số: Tăng huyết áp nặng; Huyết áp 180/120 mmHg,HAS_SIGN,Xuất huyết võng mạc,Sign,C0035317,,0.99,2,2,"Các dấu hiệu đó có thể bao gồm co giật hoặc các triệu chứng thần kinh khu trú, xuất huyết võng mạc, đau ngực, khó thở hoặc buồn nôn và nôn.",01_tanghuyetap.txt
Tăng huyết áp nặng: Huyết áp tâm thu >= 180 mmHg hoặc huyết áp tâm trương >= 120 mmHg,Measurement,C0745136,Thông số: Tăng huyết áp nặng; Huyết áp 180/120 mmHg,HAS_SIGN,Đau ngực,Sign,C0008031,,0.99,2,2,"Các dấu hiệu đó có thể bao gồm co giật hoặc các triệu chứng thần kinh khu trú, xuất huyết võng mạc, đau ngực, khó thở hoặc buồn nôn và nôn.",01_tanghuyetap.txt
Tăng huyết áp nặng: Huyết áp tâm thu >= 180 mmHg hoặc huyết áp tâm trương >= 120 mmHg,Measurement,C0745136,Thông số: Tăng huyết áp nặng; Huyết áp 180/120 mmHg,IS_SUBTYPE_OF,Tăng huyết áp,Disease,C0020538,,0.99,2,2,(Xem thêm Tăng huyết áp và các trường hợp tăng huyết áp cấp cứu.),02_thuocdieutri.txt
Tăng huyết áp nặng: Huyết áp tâm thu >= 180 mmHg hoặc huyết áp tâm trương >= 120 mmHg,Measurement,C0745136,Thông số: Tăng huyết áp nặng; Huyết áp 180/120 mmHg,LEADS_TO,Bóc tách động mạch chủ cấp,Complication,,,0.99,2,2,"Tổn thương cơ quan đích bao gồm bệnh não do tăng huyết áp, tiền sản giật và sản giật, suy thất tâm thất trái cấp tính có phù phổi, thiếu máu cơ tim, tách thành động mạch chủ cấp và suy thận.",02_thuocdieutri.txt
Tăng huyết áp nặng: Huyết áp tâm thu >= 180 mmHg hoặc huyết áp tâm trương >= 120 mmHg,Measurement,C0745136,Thông số: Tăng huyết áp nặng; Huyết áp 180/120 mmHg,LEADS_TO,Bệnh não do tăng huyết áp,Disease,C0151620,,0.99,2,2,Tổn thương cơ quan đích bao gồm bệnh não do tăng huyết áp,02_thuocdieutri.txt
Tăng huyết áp nặng: Huyết áp tâm thu >= 180 mmHg hoặc huyết áp tâm trương >= 120 mmHg,Measurement,C0745136,Thông số: Tăng huyết áp nặng; Huyết áp 180/120 mmHg,LEADS_TO,Bệnh não tăng huyết áp,Complication,C0151620,,0.99,2,2,Tổn thương cơ quan đích bao gồm bệnh não do tăng huyết áp,02_thuocdieutri.txt
Tăng huyết áp nặng: Huyết áp tâm thu >= 180 mmHg hoặc huyết áp tâm trương >= 120 mmHg,Measurement,C0745136,Thông số: Tăng huyết áp nặng; Huyết áp 180/120 mmHg,LEADS_TO,Suy thất trái cấp tính,Complication,C1306063,,0.99,1,2,"Tổn thương cơ quan đích bao gồm bệnh não do tăng huyết áp, tiền sản giật và sản giật, suy thất tâm thất trái cấp tính có phù phổi, thiếu máu cơ tim, tách thành động mạch chủ cấp và suy thận.",02_thuocdieutri.txt
Tăng huyết áp nặng: Huyết áp tâm thu >= 180 mmHg hoặc huyết áp tâm trương >= 120 mmHg,Measurement,C0745136,Thông số: Tăng huyết áp nặng; Huyết áp 180/120 mmHg,LEADS_TO,Suy thất trái cấp tính có phù phổi,Complication,,,0.99,1,2,"Tổn thương cơ quan đích bao gồm bệnh não do tăng huyết áp, tiền sản giật và sản giật, suy thất tâm thất trái cấp tính có phù phổi, thiếu máu cơ tim, tách thành động mạch chủ cấp và suy thận.",02_thuocdieutri.txt
Tăng huyết áp nặng: Huyết áp tâm thu >= 180 mmHg hoặc huyết áp tâm trương >= 120 mmHg,Measurement,C0745136,Thông số: Tăng huyết áp nặng; Huyết áp 180/120 mmHg,LEADS_TO,Suy thận,Complication,C1565489,,0.99,2,2,"Tổn thương cơ quan đích bao gồm bệnh não do tăng huyết áp, tiền sản giật và sản giật, suy thất tâm thất trái cấp tính có phù phổi, thiếu máu cơ tim, tách thành động mạch chủ cấp và suy thận.",02_thuocdieutri.txt
Tăng huyết áp nặng: Huyết áp tâm thu >= 180 mmHg hoặc huyết áp tâm trương >= 120 mmHg,Measurement,C0745136,Thông số: Tăng huyết áp nặng; Huyết áp 180/120 mmHg,LEADS_TO,Thiếu máu cơ tim,Complication,C0151744,,0.99,2,2,"Tổn thương cơ quan đích bao gồm bệnh não do tăng huyết áp, tiền sản giật và sản giật, suy thất tâm thất trái cấp tính có phù phổi, thiếu máu cơ tim, tách thành động mạch chủ cấp và suy thận.",02_thuocdieutri.txt
Tăng huyết áp nặng: Huyết áp tâm thu >= 180 mmHg hoặc huyết áp tâm trương >= 120 mmHg,Measurement,C0745136,Thông số: Tăng huyết áp nặng; Huyết áp 180/120 mmHg,LEADS_TO,Tiền sản giật và sản giật,Complication,C5574918,,0.99,2,2,"Tổn thương cơ quan đích bao gồm bệnh não do tăng huyết áp, tiền sản giật và sản giật, suy thất tâm thất trái cấp tính có phù phổi, thiếu máu cơ tim, tách thành động mạch chủ cấp và suy thận.",02_thuocdieutri.txt
Tăng huyết áp nặng: Huyết áp tâm thu >= 180 mmHg hoặc huyết áp tâm trương >= 120 mmHg,Measurement,C0745136,Thông số: Tăng huyết áp nặng; Huyết áp 180/120 mmHg,LEADS_TO,Tổn thương cơ quan đích,Complication,C3887506,,0.99,4,2,"(Tăng huyết áp cấp tính nặng) Tăng huyết áp cấp cứu là tăng huyết áp nặng (thường được xác định là huyết áp tâm thu (HA) >= 180 mm Hg và/hoặc huyết áp tâm trương >= 120 mm Hg) có dấu hiệu tổn thương các cơ quan đích (chủ yếu là não, hệ tim mạch và thận).",02_thuocdieutri.txt
Tăng huyết áp thứ phát,DiseaseSubtype,C0155616,,CAUSES,Tăng huyết áp kháng trị,DiseaseSubtype,C1834155,,0.8,1,2,Nguyên nhân thứ phát gây tăng huyết áp phải được loại trừ khi đánh giá tình trạng tăng huyết áp kháng trị.,01_tanghuyetap.txt
Tăng huyết áp tâm thu do lượng natri lớn: 10 - 20 mmHg,Measurement,,Thông số: Tăng huyết áp tâm thu; min_value: 10; max_value: 20,DEFINES_THRESHOLD_FOR,Tăng huyết áp,Disease,C0020538,,0.8,1,2,"Khi lượng oxit nitric giảm, lượng natri lớn (ví dụ: bữa ăn mặn) có thể làm tăng huyết áp tâm thu từ 10 đến 20 mm Hg.",01_tanghuyetap.txt
Tăng huyết áp áo choàng trắng,DiseaseSubtype,C0262534,,LEADS_TO,Biến cố tim mạch,Complication,C1320716,,0.98,2,2,Tăng huyết áp áo choàng trắng không được điều trị dường như có liên quan đến kết quả tim mạch bất lợi hơn so với huyết áp bình thường.,01_tanghuyetap.txt
Tăng huyết áp ẩn,DiseaseSubtype,C3178811,,LEADS_TO,Nguy cơ tim mạch,Complication,C4324389,,0.99,2,2,"Tăng huyết áp ẩn và tăng huyết áp ẩn không kiểm soát được (ở những người đang được điều trị) có liên quan đến tăng nguy cơ tim mạch, với tỷ lệ tử vong tương tự như nguy cơ ở những bệnh nhân bị tăng huyết áp kéo dài.",01_tanghuyetap.txt
Tăng huyết áp ẩn không kiểm soát được,DiseaseSubtype,,,LEADS_TO,Nguy cơ tim mạch,Complication,C4324389,,0.99,2,2,"Tăng huyết áp ẩn và tăng huyết áp ẩn không kiểm soát được (ở những người đang được điều trị) có liên quan đến tăng nguy cơ tim mạch, với tỷ lệ tử vong tương tự như nguy cơ ở những bệnh nhân bị tăng huyết áp kéo dài.",01_tanghuyetap.txt
Tăng nguy cơ,RiskFactor,C4699158,,INCREASES_RISK_OF,Đái tháo đường,Disease,C0011849,,0.99,2,2,Sàng lọc đái tháo đường nên được tiến hành cho người có tăng nguy cơ.,01_daithaoduong.txt
Tăng nhu cầu sử dụng corticosteroid đường uống,RiskFactor,,,INCREASES_RISK_OF,Tử vong,Complication,C1306577,,0.99,1,2,Các yếu tố nguy cơ tử vong bao gồm việc tăng nhu cầu sử dụng corticosteroid đường uống trước khi nhập viện,henphequan.txt
Tăng nhu cầu sử dụng corticosteroid đường uống trước khi nhập viện,RiskFactor,,,INCREASES_RISK_OF,Tử vong,Complication,C1306577,,0.99,1,2,Các yếu tố nguy cơ tử vong bao gồm việc tăng nhu cầu sử dụng corticosteroid đường uống trước khi nhập viện,henphequan.txt
Tăng tích lũy mỡ tạng,RiskFactor,,,INCREASES_RISK_OF,Tăng đường huyết,DiseaseSubtype,C0020456,,0.8,1,2,"Nồng độ glucose cũng có thể trở lại bình thường kéo dài hơn, một phần vì tăng tích lũy mỡ tạng và bụng và giảm khối lượng cơ.",01_daithaoduong.txt
Tăng đáp ứng phế quản,Mechanism,C0085129,,UNDERLIES,RADS,Disease,C1299633,,0.9,1,2,"RADS và hen kích ứng mạn tính có nhiều điểm tương đồng về lâm sàng với hen (ví dụ: thở khò khè, khó thở, ho, có hạn chế luồng khí, tăng đáp ứng phế quản)",henphequan.txt
Tăng đường huyết,DiseaseSubtype,C0020456,,LEADS_TO,Biến chứng mạch máu,Complication,C0920165,,0.99,2,2,"Nhiều năm kiểm soát tăng đường huyết kém dẫn tới nhiều biến chứng mạch máu, ảnh hưởng tới mạch máu nhỏ (vi mạch), mạch lớn (mạch máu lớn), hoặc cả hai.",01_daithaoduong.txt
Tăng đường huyết,DiseaseSubtype,C0020456,,LEADS_TO,Rối loạn chức năng miễn dịch,Complication,C0015674,,0.99,2,2,Rối loạn chức năng miễn dịch là một biến chứng lớn khác và phát triển từ những tác động trực tiếp của tăng đường huyết trên miễn dịch tế bào.,01_daithaoduong.txt
Tăng đường huyết,DiseaseSubtype,C0020456,,LEADS_TO,Tử vong,Complication,C1306577,,0.99,2,2,Tăng đường huyết nội trú có liên quan đến tăng tỷ lệ nhiễm trùng và tỷ lệ tử vong.,01_daithaoduong.txt
Tăng đường huyết do căng thẳng,DiseaseSubtype,C0342303,,LEADS_TO,Tử vong,Complication,C1306577,,0.99,2,2,"Tăng đường huyết do căng thẳng như vậy có liên quan đến kết quả xấu, bao gồm tăng tỷ lệ tử vong.",01_daithaoduong.txt
Tư vấn dinh dưỡng,Treatment,C0582887,,TREATS,Đái tháo đường loại 1,DiseaseSubtype,C0011854,,0.99,2,2,"Đối với cả đái tháo đường loại 1 và loại 2, tư vấn dinh dưỡng với chuyên gia dinh dưỡng nên bổ sung cho tư vấn của bác sĩ",01_daithaoduong.txt
Tư vấn dinh dưỡng,Treatment,C0582887,,TREATS,Đái tháo đường loại 2,DiseaseSubtype,C0011860,,0.99,2,2,"Đối với cả đái tháo đường loại 1 và loại 2, tư vấn dinh dưỡng với chuyên gia dinh dưỡng nên bổ sung cho tư vấn của bác sĩ",01_daithaoduong.txt
Tần suất tự kiểm tra đường huyết ở ĐTĐ Type 1: >= 4 lần/ngày,Measurement,,Thông số: Tần suất tự kiểm tra đường huyết; frequency: 4,DEFINES_THRESHOLD_FOR,Đái tháo đường loại 1,DiseaseSubtype,C0011854,,0.85,1,2,Hầu hết bệnh nhân tiểu đường loại 1 đều được hưởng lợi từ việc xét nghiệm ít nhất 4 lần một ngày.,01_daithaoduong.txt
Tần suất đợt cấp COPD: 1 - 3 đợt/năm,Measurement,,Thông số: Tần suất đợt cấp COPD; min_value: 1; max_value: 3,DEFINES_THRESHOLD_FOR,Đợt cấp COPD,DiseaseSubtype,C0340044,,0.99,2,2,"Khi COPD tiến triển, các đợt cấp tính có xu hướng trở nên thường xuyên hơn, trung bình khoảng 1 đợt đến 3 đợt/năm.",01_copd.txt
Tập thể dục,Treatment,C0015259,,INCREASES_RISK_OF,Bệnh hen do tập luyện,Disease,C0004099,,0.99,2,2,Hen do gắng sức thường có thể được ngăn ngừa bằng dùng thuốc cường beta-2 tác dụng ngắn dạng hít dự phòng hoặc thuốc ổn định tế bào mast trước khi bắt đầu tập thể dục.,henphequan.txt
Tập thể dục,Treatment,C0015259,,INCREASES_RISK_OF,Hen do gắng sức,DiseaseSubtype,C0004099,,0.99,2,2,Hen do gắng sức thường có thể được ngăn ngừa bằng dùng thuốc cường beta-2 tác dụng ngắn dạng hít dự phòng hoặc thuốc ổn định tế bào mast trước khi bắt đầu tập thể dục.,henphequan.txt
Tập thể dục,Treatment,C0015259,,INCREASES_RISK_OF,Hen suyễn,Disease,C0004096,,0.99,2,2,Tập thể dục có thể là một yếu tố khởi phát,henphequan.txt
Tập thể dục,Treatment,C0015259,,TREATS,Đái tháo đường,Disease,C0011849,,0.99,2,2,"Điều trị bằng chế độ ăn kiêng, tập thể dục và dùng thuốc làm giảm lượng glucose, bao gồm insulin, thuốc hạ đường huyết đường uống và thuốc tiêm không chứa insulin.",01_daithaoduong.txt
Tắc nghẽn đường thở,DiseaseSubtype,C0001883,,UNDERLIES,Bệnh phổi tắc nghẽn mạn tính,Disease,C0024117,,0.99,2,2,Đặc điểm sinh bệnh học chủ yếu của COPD là hạn chế luồng không khí do hẹp đường dẫn khí,01_copd.txt
Tắc nghẽn đường thở,DiseaseSubtype,C0001883,,UNDERLIES,Giới hạn luồng không khí,DiseaseSubtype,C0024117,,0.99,2,2,Đặc điểm sinh bệnh học chủ yếu của COPD là hạn chế luồng không khí do hẹp đường dẫn khí,01_copd.txt
Tế bào Th2,Mechanism,C0242633,,UNDERLIES,Hen suyễn,Disease,C0004096,,0.99,2,2,"Ở bệnh nhân hen suyễn, tế bào TH2 và các loại tế bào khác - đặc biệt là bạch cầu ái toan và các tế bào mast, các dưới nhóm CD4+ và bạch cầu trung tính - hình thành quá trình viêm thâm nhiễm lan rộng vào biểu mô và cơ trơn đường thở, dẫn đến sự thay đổi đường thở (như sự viêm trợt, xơ hóa dưới biểu mô, tăng sinh mạch, phì đại cơ trơn).",henphequan.txt
Tế bào beta,Mechanism,C0030281,,AFFECTS_ORGAN,Tuyến tụy,Organ,C0030274,,0.99,2,2,Quá trình phá hủy tế bào beta ở tuyến tụy tự miễn,01_daithaoduong.txt
Tế bào beta,Mechanism,C0030281,,UNDERLIES,Insulin,Mechanism,C1533581,dose: 15 units,0.99,2,2,cả hai kỹ thuật đều cấy ghép tế bào beta sản xuất insulin một cách hiệu quả,01_daithaoduong.txt
Tốc độ giảm FEV1 >= 60 mL/năm,Measurement,,Thông số: Tốc độ giảm FEV1; Giá trị: >=60 mL/năm,DEFINES_THRESHOLD_FOR,Bệnh phổi tắc nghẽn mạn tính,Disease,C0024117,,0.95,1,2,"Trong con đường đầu tiên, bệnh nhân có thể có chức năng phổi bình thường ở tuổi trưởng thành sớm, sau đó FEV1 giảm nhanh hơn (>= 60 mL/năm).",01_copd.txt
Tốc độ giảm FEV1 >= 60 mL/năm,Measurement,,Thông số: Tốc độ giảm FEV1; Giá trị: >=60 mL/năm,DEFINES_THRESHOLD_FOR,Giới hạn luồng không khí,DiseaseSubtype,C0024117,,0.95,1,2,"Trong con đường đầu tiên, bệnh nhân có thể có chức năng phổi bình thường ở tuổi trưởng thành sớm, sau đó FEV1 giảm nhanh hơn (>= 60 mL/năm).",01_copd.txt
Tốc độ giảm FEV1 khoảng 30 mL/năm,Measurement,,Thông số: Tốc độ giảm FEV1; Giá trị: 30 mL/năm,DEFINES_THRESHOLD_FOR,Bệnh phổi tắc nghẽn mạn tính,Disease,C0024117,,0.95,1,2,"Ở những bệnh nhân này, COPD có thể biểu hiện sự suy giảm FEV1 bình thường theo tuổi tác (khoảng 30 mL/năm).",01_copd.txt
Tốc độ giảm FEV1 khoảng 30 mL/năm,Measurement,,Thông số: Tốc độ giảm FEV1; Giá trị: 30 mL/năm,DEFINES_THRESHOLD_FOR,Giới hạn luồng không khí,DiseaseSubtype,C0024117,,0.95,1,2,"Ở những bệnh nhân này, COPD có thể biểu hiện sự suy giảm FEV1 bình thường theo tuổi tác (khoảng 30 mL/năm).",01_copd.txt
Tổn thương cơ quan đích,Complication,C3887506,,AFFECTS_ORGAN,Hệ tim mạch,Organ,C0007226,,0.99,2,2,"tổn thương các cơ quan đích (chủ yếu là não, hệ tim mạch và thận)",02_thuocdieutri.txt
Tổn thương cơ quan đích,Complication,C3887506,,AFFECTS_ORGAN,Não,Organ,C0006104,,0.99,2,2,"tổn thương các cơ quan đích (chủ yếu là não, hệ tim mạch và thận)",02_thuocdieutri.txt
Tổn thương cơ quan đích,Complication,C3887506,,AFFECTS_ORGAN,Thận,Organ,C0022646,,0.99,2,2,"tổn thương các cơ quan đích (chủ yếu là não, hệ tim mạch và thận)",02_thuocdieutri.txt
Tổn thương thận,Complication,C2609414,,AFFECTS_ORGAN,Hệ thần kinh trung ương,Organ,C3714787,,0.9,1,2,Tổn thương thận có thể không biểu hiện triệu chứng,02_thuocdieutri.txt
Tự chăm sóc,Treatment,C0036592,,TREATS,Đái tháo đường không ổn định,DiseaseSubtype,C0342302,,0.85,1,2,Tiếp cận ban đầu là xem xét cẩn thận kĩ thuật tự chăm sóc,01_daithaoduong.txt
Tỷ lệ FEV1/FVC,Measurement,,Thông số: Tỷ lệ FEV1/FVC,MODIFIES,Hen suyễn,Disease,C0004096,,0.9775,2,2,"Suy giảm chức năng hoặc suy giảm chức năng sinh lý, suy giảm khách quan ở phổi có thể được đo bằng phương pháp đo phế dung kế, chủ yếu là thể tích thở ra gắng sức trong 1 giây (FEV1) và tỷ lệ giữa FEV1 với dung tích sống gắng sức (FVC), tương quan chặt chẽ với các thành phần chủ quan kiểm soát hen suyễn bao gồm các triệu chứng và các đặc điểm lâm sàng như là",henphequan.txt
Tỷ lệ albumin/creatinin niệu,Test,C0455271,,DIAGNOSES,Tăng huyết áp,Disease,C0020538,,0.99,2,2,Các xét nghiệm có thể bao gồm Phân tích nước tiểu và tỷ lệ albumin/creatinin niệu,01_tanghuyetap.txt
Tỷ lệ mang gen nhạy cảm HLA ở ĐTĐ Type 1: > 90%,Measurement,,Thông số: Tỷ lệ mang gen nhạy cảm HLA; Giá trị: >90 %,DEFINES_THRESHOLD_FOR,Đái tháo đường loại 1,DiseaseSubtype,C0011854,,0.8,1,2,chúng xuất hiện trong > 90% bệnh nhân đái tháo đường loại 1,01_daithaoduong.txt
Tỷ lệ sống thêm sau 1 năm < 10%,Measurement,,Thông số: Tỷ lệ sống thêm sau 1 năm; Giá trị: <10 %,DEFINES_THRESHOLD_FOR,Bệnh võng mạc độ 3,DiseaseSubtype,C1443383,,0.99,2,2,"Nếu không điều trị, tỷ lệ sống thêm sau 1 năm là < 10% ở những bệnh nhân bị xơ võng mạc, xuất tiết bông, hẹp tiểu động mạch và xuất huyết (bệnh võng mạc độ 3)",01_tanghuyetap.txt
Tỷ lệ sống thêm sau 1 năm < 5%,Measurement,,Thông số: Tỷ lệ sống thêm sau 1 năm; Giá trị: <5 %,DEFINES_THRESHOLD_FOR,Bệnh võng mạc độ 4,DiseaseSubtype,C1443384,,0.95,1,2,và < 5% ở những bệnh nhân có những thay đổi tương tự cộng với phù gai thị (bệnh võng mạc độ 4) ).,01_tanghuyetap.txt
Tỷ lệ đường kính động mạch phổi/động mạch chủ lên > 1,Measurement,,Thông số: Tỷ lệ đường kính động mạch phổi/động mạch chủ lên; Giá trị: >1,DEFINES_THRESHOLD_FOR,Tăng áp động mạch phổi,DiseaseSubtype,C2973725,,0.95,1,2,Đường kính động mạch phổi mở rộng lớn hơn đường kính động mạch chủ lên gợi ý tăng áp động mạch phổi.,01_copd.txt
U hạt do tăng bạch cầu ái toan,Disease,C0014461,,INCREASES_RISK_OF,Bệnh phổi tắc nghẽn mạn tính,Disease,C0024117,,0.96,2,2,"Các bệnh lý hệ thống có thể có một phần hạn chế luồng khí gợi ý COPD; các bệnh lý này bao gồm nhiễm HIV, lạm dụng các loại thuốc bất hợp pháp (đặc biệt là cocaine và amphetamine), bệnh sarcoid, hội chứng Sjögren, viêm tiểu phế quản tắc nghẽn, bệnh u cơ trơn mạch bạch huyết và u hạt do tăng bạch cầu ái toan.",01_copd.txt
U hạt do tăng bạch cầu ái toan,Disease,C0014461,,INCREASES_RISK_OF,Giới hạn luồng không khí,DiseaseSubtype,C0024117,,0.96,2,2,"Các bệnh lý hệ thống có thể có một phần hạn chế luồng khí gợi ý COPD; các bệnh lý này bao gồm nhiễm HIV, lạm dụng các loại thuốc bất hợp pháp (đặc biệt là cocaine và amphetamine), bệnh sarcoid, hội chứng Sjögren, viêm tiểu phế quản tắc nghẽn, bệnh u cơ trơn mạch bạch huyết và u hạt do tăng bạch cầu ái toan.",01_copd.txt
U tế bào ưa crom,Disease,C4551683,,CAUSES,Tăng huyết áp,Disease,C0020538,,0.99,2,2,"Dạng này là điển hình của tăng huyết áp nguyên phát và tăng huyết áp do cường aldosteron nguyên phát, u tủy thượng thận",01_tanghuyetap.txt
U tủy thượng thận,Cause,C4551683,,CAUSES,Tăng huyết áp,Disease,C0020538,,0.99,2,2,"Dạng này là điển hình của tăng huyết áp nguyên phát và tăng huyết áp do cường aldosteron nguyên phát, u tủy thượng thận",01_tanghuyetap.txt
Ung thư,Disease,C0006826,,LEADS_TO,Bệnh phổi tắc nghẽn mạn tính,Disease,C0024117,,0.85,1,2,"Tỷ lệ tử vong trong COPD có thể do các bệnh đi kèm (ví dụ: bệnh tim mạch, ung thư)",01_copd.txt
Ung thư,Disease,C0006826,,LEADS_TO,Giới hạn luồng không khí,DiseaseSubtype,C0024117,,0.85,1,2,"Tỷ lệ tử vong trong COPD có thể do các bệnh đi kèm (ví dụ: bệnh tim mạch, ung thư)",01_copd.txt
Urine glucose test,Test,C0427747,,DIAGNOSES,Đái tháo đường,Disease,C0011849,,0.99,2,2,"Đo lượng glucose trong nước tiểu, không sử dụng để chẩn đoán và theo dõi vì không nhạy và không đặc hiệu.",01_daithaoduong.txt
Verapamil,Drug,C0042523,,TREATS,Đái tháo đường loại 1,DiseaseSubtype,C0011854,,0.99,2,2,Một số dữ liệu cho thấy verapamil có thể bảo tồn chức năng tế bào beta ở bệnh nhân tiểu đường mới được chẩn đoán.,01_daithaoduong.txt
Vi rút Epstein-Barr,Cause,C0014644,,CAUSES,Đái tháo đường loại 1,DiseaseSubtype,C0011854,,0.9,1,2,"Một số loại vi rút (bao gồm coxsackievirus, vi rút rubella, cytomegalovirus, vi rút Epstein-Barr, SARS-CoV-2 (1, 2) và retrovirus) có liên quan đến khởi phát của bệnh tiểu đường loại 1.",01_daithaoduong.txt
Vi rút Rubella,Cause,C0035924,,CAUSES,Đái tháo đường loại 1,DiseaseSubtype,C0011854,,0.9,1,2,"Một số loại vi rút (bao gồm coxsackievirus, vi rút rubella, cytomegalovirus, vi rút Epstein-Barr, SARS-CoV-2 (1, 2) và retrovirus) có liên quan đến khởi phát của bệnh tiểu đường loại 1.",01_daithaoduong.txt
Vi rút nhiễm trùng đường hô hấp trên,Cause,C4039754,,CAUSES,Đợt cấp COPD,DiseaseSubtype,C0340044,,0.99,2,2,các đợt cấp thường được cho là do các vi rút gây các bệnh nhiễm trùng đường hô hấp trên,01_copd.txt
Viêm do dị ứng (T2),DiseaseSubtype,,,IS_SUBTYPE_OF,Hen suyễn,Disease,C0004096,,0.99,2,2,"T2, hoặc viêm do dị ứng, thường được đặc trưng bởi tăng oxit nitric thở ra (FeNO), tăng số lượng bạch cầu ái toan trong máu và tăng IgE huyết thanh và là phân nhóm bệnh hen suyễn được công nhận là phổ biến nhất.",henphequan.txt
Viêm mũi dị ứng,Disease,C2607914,,INCREASES_RISK_OF,Hen suyễn,Disease,C0004096,,0.99,4,2,"Trước khi liệu pháp được tăng cường, việc tuân thủ, tiếp xúc với các yếu tố môi trường (ví dụ: tiếp xúc với chất kích thích) và sự hiện diện của các bệnh kèm theo (ví dụ: béo phì, viêm mũi dị ứng, bệnh trào ngược dạ dày thực quản, bệnh phổi tắc nghẽn mạn tính, ngưng thở khi ngủ do tắc nghẽn, rối loạn chức năng dây thanh âm, sử dụng cocaine dạng hít).",henphequan.txt
Viêm phế quản cấp do vi khuẩn,Cause,C0339933,,CAUSES,Đợt cấp COPD,DiseaseSubtype,C0340044,,0.99,2,2,"Nguyên nhân cụ thể của bất kỳ đợt cấp nào không phải lúc nào cũng xác định được, nhưng các đợt cấp thường được cho là do các vi rút gây các bệnh nhiễm trùng đường hô hấp trên, viêm phế quản cấp do vi khuẩn hoặc tiếp xúc với các chất kích thích hô hấp.",01_copd.txt
Viêm phế quản mạn tính tắc nghẽn,DiseaseSubtype,C0155874,,IS_SUBTYPE_OF,Bệnh phổi tắc nghẽn mạn tính,Disease,C0024117,,0.99,1,2,"Bệnh phổi tắc nghẽn mạn tính (COPD) đặc trưng bởi sự giới hạn về luồng khí thở gây ra do đáp ứng viêm do hít phải các chất khí độc hại, thường là khói thuốc lá.",01_copd.txt
Viêm phế quản mạn tính tắc nghẽn,DiseaseSubtype,C0155874,,IS_SUBTYPE_OF,Giới hạn luồng không khí,DiseaseSubtype,C0024117,,0.99,1,2,"Bệnh phổi tắc nghẽn mạn tính (COPD) đặc trưng bởi sự giới hạn về luồng khí thở gây ra do đáp ứng viêm do hít phải các chất khí độc hại, thường là khói thuốc lá.",01_copd.txt
Viêm tiểu phế quản tắc nghẽn,Disease,C0006272,,INCREASES_RISK_OF,Bệnh phổi tắc nghẽn mạn tính,Disease,C0024117,,0.96,2,2,"Các bệnh lý hệ thống có thể có một phần hạn chế luồng khí gợi ý COPD; các bệnh lý này bao gồm nhiễm HIV, lạm dụng các loại thuốc bất hợp pháp (đặc biệt là cocaine và amphetamine), bệnh sarcoid, hội chứng Sjögren, viêm tiểu phế quản tắc nghẽn, bệnh u cơ trơn mạch bạch huyết và u hạt do tăng bạch cầu ái toan.",01_copd.txt
Viêm tiểu phế quản tắc nghẽn,Disease,C0006272,,INCREASES_RISK_OF,Giới hạn luồng không khí,DiseaseSubtype,C0024117,,0.96,2,2,"Các bệnh lý hệ thống có thể có một phần hạn chế luồng khí gợi ý COPD; các bệnh lý này bao gồm nhiễm HIV, lạm dụng các loại thuốc bất hợp pháp (đặc biệt là cocaine và amphetamine), bệnh sarcoid, hội chứng Sjögren, viêm tiểu phế quản tắc nghẽn, bệnh u cơ trơn mạch bạch huyết và u hạt do tăng bạch cầu ái toan.",01_copd.txt
Viêm tụy,Cause,C0030305,,AFFECTS_ORGAN,Tuyến tụy,Organ,C0030274,,0.99,2,2,"Các tình trạng ảnh hưởng đến tuyến tụy (ví dụ: bệnh xơ nang, viêm tụy, bệnh huyết sắc tố, cắt bỏ toàn thân)",01_daithaoduong.txt
Vòng lặp lưu lượng-thể tích,Test,C0428734,,DIAGNOSES,Bệnh phổi tắc nghẽn mạn tính,Disease,C0024117,,0.99,2,2,Vòng lặp lưu lượng-thể tích: Ghi lại đồng thời phế dung kế của luồng không khí và thể tích trong thời gian hết hạn tối đa bắt buộc và cảm hứng,01_copd.txt
Vòng lặp lưu lượng-thể tích,Test,C0428734,,DIAGNOSES,Giới hạn luồng không khí,DiseaseSubtype,C0024117,,0.99,2,2,Vòng lặp lưu lượng-thể tích: Ghi lại đồng thời phế dung kế của luồng không khí và thể tích trong thời gian hết hạn tối đa bắt buộc và cảm hứng,01_copd.txt
Vắc xin SARS-CoV-2,Treatment,C5387588,,TREATS,Đái tháo đường,Disease,C0011849,,0.9,1,2,"Tất cả bệnh nhân mắc bệnh tiểu đường nên được tiêm vắc xin phòng ngừa Streptococcus pneumoniae, vi rút cúm, viêm gan B, thủy đậu và SARS-CoV-2 theo khuyến nghị tiêu chuẩn.",01_daithaoduong.txt
Vắc xin cúm,Treatment,C0021403,,TREATS,Đái tháo đường,Disease,C0011849,,0.9,1,2,"Tất cả bệnh nhân mắc bệnh tiểu đường nên được tiêm vắc xin phòng ngừa Streptococcus pneumoniae, vi rút cúm, viêm gan B, thủy đậu và SARS-CoV-2 theo khuyến nghị tiêu chuẩn.",01_daithaoduong.txt
Vắc xin phế cầu,Treatment,C0358314,,TREATS,Đái tháo đường,Disease,C0011849,,0.9,1,2,"Tất cả bệnh nhân mắc bệnh tiểu đường nên được tiêm vắc xin phòng ngừa Streptococcus pneumoniae, vi rút cúm, viêm gan B, thủy đậu và SARS-CoV-2 theo khuyến nghị tiêu chuẩn.",01_daithaoduong.txt
Vắc xin thủy đậu,Treatment,C3464497,,TREATS,Đái tháo đường,Disease,C0011849,,0.9,1,2,"Tất cả bệnh nhân mắc bệnh tiểu đường nên được tiêm vắc xin phòng ngừa Streptococcus pneumoniae, vi rút cúm, viêm gan B, thủy đậu và SARS-CoV-2 theo khuyến nghị tiêu chuẩn.",01_daithaoduong.txt
Vắc xin viêm gan B,Treatment,C2240392,,TREATS,Đái tháo đường,Disease,C0011849,,0.9,1,2,"Tất cả bệnh nhân mắc bệnh tiểu đường nên được tiêm vắc xin phòng ngừa Streptococcus pneumoniae, vi rút cúm, viêm gan B, thủy đậu và SARS-CoV-2 theo khuyến nghị tiêu chuẩn.",01_daithaoduong.txt
"Vắc xin, kháng sinh",RiskFactor,,,INCREASES_RISK_OF,Hen suyễn,Disease,C0004096,,0.97,2,2,"Xu hướng với các gia đình có ít trẻ hơn, môi trường trong nhà sạch hơn và việc sử dụng sớm vắc xin, kháng sinh có thể làm mất đi sự ức chế T2 ở trẻ, ức chế dung nạp. Điều đó có thể phần nào giải thích sự gia tăng liên tục tỷ lệ hen suyễn ở các nước thu nhập cao hơn",henphequan.txt
X-quang ngực,Test,C0039985,,DETECTS,Căng phồng phổi quá mức,Sign,,,0.99,2,2,Chụp X-quang ngực cho thấy thường xuyên có căng phồng phổi quá mức,henphequan.txt
X-quang ngực,Test,C0039985,,DIAGNOSES,Bệnh phổi kẽ,Disease,C0206062,,0.99,2,2,COPD có thể được phân biệt với các bệnh phổi kẽ bằng hình ảnh chụp ngực cho thấy dấu hiệu tăng dần trong bệnh phổi kẽ,01_copd.txt
X-quang ngực,Test,C0039985,,DIAGNOSES,Bệnh phổi tắc nghẽn mạn tính,Disease,C0024117,,0.9,1,2,"Chẩn đoán COPD và phân biệt nó với các bệnh lý có đặc điểm tương tự (ví dụ: hen, suy tim) chủ yếu dựa vào thông tin lâm sàng thường quy, chẳng hạn như các triệu chứng (đặc biệt là diễn biến theo thời gian), tuổi khởi phát, các yếu tố nguy cơ và kết quả kiểm tra thường quy (ví dụ: phim X quang ngực, kiểm tra chức năng phổi).",01_copd.txt
X-quang ngực,Test,C0039985,,DIAGNOSES,Giới hạn luồng không khí,DiseaseSubtype,C0024117,,0.9,1,2,"Chẩn đoán COPD và phân biệt nó với các bệnh lý có đặc điểm tương tự (ví dụ: hen, suy tim) chủ yếu dựa vào thông tin lâm sàng thường quy, chẳng hạn như các triệu chứng (đặc biệt là diễn biến theo thời gian), tuổi khởi phát, các yếu tố nguy cơ và kết quả kiểm tra thường quy (ví dụ: phim X quang ngực, kiểm tra chức năng phổi).",01_copd.txt
X-quang ngực,Test,C0039985,,DIAGNOSES,Hen suyễn,Disease,C0004096,,0.985,2,2,Chụp X-quang ngực cho thấy thường xuyên có căng phồng phổi quá mức và hiếm khi tràn khí màng phổi hoặc tràn khí trung thất.,henphequan.txt
X-quang ngực,Test,C0039985,,DIAGNOSES,Khí phế thũng,DiseaseSubtype,C0034067,,0.99,2,2,"Ở bệnh nhân khí phế thũng, những thay đổi có thể bao gồm tăng thể tích phổi biểu hiện vòm hoành nằm ngang",01_copd.txt
X-quang ngực,Test,C0039985,,DIAGNOSES,Suy tim,Complication,C0018801,,0.99,2,2,"X-quang ngực có thể giúp loại trừ một số nguyên nhân gây hen hoặc chẩn đoán thay thế, chẳng hạn như suy tim hoặc là viêm phổi.",henphequan.txt
X-quang ngực,Test,C0039985,,DIAGNOSES,Tràn khí màng phổi,Disease,C0032326,,0.99,2,2,Phim chụp X quang ngực thường được thực hiện để kiểm tra viêm phổi hoặc tràn khí màng phổi.,01_copd.txt
X-quang ngực,Test,C0039985,,DIAGNOSES,Viêm phế quản mạn tính tắc nghẽn,DiseaseSubtype,C0155874,,0.99,2,2,"Ở những bệnh nhân bị viêm phế quản tắc nghẽn mạn tính, phim X quang ngực có thể bình thường hoặc có thể cho thấy sự gia tăng các dấu hiệu mạch máu phế quản hai đáy do dày thành phế quản.",01_copd.txt
X-quang ngực,Test,C0039985,,DIAGNOSES,Viêm phổi,Complication,C0032285,,0.99,4,2,"X-quang ngực có thể giúp loại trừ một số nguyên nhân gây hen hoặc chẩn đoán thay thế, chẳng hạn như suy tim hoặc là viêm phổi.",henphequan.txt
Xuất huyết não,DiseaseSubtype,C2937358,,LEADS_TO,Tăng huyết áp,Disease,C0020538,,0.9,1,2,Sự tăng huyết áp này thường là hệ quả của đột quỵ và xuất huyết não,02_thuocdieutri.txt
Xét nghiệm HbA1c tại giường,Measurement,,Thông số: Chỉ số Xét nghiệm HbA1c tại giường,DIAGNOSES,Đái tháo đường,Disease,C0011849,,0.98,2,2,Xét nghiệm HbA1C đầu ngón tại giường không đủ chính xác để sử dụng cho chẩn đoán ban đầu về bệnh tiểu đường.,01_daithaoduong.txt
Xét nghiệm chẩn đoán tăng huyết áp,Test,,,DIAGNOSES,Tăng huyết áp,Disease,C0020538,,0.99,2,2,"Khi mới có chẩn đoán tăng huyết áp, hãy làm xét nghiệm nước tiểu, tỷ lệ albumin:creatinine trong nước tiểu, xét nghiệm máu (creatinine, kali, natri, canxi, đường huyết lúc đói, bảng lipid và thường là hormone kích thích tuyến giáp) và ECG.",01_tanghuyetap.txt
Xét nghiệm creatinine huyết thanh,Test,C3694999,,DIAGNOSES,Tăng huyết áp cấp cứu,DiseaseSubtype,C0745136,,0.99,2,2,"Chẩn đoán bằng cách đo huyết áp, ECG, phân tích nước tiểu, đo điện giải và creatinine trong huyết thanh.",02_thuocdieutri.txt
Xét nghiệm creatinine huyết thanh,Test,C3694999,,DIAGNOSES,Tăng huyết áp nặng: Huyết áp tâm thu >= 180 mmHg hoặc huyết áp tâm trương >= 120 mmHg,Measurement,C0745136,Thông số: Tăng huyết áp nặng; Huyết áp 180/120 mmHg,0.99,2,2,"Chẩn đoán bằng cách đo huyết áp, ECG, phân tích nước tiểu, đo điện giải và creatinine trong huyết thanh.",02_thuocdieutri.txt
Xét nghiệm cận lâm sàng,Test,C0086143,,DIAGNOSES,Tăng huyết áp,Disease,C0020538,,0.99,2,2,"Tiền sử, khám thực thể, và các xét nghiệm cận lâm sàng khác giúp xác định nguyên nhân và xác định xem đã có tổn thương các cơ quan đích hay chưa.",01_tanghuyetap.txt
Xét nghiệm cận lâm sàng,Test,C0086143,,DIAGNOSES,Đợt cấp hen,Complication,C0340061,,0.99,2,2,Bệnh nhân hen có đợt cấp được đánh giá dựa trên các tiêu chí lâm sàng nhưng đôi khi cũng phải làm các xét nghiệm nhất định:,henphequan.txt
Xét nghiệm cận lâm sàng,Test,C0086143,,DIAGNOSES,Đợt cấp hen phế quản,DiseaseSubtype,C0340061,,0.99,2,2,Bệnh nhân hen có đợt cấp được đánh giá dựa trên các tiêu chí lâm sàng nhưng đôi khi cũng phải làm các xét nghiệm nhất định:,henphequan.txt
Xét nghiệm di truyền,Test,C0679560,,DIAGNOSES,Thiếu alpha-1 antitrypsin,Cause,C0221757,,0.99,2,2,"Nếu nồng độ alpha-1 antitrypsin thấp, chẩn đoán cần được xác nhận bằng xét nghiệm di truyền để xác định kiểu hình alpha-1 antitrypsin.",01_copd.txt
Xét nghiệm di truyền,Test,C0679560,,DIAGNOSES,Thiếu hụt alpha-1 antitrypsin,DiseaseSubtype,C0221757,,0.99,2,2,"Nếu nồng độ alpha-1 antitrypsin thấp, chẩn đoán cần được xác nhận bằng xét nghiệm di truyền để xác định kiểu hình alpha-1 antitrypsin.",01_copd.txt
Xét nghiệm kali và creatinine huyết thanh,Test,,,DIAGNOSES,Rối loạn chức năng thận,Disease,C3279454,,0.99,2,2,"Ở những bệnh nhân có rối loạn chức năng thận, kali và creatinine huyết thanh được theo dõi ít nhất mỗi 3 tháng.",02_thuocdieutri.txt
Xét nghiệm khí máu tĩnh mạch,Test,,,DIAGNOSES,Tăng CO2 máu mạn tính,Disease,C1997771,,0.95,1,2,Khí máu tĩnh mạch rất hữu ích để chẩn đoán tăng CO2 máu cấp tính hoặc mạn tính.,01_copd.txt
Xét nghiệm máu,Test,C0018941,,DIAGNOSES,Đái tháo đường,Disease,C0011849,,0.99,2,2,Kiểm soát đái tháo đường có thể theo dõi bởi định lượng nồng độ trong máu của:,01_daithaoduong.txt
Xét nghiệm thường xuyên,Test,C0011930,,DIAGNOSES,Đái tháo đường loại 2,DiseaseSubtype,C0011860,,0.99,2,2,"Bệnh nhân đái tháo đường loại 2 có thể xuất hiện với triệu chứng của tăng đường huyết nhưng thường không triệu chứng, và tình trạng này chỉ được phát hiện khi xét nghiệm thường xuyên.",01_daithaoduong.txt
Xơ cứng động mạch chủ,Mechanism,C1331537,,UNDERLIES,Tăng huyết áp tâm thu đơn độc,DiseaseSubtype,C0745133,,0.985,2,2,"Một số bệnh nhân cao tuổi có tăng huyết áp tâm thu đơn độc với cung lượng tim bình thường hoặc thấp, có thể là do sự xơ cứng động mạch chủ và các nhánh lớn của nó.",01_tanghuyetap.txt
Xơ vữa động mạch,Mechanism,C0004153,,AFFECTS_ORGAN,Mắt,Organ,C4266572,,0.99,2,2,"Xơ vữa động mạch được đặc trưng bởi tình trạng phì đại, tăng sản và hyalin hóa ở lớp giữa của các động mạch nhỏ (tiểu động mạch), đặc biệt là ở mắt và thận.",01_tanghuyetap.txt
Xơ vữa động mạch,Mechanism,C0004153,,AFFECTS_ORGAN,Thận,Organ,C0022646,,0.99,2,2,"Xơ vữa động mạch được đặc trưng bởi tình trạng phì đại, tăng sản và hyalin hóa ở lớp giữa của các động mạch nhỏ (tiểu động mạch), đặc biệt là ở mắt và thận.",01_tanghuyetap.txt
Xơ vữa động mạch,Mechanism,C0004153,,UNDERLIES,Bệnh mạch máu lớn,Disease,,,0.99,2,2,Bệnh mạch máu lớn liên quan xơ vữa động mạch của các mạch lớn,01_daithaoduong.txt
Yếu tố chu sinh,RiskFactor,,,INCREASES_RISK_OF,Hen suyễn,Disease,C0004096,,0.9,1,2,"Hen suyễn cũng liên quan đến các yếu tố chu sinh, chẳng hạn như bà mẹ sinh con khi còn quá trẻ, dinh dưỡng kém của bà mẹ, trẻ sơ sinh non tháng, trẻ sơ sinh nhẹ cân và thiếu sữa mẹ.",henphequan.txt
Yếu tố khởi phát,RiskFactor,C0032930,,INCREASES_RISK_OF,Hen suyễn,Disease,C0004096,,0.985,2,2,thường xuất hiện khi tiếp xúc với một hoặc nhiều yếu tố khởi phát.,henphequan.txt
Yếu tố nguy cơ,RiskFactor,C0035648,,INCREASES_RISK_OF,Tăng huyết áp tiên phát,DiseaseSubtype,C0085580,,0.96,2,2,Phụ thuộc vào huyết áp và bệnh tim mạch hoặc các yếu tố nguy cơ kèm theo Tăng huyết áp tiên phát không chữa được,01_tanghuyetap.txt
Yếu tố tăng trưởng nội mô mạch máu (VEGF),Mechanism,C1171892,,AFFECTS_ORGAN,Phổi,Organ,C0024109,,0.85,1,2,giảm mức độ yếu tố tăng trưởng nội mô mạch máu (VEGF) có thể góp phần phá hủy nhu mô phổi theo chương trình.,01_copd.txt
Zileuton,Drug,C0081408,,TREATS,Hen suyễn,Disease,C0004096,,0.9,1,2,"Ngoài ra, zileuton chỉ nên được sử dụng cho trẻ em >= 12 tuổi.",henphequan.txt
axit béo tự do,Mechanism,C0015688,,UNDERLIES,Đề kháng insulin,Mechanism,C0021655,,0.85,1,2,"Không có khả năng ức chế ly giải tổ chức mỡ làm tăng axit béo tự do huyết thanh, làm giảm kích thích vận chuyển glucose của insulin và hoạt động tổng hợp glucogen ở cơ.",01_daithaoduong.txt
pioglitazone,Drug,C0071097,,TREATS,Bệnh gan nhiễm mỡ liên quan đến chuyển hóa,Disease,C0400966,,0.95,1,2,Thuốc chủ vận thụ thể GLP-1 và pioglitazone có thể được sử dụng ở những bệnh nhân mắc bệnh gan nhiễm mỡ liên quan đến chuyển hóa,01_daithaoduong.txt
pioglitazone,Drug,C0071097,,TREATS,Viêm gan nhiễm mỡ liên quan đến chuyển hóa,Disease,C3241937,,0.95,1,2,Thuốc chủ vận thụ thể GLP-1 và pioglitazone có thể được sử dụng ở những bệnh nhân mắc bệnh gan nhiễm mỡ liên quan đến chuyển hóa (trước đây là bệnh gan nhiễm mỡ không do rượu) hoặc viêm gan nhiễm mỡ liên quan đến chuyển hóa (trước đây là viêm gan nhiễm mỡ không do rượu).,01_daithaoduong.txt
thụ thể alpha-2-adrenergic,Mechanism,C0001639,,PART_OF_MECHANISM,hoạt động thần kinh giao cảm,Mechanism,,,0.99,2,2,kích thích thụ thể alpha-2-adrenergic ở thân não và làm giảm hoạt động thần kinh giao cảm,02_thuocdieutri.txt
Áp suất riêng phần carbon dioxide trong máu tĩnh mạch (PvCO2) > 55 mm Hg,Measurement,,Thông số: PvCO2; Giá trị: >55 mm Hg,DEFINES_THRESHOLD_FOR,Suy hô hấp cấp,Complication,C0264490,,0.99,2,2,"hoặc áp suất riêng phần carbon dioxide trong máu tĩnh mạch (PvCO2) > 55 mm Hg ở bệnh nhân với toan máu do hô hấp (pH < 7,35) xác định suy hô hấp cấp tính.",01_copd.txt
Áp suất riêng phần carbon dioxide trong máu tĩnh mạch (PvCO2) > 55 mm Hg,Measurement,,Thông số: PvCO2; Giá trị: >55 mm Hg,DEFINES_THRESHOLD_FOR,Suy hô hấp cấp tính,Disease,C0264490,,0.99,2,2,"hoặc áp suất riêng phần carbon dioxide trong máu tĩnh mạch (PvCO2) > 55 mm Hg ở bệnh nhân với toan máu do hô hấp (pH < 7,35) xác định suy hô hấp cấp tính.",01_copd.txt
Áp suất riêng phần carbon dioxide trong máu động mạch (PaCO2) > 50 mm Hg,Measurement,,Thông số: PaCO2; Giá trị: >50 mm Hg,DEFINES_THRESHOLD_FOR,Suy hô hấp cấp,Complication,C0264490,,0.99,2,2,"Các dấu hiệu về áp suất riêng phần oxy động mạch (PaO2) < 50 mm Hg, hoặc áp suất riêng phần carbon dioxide trong máu động mạch (PaCO2) > 50 mm Hg, hoặc áp suất riêng phần carbon dioxide trong máu tĩnh mạch (PvCO2) > 55 mm Hg ở bệnh nhân với toan máu do hô hấp (pH < 7,35) xác định suy hô hấp cấp tính.",01_copd.txt
Áp suất riêng phần carbon dioxide trong máu động mạch (PaCO2) > 50 mm Hg,Measurement,,Thông số: PaCO2; Giá trị: >50 mm Hg,DEFINES_THRESHOLD_FOR,Suy hô hấp cấp tính,Disease,C0264490,,0.99,2,2,"Các dấu hiệu về áp suất riêng phần oxy động mạch (PaO2) < 50 mm Hg, hoặc áp suất riêng phần carbon dioxide trong máu động mạch (PaCO2) > 50 mm Hg, hoặc áp suất riêng phần carbon dioxide trong máu tĩnh mạch (PvCO2) > 55 mm Hg ở bệnh nhân với toan máu do hô hấp (pH < 7,35) xác định suy hô hấp cấp tính.",01_copd.txt
Áp suất riêng phần oxy động mạch (PaO2) < 50 mm Hg,Measurement,,Thông số: PaO2; Giá trị: <50 mm Hg,DEFINES_THRESHOLD_FOR,Suy hô hấp cấp,Complication,C0264490,,0.99,2,2,"Các dấu hiệu về áp suất riêng phần oxy động mạch (PaO2) < 50 mm Hg, hoặc áp suất riêng phần carbon dioxide trong máu động mạch (PaCO2) > 50 mm Hg, hoặc áp suất riêng phần carbon dioxide trong máu tĩnh mạch (PvCO2) > 55 mm Hg ở bệnh nhân với toan máu do hô hấp (pH < 7,35) xác định suy hô hấp cấp tính.",01_copd.txt
Áp suất riêng phần oxy động mạch (PaO2) < 50 mm Hg,Measurement,,Thông số: PaO2; Giá trị: <50 mm Hg,DEFINES_THRESHOLD_FOR,Suy hô hấp cấp tính,Disease,C0264490,,0.99,2,2,"Các dấu hiệu về áp suất riêng phần oxy động mạch (PaO2) < 50 mm Hg, hoặc áp suất riêng phần carbon dioxide trong máu động mạch (PaCO2) > 50 mm Hg, hoặc áp suất riêng phần carbon dioxide trong máu tĩnh mạch (PvCO2) > 55 mm Hg ở bệnh nhân với toan máu do hô hấp (pH < 7,35) xác định suy hô hấp cấp tính.",01_copd.txt
Ô nhiễm không khí,RiskFactor,C0001873,,INCREASES_RISK_OF,Bệnh phổi tắc nghẽn mạn tính,Disease,C0024117,,0.9,1,2,"Tiếp xúc với khói thuốc lá thụ động, ô nhiễm không khí và bụi nghề nghiệp (ví dụ: bụi khoáng, bụi bông) hoặc hóa chất hít vào (ví dụ: cadmium) góp phần gây nguy cơ mắc COPD nhưng ít quan trọng hơn so với hút thuốc lá.",01_copd.txt
Ô nhiễm không khí,RiskFactor,C0001873,,INCREASES_RISK_OF,Giới hạn luồng không khí,DiseaseSubtype,C0024117,,0.9,1,2,"Tiếp xúc với khói thuốc lá thụ động, ô nhiễm không khí và bụi nghề nghiệp (ví dụ: bụi khoáng, bụi bông) hoặc hóa chất hít vào (ví dụ: cadmium) góp phần gây nguy cơ mắc COPD nhưng ít quan trọng hơn so với hút thuốc lá.",01_copd.txt
Ăn nhiều muối,RiskFactor,,,INCREASES_RISK_OF,Tăng huyết áp tiên phát,DiseaseSubtype,C0085580,,0.99,2,2,"Ở độ tuổi trẻ hơn, các yếu tố môi trường (ví dụ: natri trong chế độ ăn, căng thẳng) dường như chỉ ảnh hưởng đến những người có cơ địa dễ mắc bệnh",01_tanghuyetap.txt
Đa hình di truyền,RiskFactor,C0032529,,INCREASES_RISK_OF,Đái tháo đường loại 2,DiseaseSubtype,C0011860,,0.96,2,2,"Mặc dù một số đa hình di truyền đã được xác định, nhưng không có gen đơn lẻ nào là nguyên nhân gây ra các dạng bệnh tiểu đường loại 2 phổ biến nhất được xác định.",01_daithaoduong.txt
Điều chỉnh lối sống,Treatment,,,TREATS,Đái tháo đường loại 2,DiseaseSubtype,C0011860,,0.99,2,2,"Hầu hết trẻ em mắc bệnh tiểu đường loại 2 đều bị béo phì, vì vậy việc điều chỉnh lối sống là nền tảng của liệu pháp điều trị.",01_daithaoduong.txt
Điều trị COPD ổn định,Treatment,,,TREATS,Bệnh phổi tắc nghẽn mạn tính,Disease,C0024117,,0.99,1,2,(Xem thêm Điều trị COPD ổn định và Điều trị đợt cấp của COPD.),01_copd.txt
Điều trị COPD ổn định,Treatment,,,TREATS,Giới hạn luồng không khí,DiseaseSubtype,C0024117,,0.99,1,2,(Xem thêm Điều trị COPD ổn định và Điều trị đợt cấp của COPD.),01_copd.txt
Điều trị hen suyễn,Treatment,C1318955,,TREATS,Hen suyễn,Disease,C0004096,,0.99,2,2,"Mức độ nặng thường chỉ có thể được đánh giá trực tiếp trước khi bắt đầu điều trị, vì khi bệnh nhân đáp ứng tốt điều trị thì sẽ có ít triệu chứng.",henphequan.txt
Điều trị đợt cấp của COPD,Treatment,,,TREATS,Bệnh phổi tắc nghẽn mạn tính,Disease,C0024117,,0.99,1,2,(Xem thêm Điều trị COPD ổn định và Điều trị đợt cấp của COPD.),01_copd.txt
Điều trị đợt cấp của COPD,Treatment,,,TREATS,Giới hạn luồng không khí,DiseaseSubtype,C0024117,,0.99,1,2,(Xem thêm Điều trị COPD ổn định và Điều trị đợt cấp của COPD.),01_copd.txt
"Đo chức năng hô hấp (FEV1, FEV1/FVC, FVC)",Test,C0037981,,DIAGNOSES,Bệnh phổi tắc nghẽn mạn tính,Disease,C0024117,,0.99,2,2,FEV1 và FVC được đo dễ dàng bằng phép đo phế dung phòng mạch.,01_copd.txt
"Đo chức năng hô hấp (FEV1, FEV1/FVC, FVC)",Test,C0037981,,DIAGNOSES,Giới hạn luồng không khí,DiseaseSubtype,C0024117,,0.99,2,2,FEV1 và FVC được đo dễ dàng bằng phép đo phế dung phòng mạch.,01_copd.txt
"Đo chức năng hô hấp (FEV1, FEV1/FVC, FVC)",Test,C0037981,,DIAGNOSES,Hen suyễn,Disease,C0004096,,0.99,2,2,Đo chức năng hô hấp nên được lặp lại ít nhất từ 1 đến 2 năm ở bệnh nhân hen suyễn để theo dõi sự tiến triển của bệnh,henphequan.txt
"Đo chức năng hô hấp (FEV1, FEV1/FVC, FVC)",Test,C0037981,,MEASURES,FEV1,Measurement,,Thông số: FEV1,0.99,2,2,"Suy giảm chức năng hoặc suy giảm chức năng sinh lý, suy giảm khách quan ở phổi có thể được đo bằng phương pháp đo phế dung kế, chủ yếu là thể tích thở ra gắng sức trong 1 giây (FEV1)",henphequan.txt
"Đo chức năng hô hấp (FEV1, FEV1/FVC, FVC)",Test,C0037981,,MEASURES,Tỷ lệ FEV1/FVC,Measurement,,Thông số: Tỷ lệ FEV1/FVC,0.99,2,2,"Suy giảm chức năng hoặc suy giảm chức năng sinh lý, suy giảm khách quan ở phổi có thể được đo bằng phương pháp đo phế dung kế, chủ yếu là thể tích thở ra gắng sức trong 1 giây (FEV1) và tỷ lệ giữa FEV1 với dung tích sống gắng sức (FVC)",henphequan.txt
Đo glucose huyết tương,Test,C0202042,,DIAGNOSES,Đái tháo đường,Disease,C0011849,,0.99,2,2,Chẩn đoán bằng định lượng glucose huyết tương.,01_daithaoduong.txt
Đo huyết áp,Test,C0005824,,DEFINES_THRESHOLD_FOR,Tăng huyết áp,Disease,C0020538,,0.99,2,2,Không giống như tăng huyết áp (ví dụ: trong đó một chỉ số [HA] xác định mức độ nghiêm trọng của rối loạn và hiệu quả điều trị),henphequan.txt
Đo huyết áp,Test,C0005824,,DIAGNOSES,Tăng huyết áp,Disease,C0020538,,0.99,2,2,Tăng huyết áp được chẩn đoán bằng cách đo huyết áp.,01_tanghuyetap.txt
Đo huyết áp,Test,C0005824,,DIAGNOSES,Tăng huyết áp cấp cứu,DiseaseSubtype,C0745136,,0.99,2,2,"Chẩn đoán bằng cách đo huyết áp, ECG, phân tích nước tiểu, đo điện giải và creatinine trong huyết thanh.",02_thuocdieutri.txt
Đo huyết áp,Test,C0005824,,DIAGNOSES,Tăng huyết áp nặng: Huyết áp tâm thu >= 180 mmHg hoặc huyết áp tâm trương >= 120 mmHg,Measurement,C0745136,Thông số: Tăng huyết áp nặng; Huyết áp 180/120 mmHg,0.99,2,2,"Chẩn đoán bằng cách đo huyết áp, ECG, phân tích nước tiểu, đo điện giải và creatinine trong huyết thanh.",02_thuocdieutri.txt
Đo huyết áp tại nhà,Test,C1449681,,DIAGNOSES,Tăng huyết áp áo choàng trắng,DiseaseSubtype,C0262534,,0.99,2,2,Theo dõi huyết áp tại nhà hoặc theo dõi huyết áp lưu động được chỉ định khi nghi ngờ bị tăng huyết áp áo choàng trắng hoặc tăng huyết áp ẩn.,01_tanghuyetap.txt
Đo huyết áp tại nhà,Test,C1449681,,DIAGNOSES,Tăng huyết áp ẩn,DiseaseSubtype,C3178811,,0.99,2,2,Theo dõi huyết áp tại nhà hoặc theo dõi huyết áp lưu động được chỉ định khi nghi ngờ bị tăng huyết áp áo choàng trắng hoặc tăng huyết áp ẩn.,01_tanghuyetap.txt
Đo lượng metanephrine tự do trong huyết tương,Test,C4036964,,DIAGNOSES,U tế bào ưa crom,Disease,C4551683,,0.99,1,2,Đôi khi đo lượng metanephrine tự do trong huyết tương (để phát hiện u tế bào ưa crom),01_tanghuyetap.txt
Đo lượng metanephrine tự do trong huyết tương,Test,C4036964,,DIAGNOSES,U tủy thượng thận,Cause,C4551683,,0.99,1,2,Đôi khi đo lượng metanephrine tự do trong huyết tương (để phát hiện u tế bào ưa crom),01_tanghuyetap.txt
Đo điện giải,Test,C0201992,,DIAGNOSES,Tăng huyết áp cấp cứu,DiseaseSubtype,C0745136,,0.99,2,2,"Chẩn đoán bằng cách đo huyết áp, ECG, phân tích nước tiểu, đo điện giải và creatinine trong huyết thanh.",02_thuocdieutri.txt
Đo điện giải,Test,C0201992,,DIAGNOSES,Tăng huyết áp nặng: Huyết áp tâm thu >= 180 mmHg hoặc huyết áp tâm trương >= 120 mmHg,Measurement,C0745136,Thông số: Tăng huyết áp nặng; Huyết áp 180/120 mmHg,0.99,2,2,"Chẩn đoán bằng cách đo huyết áp, ECG, phân tích nước tiểu, đo điện giải và creatinine trong huyết thanh.",02_thuocdieutri.txt
Đái tháo đường,Disease,C0011849,,INCREASES_RISK_OF,Bệnh tim mạch do xơ vữa động mạch,Disease,C0004153,,0.99,2,2,Bệnh đái tháo đường hoặc bệnh thận cũng là một phần trong các yếu tố nguy cơ của bệnh xơ vữa động mạch.,01_tanghuyetap.txt
Đái tháo đường,Disease,C0011849,,INCREASES_RISK_OF,Hoa mắt chóng mặt,Complication,C0012833,,0.9,1,2,"Đây là mối lo ngại đặc biệt đối với những bệnh nhân bị tiểu đường, những người có huyết áp tâm thu < 120 mm Hg hoặc huyết áp tâm trương gần 60 mm Hg làm tăng nguy cơ bị các biến cố bất lợi này.",01_tanghuyetap.txt
Đái tháo đường,Disease,C0011849,,INCREASES_RISK_OF,Suy thận,Disease,C1565489,,0.9,1,2,"Đây là mối lo ngại đặc biệt đối với những bệnh nhân bị tiểu đường, những người có huyết áp tâm thu < 120 mm Hg hoặc huyết áp tâm trương gần 60 mm Hg làm tăng nguy cơ bị các biến cố bất lợi này.",01_tanghuyetap.txt
Đái tháo đường,Disease,C0011849,,INCREASES_RISK_OF,Tăng huyết áp,Disease,C0020538,,0.99,2,2,mặc dù bệnh nhân mắc bệnh tiểu đường thường cũng bị tăng huyết áp.,01_tanghuyetap.txt
Đái tháo đường,Disease,C0011849,,INCREASES_RISK_OF,Tăng huyết áp ẩn,DiseaseSubtype,C3178811,,0.99,4,2,"Nhóm bệnh nhân này có thể chiếm từ 10% đến 30% dân số trưởng thành và phổ biến hơn ở nam giới, người da đen không phải gốc Tây Ban Nha và những người mắc bệnh tiểu đường.",01_tanghuyetap.txt
Đái tháo đường,Disease,C0011849,,INCREASES_RISK_OF,Xơ vữa động mạch,Mechanism,C0004153,,0.99,2,2,Bệnh đái tháo đường hoặc bệnh thận cũng là một phần trong các yếu tố nguy cơ của bệnh xơ vữa động mạch.,01_tanghuyetap.txt
Đái tháo đường,Disease,C0011849,,LEADS_TO,Albumin niệu,Complication,C0001925,prevalence: 6% đến 10%,0.99,2,2,"Yếu tố này có liên quan đến tăng nguy cơ mắc bệnh tim mạch, nhưng các biến chứng ở mạch máu nhỏ do tiểu đường điển hình không phổ biến lắm (albumin niệu và/hoặc bệnh võng mạc phát triển ở 6% đến 10% bệnh nhân).",01_daithaoduong.txt
Đái tháo đường,Disease,C0011849,,LEADS_TO,Bệnh lý tim mạch,Complication,C0007222,,0.99,2,2,bệnh lý tim mạch là nguyên nhân hàng đầu gây tử vong ở bệnh nhân đái tháo đường.,01_daithaoduong.txt
Đái tháo đường,Disease,C0011849,,LEADS_TO,Bệnh mạch máu,Complication,C0042373,,0.99,2,2,Biến chứng muộn gồm bệnh mạch máu,01_daithaoduong.txt
Đái tháo đường,Disease,C0011849,,LEADS_TO,Bệnh thần kinh do đái tháo đường,Complication,C0011882,,0.99,2,2,biến chứng của đái tháo đường như bệnh thần kinh,01_daithaoduong.txt
Đái tháo đường,Disease,C0011849,,LEADS_TO,Bệnh thần kinh ngoại vi,Complication,C0031117,,0.99,2,2,"Biến chứng muộn gồm bệnh mạch máu, bệnh thần kinh ngoại vi, bệnh thận và dễ nhiễm khuẩn.",01_daithaoduong.txt
Đái tháo đường,Disease,C0011849,,LEADS_TO,Bệnh thận,Complication,C0022658,,0.99,2,2,"Biến chứng muộn gồm bệnh mạch máu, bệnh thần kinh ngoại vi, bệnh thận và dễ nhiễm khuẩn.",01_daithaoduong.txt
Đái tháo đường,Disease,C0011849,,LEADS_TO,Bệnh tim mạch,Disease,C0007222,,0.99,2,2,bệnh lý tim mạch là nguyên nhân hàng đầu gây tử vong ở bệnh nhân đái tháo đường.,01_daithaoduong.txt
Đái tháo đường,Disease,C0011849,,LEADS_TO,Bệnh võng mạc,Complication,C0035309,,0.99,2,2,"Yếu tố này có liên quan đến tăng nguy cơ mắc bệnh tim mạch, nhưng các biến chứng ở mạch máu nhỏ do tiểu đường điển hình không phổ biến lắm (albumin niệu và/hoặc bệnh võng mạc phát triển ở 6% đến 10% bệnh nhân).",01_daithaoduong.txt
Đái tháo đường,Disease,C0011849,,LEADS_TO,Bệnh võng mạc do đái tháo đường,Complication,C0011884,,0.99,2,2,Mục tiêu hoạt động có thể cần phải được sửa đổi cho bệnh nhân có biến chứng của đái tháo đường như bệnh thần kinh và bệnh võng mạc.,01_daithaoduong.txt
Đái tháo đường,Disease,C0011849,,LEADS_TO,Nhiễm trùng do nấm,Complication,C0026946,,0.99,2,2,Bệnh nhân đái tháo đường đặc biệt dễ bị nhiễm trùng do vi khuẩn và do nấm.,01_daithaoduong.txt
Đái tháo đường,Disease,C0011849,,LEADS_TO,Nhiễm trùng do vi khuẩn,Complication,C0004623,,0.99,2,2,Bệnh nhân đái tháo đường đặc biệt dễ bị nhiễm trùng do vi khuẩn và do nấm.,01_daithaoduong.txt
Đái tháo đường loại 1,DiseaseSubtype,C0011854,,LEADS_TO,Toan ceton,Complication,C0011880,,0.85,1,2,Bệnh nhân có đái tháo đường loại 1 thường xuất hiện với triệu chứng của tăng đường huyết và đôi khi đái tháo đường toan ceton (DKA).,01_daithaoduong.txt
Đái tháo đường loại 1,DiseaseSubtype,C0011854,,LEADS_TO,Toan ceton do đái tháo đường,DiseaseSubtype,C0011880,,0.85,1,2,Bệnh nhân có đái tháo đường loại 1 thường xuất hiện với triệu chứng của tăng đường huyết và đôi khi đái tháo đường toan ceton (DKA).,01_daithaoduong.txt
Đái tháo đường loại 2,DiseaseSubtype,C0011860,,LEADS_TO,Diabetes Complications,Complication,C0342257,,0.99,2,2,"triệu chứng ban đầu là biến chứng của đái tháo đường, gợi ý bệnh đã xuất hiện được một thời gian.",01_daithaoduong.txt
Đái tháo đường thai kỳ,DiseaseSubtype,C0085207,,INCREASES_RISK_OF,Đái tháo đường,Disease,C0011849,,0.9,1,2,đặc biệt ở những bệnh nhân có nguy cơ mắc bệnh tiểu đường cao nhất (chỉ số khối cơ thể >= 35 hoặc có tiền sử tiểu đường thai kỳ),01_daithaoduong.txt
Đáp ứng T2 tiền viêm,Mechanism,,,UNDERLIES,Hen suyễn tăng bạch cầu ái toan,DiseaseSubtype,C0340076,,0.95,1,2,Đáp ứng T2 tiền viêm được đặc trưng bởi sự tăng trưởng và kích hoạt quá trình sản sinh bạch cầu ái toan và IgE. Hen suyễn với dạng viêm này thường được gọi làh hen suyễn tăng bạch cầu ái toan.,henphequan.txt
Đáp ứng miễn dịch T2,Mechanism,,,PART_OF_MECHANISM,Bạch cầu ái toan và IgE,Mechanism,,,0.95,1,2,Đáp ứng T2 tiền viêm được đặc trưng bởi sự tăng trưởng và kích hoạt quá trình sản sinh bạch cầu ái toan và IgE.,henphequan.txt
Đáp ứng miễn dịch T2,Mechanism,,,UNDERLIES,Hen suyễn tăng bạch cầu ái toan,DiseaseSubtype,C0340076,,0.99,2,2,Hen suyễn với dạng viêm này thường được gọi làh hen suyễn tăng bạch cầu ái toan.,henphequan.txt
Đáp ứng viêm,Mechanism,C1155266,,UNDERLIES,Bệnh phổi tắc nghẽn mạn tính,Disease,C0024117,,0.9775,2,2,"Lặp đi lặp lại các đợt nhiễm trùng làm tăng gánh nặng của đáp ứng viêm, làm tăng quá trình tiến triển bệnh.",01_copd.txt
Đáp ứng viêm,Mechanism,C1155266,,UNDERLIES,Giới hạn luồng không khí,DiseaseSubtype,C0024117,,0.9775,2,2,"Lặp đi lặp lại các đợt nhiễm trùng làm tăng gánh nặng của đáp ứng viêm, làm tăng quá trình tiến triển bệnh.",01_copd.txt
Đường huyết mao mạch,Test,C0457578,,DIAGNOSES,Đái tháo đường loại 1,DiseaseSubtype,C0011854,,0.9,1,2,Hầu hết bệnh nhân tiểu đường loại 1 đều được hưởng lợi từ việc xét nghiệm ít nhất 4 lần một ngày.,01_daithaoduong.txt
Đường huyết mục tiêu trước tập thể dục: 90 - 250 mg/dL (5 - 14 mmol/L),Measurement,,Thông số: Đường huyết mục tiêu trước tập thể dục; min: 90; max: 250,DEFINES_THRESHOLD_FOR,Đái tháo đường loại 1,DiseaseSubtype,C0011854,,0.9775,2,2,Phạm vi mục tiêu của đường huyết trước khi tập thể dục phải nằm trong khoảng từ 90 mg/dL đến 250 mg/dL (5 mmol/L đến 14 mmol/L).,01_daithaoduong.txt
Đường kính kén khí >= 1 cm,Measurement,,Thông số: Đường kính kén khí; min_value: 1,DEFINES_THRESHOLD_FOR,Kén khí,DiseaseSubtype,C0241982,,0.99,2,2,"Các khoang phế nang mở rộng đôi khi ghép với nhau thành kén khí, được định nghĩa là khoảng khí có đường kính >= 1 cm.",01_copd.txt
Đường kính động mạch phổi > Đường kính động mạch chủ lên,Measurement,,Thông số: Tỷ lệ đường kính động mạch phổi/động mạch chủ lên,DEFINES_THRESHOLD_FOR,Tăng áp động mạch phổi,DiseaseSubtype,C2973725,,0.95,1,2,Đường kính động mạch phổi mở rộng lớn hơn đường kính động mạch chủ lên gợi ý tăng áp động mạch phổi.,01_copd.txt
Đề kháng insulin,Mechanism,C0021655,,UNDERLIES,Insulin,Mechanism,C1533581,dose: 15 units,0.99,2,2,có thể cần liều insulin rất cao (> 5 đến 10 đơn vị/giờ) do kháng insulin.,01_daithaoduong.txt
Đề kháng insulin,Mechanism,C0021655,,UNDERLIES,Tăng đường huyết,DiseaseSubtype,C0020456,,0.9775,2,2,Tăng đường huyết phát triển khi tiết insulin không đáp ứng đủ so với kháng insulin.,01_daithaoduong.txt
Đề kháng insulin,Mechanism,C0021655,,UNDERLIES,Đái tháo đường loại 2,DiseaseSubtype,C0011860,,0.99,8,2,"Trong đái tháo đường loại 2 (trước gọi là khởi phát người lớn hoặc không phụ thuộcinsulin), insulin tiết không đủ vì bệnh nhân có tình trạng kháng với insulin.",01_daithaoduong.txt
Đỉnh glucose máu sau ăn (1 - 2 giờ): < 180 mg/dL (10.0 mmol/L),Measurement,,Thông số: Đỉnh glucose máu sau ăn; Giá trị: 180 mg/dL; alternative_value: 10; alternative_unit: mmol/L,TREATS,Suy thận,Disease,C1565489,,0.96,2,2,"Ức chế Dipeptidyl peptidase-4 tương đối an toàn, thậm chí trong bệnh nhân suy thận",01_daithaoduong.txt
Đỉnh glucose máu sau ăn (1 - 2 giờ): < 180 mg/dL (10.0 mmol/L),Measurement,,Thông số: Đỉnh glucose máu sau ăn; Giá trị: 180 mg/dL; alternative_value: 10; alternative_unit: mmol/L,TREATS,Tăng đường huyết,DiseaseSubtype,C0020456,,0.97,2,2,"Ức chế Dipeptidyl peptidase-4 tương đối an toàn, thậm chí trong bệnh nhân suy thận, và thuốc cũng được sử dụng cho giảm glucose sau ăn.",01_daithaoduong.txt
Độ tuổi có tỷ lệ suy giảm dung nạp glucose cao: > 65 tuổi,Measurement,,Thông số: Độ tuổi có tỷ lệ suy giảm dung nạp glucose cao; age_threshold: 65,DEFINES_THRESHOLD_FOR,Không dung nạp glucose,DiseaseSubtype,C0271650,,0.85,1,2,có tới một phần ba số người lớn > 65 tuổi bị suy giảm khả năng dung nạp glucose.,01_daithaoduong.txt
Đợt cấp COPD,DiseaseSubtype,C0340044,,IS_SUBTYPE_OF,Bệnh phổi tắc nghẽn mạn tính,Disease,C0024117,,0.99,1,2,Các đợt cấp tính xảy ra rải rác trong quá trình mắc COPD,01_copd.txt
Đợt cấp COPD,DiseaseSubtype,C0340044,,IS_SUBTYPE_OF,Giới hạn luồng không khí,DiseaseSubtype,C0024117,,0.99,1,2,Các đợt cấp tính xảy ra rải rác trong quá trình mắc COPD,01_copd.txt
Đợt cấp hen,Complication,C0340061,,IS_SUBTYPE_OF,Hen suyễn,Disease,C0004096,,0.99,2,2,Bệnh nhân hen có đợt cấp,henphequan.txt
Đợt cấp hen phế quản,DiseaseSubtype,C0340061,,IS_SUBTYPE_OF,Hen suyễn,Disease,C0004096,,0.99,2,2,Bệnh nhân hen có đợt cấp,henphequan.txt
Đợt cấp hen suyễn nặng,Complication,C3872851,,AFFECTS_ORGAN,Phổi,Organ,C0024109,,0.8,1,2,"Ví dụ, bệnh nhân bị hen suyễn nhẹ không có triệu chứng hoặc triệu chứng nhẹ và chức năng phổi bình thường vẫn có thể bị đợt cấp nặng đe dọa đến tính mạng.",henphequan.txt
