STT,Thực thể nguồn (Source),Loại nguồn (Type),Mã CUI nguồn,Chỉ số nguồn (Attributes),Quan hệ lâm sàng (Relation),Thực thể đích (Target),Loại đích (Type),Mã CUI đích,Chỉ số đích (Attributes),Bằng chứng văn bản gốc (Evidence Span),Tài liệu nguồn
1,ACC/AHA,Guideline,C4072694,,Phân loại thể bệnh,Tăng huyết áp giai đoạn 1,DiseaseSubtype,C5231206,,"Các loại BP ở người lớn, được định nghĩa bởi Hội Tim mạch Hoa Kỳ/Hiệp hội Tim mạch Hoa Kỳ (ACC/AHA), bao gồm BP bình thường, BP cao, tăng huyết áp giai đoạn 1 (nhẹ) hoặc giai đoạn 2 .",01_tanghuyetap.txt
2,ACC/AHA,Guideline,C4072694,,Phân loại thể bệnh,Tăng huyết áp giai đoạn 2,DiseaseSubtype,C5231205,,"Các loại BP ở người lớn, được định nghĩa bởi Hội Tim mạch Hoa Kỳ/Hiệp hội Tim mạch Hoa Kỳ (ACC/AHA), bao gồm BP bình thường, BP cao, tăng huyết áp giai đoạn 1 (nhẹ) hoặc giai đoạn 2 .",01_tanghuyetap.txt
3,ACE,Mechanism,C1452534,,Gây tổn thương cơ quan,Não,Organ,C0006104,,"Sản phẩm không hoạt động này bị phân cắt bởi enzym chuyển đổi angiotensin (ACE), chủ yếu ở phổi nhưng cũng có ở thận và não, thành angiotensin II, chất co mạch mạnh, chất này cũng kích thích các trung tâm thần kinh thực vật trong não để tăng cường giải phóng giao cảm và kích thích giải phóng aldosterone và vasopressin.",01_tanghuyetap.txt
4,ACE,Mechanism,C1452534,,Gây tổn thương cơ quan,Phổi,Organ,C0024109,,"enzym chuyển đổi angiotensin (ACE), chủ yếu ở phổi",01_tanghuyetap.txt
5,ACE,Mechanism,C1452534,,Gây tổn thương cơ quan,Thận,Organ,C0022646,,"Sản phẩm không hoạt động này bị phân cắt bởi enzym chuyển đổi angiotensin (ACE), chủ yếu ở phổi nhưng cũng có ở thận và não, thành angiotensin II, chất co mạch mạnh, chất này cũng kích thích các trung tâm thần kinh thực vật trong não để tăng cường giải phóng giao cảm và kích thích giải phóng aldosterone và vasopressin.",01_tanghuyetap.txt
6,Abatacept,Drug,C1619966,,Điều trị,Đái tháo đường loại 1,DiseaseSubtype,C0011854,,"Antithymocyte globulin (ATG), thuốc ức chế TNF-alpha (yếu tố hoại tử khối u-alpha) và abatacept (CTLA-4-Ig) đã cho thấy một số hứa hẹn trong việc bảo tồn chức năng tế bào beta ở bệnh đái tháo đường loại 1 mới khởi phát",01_daithaoduong.txt
7,Acetaminophen,Drug,C0000970,,Điều trị,Hen nhạy cảm aspirin,DiseaseSubtype,C3853540,,Bệnh nhân hen suyễn nhạy cảm với aspirinn có thể sử dụng acetaminophen,henphequan.txt
8,Adipokine,Mechanism,C1955907,,Làm thay đổi / điều biến,Đề kháng insulin,Mechanism,C0021655,,"Mô mỡ cũng có chức năng như một cơ quan nội tiết, giải phóng nhiều yếu tố (adipocytokine) có lợi (adiponectin) và bất lợi (yếu tố hoại tử khối u-alpha, interleukin-6, leptin, resistin) ảnh hưởng đến quá trình chuyển hóa glucose.",01_daithaoduong.txt
9,Adipokine,Mechanism,C1955907,,Là cơ chế sinh bệnh học của,Hen suyễn,Disease,C0004096,,"Các chất trung gian chính liên quan đến các nghiên cứu quan sát và nghiên cứu cắt ngang bao gồm leptin, adipokine và Il-6 huyết thanh.",henphequan.txt
10,Aldosterone,Mechanism,C0002006,,Gây tổn thương cơ quan,Thận,Organ,C0022646,,Aldosterone gây giữ natri,01_tanghuyetap.txt
11,Aliskiren,Drug,C1120110,,Chống chỉ định cho,Bệnh thận,Disease,C0022658,,Không nên phối hợp Aliskiren với thuốc ức chế ACE hoặc thuốc ức chế thụ thể angiotensin II ở bệnh nhân tiểu đường hoặc bệnh thận,02_thuocdieutri.txt
12,Aliskiren,Drug,C1120110,,Chống chỉ định cho,Mang thai,DiseaseSubtype,C0549206,,Thuốc cũng bị chống chỉ định trong thai kỳ.,02_thuocdieutri.txt
13,Aliskiren,Drug,C1120110,,Chống chỉ định cho,Thai kỳ,PatientGroup,C0549206,,Thuốc cũng bị chống chỉ định trong thai kỳ.,02_thuocdieutri.txt
14,Aliskiren,Drug,C1120110,,Chống chỉ định cho,Thời kỳ mang thai,RiskFactor,C0549206,,Thuốc cũng bị chống chỉ định trong thai kỳ.,02_thuocdieutri.txt
15,Aliskiren,Drug,C1120110,,Chống chỉ định cho,Đái tháo đường,Disease,C0011849,,Không nên phối hợp Aliskiren với thuốc ức chế ACE hoặc thuốc ức chế thụ thể angiotensin II ở bệnh nhân tiểu đường,02_thuocdieutri.txt
16,Aliskiren,Drug,C1120110,,Điều trị,Tăng huyết áp,Disease,C0020538,,"Aliskiren, một chất ức chế renin trực tiếp, được sử dụng trong điều trị tăng huyết áp.",02_thuocdieutri.txt
17,Angiotensin,Mechanism,C4521302,,Là cơ chế sinh bệnh học của,Tăng huyết áp,Disease,C0020538,,"sự dư thừa chất co mạch (ví dụ: angiotensin, norepinephrine), có thể gây tăng huyết áp.",01_tanghuyetap.txt
18,Angiotensin II,Mechanism,C3714928,,Là cơ chế sinh bệnh học của,Aldosterone,Mechanism,C0002006,,"Sản phẩm không hoạt động này bị phân cắt bởi enzym chuyển đổi angiotensin (ACE), chủ yếu ở phổi nhưng cũng có ở thận và não, thành angiotensin II, chất co mạch mạnh, chất này cũng kích thích các trung tâm thần kinh thực vật trong não để tăng cường giải phóng giao cảm và kích thích giải phóng aldosterone và vasopressin.",01_tanghuyetap.txt
19,Angiotensin II,Mechanism,C3714928,,Là cơ chế sinh bệnh học của,Bệnh mạch thận,Cause,C0020545,,Nồng độ angiotensin II tăng cao thường được coi là nguyên nhân gây tăng huyết áp do thận,01_tanghuyetap.txt
20,Angiotensin II,Mechanism,C3714928,,Là cơ chế sinh bệnh học của,Tăng huyết áp do mạch thận,DiseaseSubtype,C0020545,,Nồng độ angiotensin II tăng cao thường được coi là nguyên nhân gây tăng huyết áp do thận,01_tanghuyetap.txt
21,Angiotensin II,Mechanism,C3714928,,Là cơ chế sinh bệnh học của,Vasopressin,Mechanism,C1705480,,"Sản phẩm không hoạt động này bị phân cắt bởi enzym chuyển đổi angiotensin (ACE), chủ yếu ở phổi nhưng cũng có ở thận và não, thành angiotensin II, chất co mạch mạnh, chất này cũng kích thích các trung tâm thần kinh thực vật trong não để tăng cường giải phóng giao cảm và kích thích giải phóng aldosterone và vasopressin.",01_tanghuyetap.txt
22,Antiproteinase,Mechanism,C6024768,,Là cơ chế sinh bệnh học của,Bệnh phổi tắc nghẽn mạn tính,Disease,C0024117,,"Ở những bệnh nhân COPD, bạch cầu trung tính được hoạt hóa và các tế bào viêm khác giải phóng proteases như một phần của quá trình viêm; hoạt tính protease vượt quá hoạt tính antiprotease, hậu quả là sự phá hủy mô liên kết và tăng tiết chất nhầy.",01_copd.txt
23,Antiproteinase,Mechanism,C6024768,,Là cơ chế sinh bệnh học của,Giới hạn luồng không khí,DiseaseSubtype,C0024117,,"Ở những bệnh nhân COPD, bạch cầu trung tính được hoạt hóa và các tế bào viêm khác giải phóng proteases như một phần của quá trình viêm; hoạt tính protease vượt quá hoạt tính antiprotease, hậu quả là sự phá hủy mô liên kết và tăng tiết chất nhầy.",01_copd.txt
24,Antithymocyte globulin,Drug,C0003442,,Điều trị,Đái tháo đường loại 1,DiseaseSubtype,C0011854,,"Antithymocyte globulin (ATG), thuốc ức chế TNF-alpha (yếu tố hoại tử khối u-alpha) và abatacept (CTLA-4-Ig) đã cho thấy một số hứa hẹn trong việc bảo tồn chức năng tế bào beta ở bệnh đái tháo đường loại 1 mới khởi phát",01_daithaoduong.txt
25,Aspirin,Drug,C0004057,,Điều trị,Hen nhạy cảm aspirin,DiseaseSubtype,C3853540,,Việc điều trị đầu tiên cho hen nhạy cảm aspirin là tránh aspirin và NSAID khác.,henphequan.txt
26,Azathioprine,Drug,C0004482,,Điều trị,Đái tháo đường loại 1,DiseaseSubtype,C0011854,,"Các phương pháp điều trị khác nhắm vào đáp ứng viêm tự miễn, bao gồm azathioprine, corticosteroid và cyclosporine, giúp làm giảm bệnh tiểu đường loại 1 sớm ở một số bệnh nhân",01_daithaoduong.txt
27,Azithromycin,Drug,C0052796,,Điều trị,Bệnh phổi tắc nghẽn mạn tính,Disease,C0024117,,ví dụ: kê đơn roflimulast/azithromycin cho bệnh nhân có chẩn đoán bằng liệu pháp sinh học điều trị hen suyễn hoặc T2 ở bệnh nhân có chẩn đoán mắc COPD.,henphequan.txt
28,Azithromycin,Drug,C0052796,,Điều trị,Chồng chéo Hen suyễn-COPD,Disease,C4038730,,ACO đại diện cho một nhóm nhỏ bệnh nhân hen suyễn (từ 15 đến 35%) và COPD (từ 10 đến 40%) có thể đáp ứng với các loại thuốc không thường được chỉ định cho tình trạng rối loạn tương ứng với chẩn đoán chính của bệnh nhân (ví dụ: kê đơn roflimulast/azithromycin,henphequan.txt
29,Azithromycin,Drug,C0052796,,Điều trị,Giới hạn luồng không khí,DiseaseSubtype,C0024117,,ví dụ: kê đơn roflimulast/azithromycin cho bệnh nhân có chẩn đoán bằng liệu pháp sinh học điều trị hen suyễn hoặc T2 ở bệnh nhân có chẩn đoán mắc COPD.,henphequan.txt
30,Azithromycin,Drug,C0052796,,Điều trị,Hạn chế luồng khí,Sign,C0024117,,ví dụ: kê đơn roflimulast/azithromycin cho bệnh nhân có chẩn đoán bằng liệu pháp sinh học điều trị hen suyễn hoặc T2 ở bệnh nhân có chẩn đoán mắc COPD.,henphequan.txt
31,Bisphosphonat,Drug,C0012544,,Điều trị,Loãng xương,Disease,C0029456,,"Bệnh nhân cần dùng corticosteroid hít, đặc biệt là những người có các yếu tố nguy cơ gây loãng xương, có thể cần dùng thêm các biện pháp để bảo vệ mật độ xương (ví dụ: chất bổ sung canxi và vitamin D, bisphosphonat).",henphequan.txt
32,Biến chứng mạch máu,Complication,C0920165,,Gây tổn thương cơ quan,Mạch máu lớn,Organ,C0225991,,"Nhiều năm kiểm soát tăng đường huyết kém dẫn tới nhiều biến chứng mạch máu, ảnh hưởng tới mạch máu nhỏ (vi mạch), mạch lớn (mạch máu lớn), hoặc cả hai.",01_daithaoduong.txt
33,Biến chứng mạch máu,Complication,C0920165,,Gây tổn thương cơ quan,Mạch máu nhỏ,Organ,C0225988,,"Nhiều năm kiểm soát tăng đường huyết kém dẫn tới nhiều biến chứng mạch máu, ảnh hưởng tới mạch máu nhỏ (vi mạch), mạch lớn (mạch máu lớn), hoặc cả hai.",01_daithaoduong.txt
34,Biến chứng tăng huyết áp,Complication,C3266050,,Gây tổn thương cơ quan,"Cơ quan đích (Tim mạch, Não, Thận)",Organ,Chưa có,,"Tăng huyết áp nặng hoặc kéo dài gây tổn thương hệ tim mạch, não và thận, làm tăng nguy cơ nhồi máu cơ tim, đột quỵ, và bệnh thận mạn.",01_tanghuyetap.txt
35,Biến chứng tăng huyết áp,Complication,C3266050,,Gây tổn thương cơ quan,"Hệ tim mạch, não, thận",Organ,Chưa có,,"Tăng huyết áp nặng hoặc kéo dài gây tổn thương hệ tim mạch, não và thận, làm tăng nguy cơ nhồi máu cơ tim, đột quỵ, và bệnh thận mạn.",01_tanghuyetap.txt
36,Biến thể di truyền,Cause,C4296572,,Là cơ chế sinh bệnh học của,Bệnh phổi tắc nghẽn mạn tính,Disease,C0024117,,đã có 30 biến thể di truyền được tìm thấy có liên quan đến COPD,01_copd.txt
37,Biến thể di truyền,Cause,C4296572,,Là cơ chế sinh bệnh học của,Giới hạn luồng không khí,DiseaseSubtype,C0024117,,đã có 30 biến thể di truyền được tìm thấy có liên quan đến COPD,01_copd.txt
38,Biến thể di truyền,Cause,C4296572,,Là cơ chế sinh bệnh học của,Suy giảm chức năng phổi,DiseaseSubtype,Chưa có,,"Trong những năm gần đây, đã có 30 biến thể di truyền được tìm thấy có liên quan đến COPD hoặc suy giảm chức năng phổi ở các quần thể được lựa chọn, nhưng không có kết quả nào được chứng minh là có hậu quả như alpha-1 antitrypsin.",01_copd.txt
39,Bradykinin,Mechanism,C0006100,,Là cơ chế sinh bệnh học của,Tăng huyết áp,Disease,C0020538,,"Thiếu hụt chất giãn mạch (ví dụ: bradykinin, oxit nitric), thay vì sự dư thừa chất co mạch (ví dụ: angiotensin, norepinephrine), có thể gây tăng huyết áp.",01_tanghuyetap.txt
40,Bài tập sức đề kháng,Treatment,C0872279,,Điều trị,Đái tháo đường loại 2,DiseaseSubtype,C0011860,,Cả bài tập thể dục nhịp điệu và bài tập sức đề kháng đều đã được chứng minh là cải thiện việc kiểm soát đường huyết ở bệnh tiểu đường loại 2,01_daithaoduong.txt
41,Bài tập thể dục nhịp điệu,Treatment,C0001701,,Điều trị,Đái tháo đường loại 2,DiseaseSubtype,C0011860,,Cả bài tập thể dục nhịp điệu và bài tập sức đề kháng đều đã được chứng minh là cải thiện việc kiểm soát đường huyết ở bệnh tiểu đường loại 2,01_daithaoduong.txt
42,Béo phì,RiskFactor,C0028754,,Làm tăng nguy cơ mắc,Hen suyễn,Disease,C0004096,,"Trước khi liệu pháp được tăng cường, việc tuân thủ, tiếp xúc với các yếu tố môi trường (ví dụ: tiếp xúc với chất kích thích) và sự hiện diện của các bệnh kèm theo (ví dụ: béo phì, viêm mũi dị ứng, bệnh trào ngược dạ dày thực quản, bệnh phổi tắc nghẽn mạn tính, ngưng thở khi ngủ do tắc nghẽn, rối loạn chức năng dây thanh âm, sử dụng cocaine dạng hít).",henphequan.txt
43,Béo phì,RiskFactor,C0028754,,Làm tăng nguy cơ mắc,Đái tháo đường loại 2,DiseaseSubtype,C0011860,,"Hầu hết trẻ em mắc bệnh tiểu đường loại 2 đều bị béo phì, vì vậy việc điều chỉnh lối sống là nền tảng của liệu pháp điều trị.",01_daithaoduong.txt
44,Bóng khí > 1 cm,Measurement,Chưa có,Thông số: Khoảng thấu quang bóng khí; Giá trị: >> 1 cm,Xác định ngưỡng chẩn đoán cho,Khí phế thũng,DiseaseSubtype,C0034067,,"bóng khí (tức là, khoảng thấu quang > 1 cm bao quanh bởi đường cong, viền mỏng)",01_copd.txt
45,Bơm insulin,Treatment,C3504188,,Điều trị,Đái tháo đường loại 1,DiseaseSubtype,C0011854,,"Trẻ em với đái tháo đường loại 1 đòi hỏi bổ sung thay thế insulin sinh lí như người lớn, và phác đồ điều trị tương tự, gồm bơm insulin.",01_daithaoduong.txt
46,Bơm insulin vòng kín,Treatment,Chưa có,,Điều trị,Hạ đường huyết,DiseaseSubtype,C0020615,,liệu pháp bơm insulin vòng kín tăng cường cảm biến hoặc hỗn hợp là những công cụ hữu ích ở những người dao động giữa hạ đường huyết và tăng đường huyết.,01_daithaoduong.txt
47,Bơm insulin vòng kín,Treatment,Chưa có,,Điều trị,Tăng đường huyết,DiseaseSubtype,C0020456,,liệu pháp bơm insulin vòng kín tăng cường cảm biến hoặc hỗn hợp là những công cụ hữu ích ở những người dao động giữa hạ đường huyết và tăng đường huyết.,01_daithaoduong.txt
48,Bạch cầu trung tính,Mechanism,C0027950,,Gây tổn thương cơ quan,Phổi,Organ,C0024109,,"Tổn thương oxy hóa do bạch cầu trung tính gây ra, giải phóng các peptide thần kinh chức năng (ví dụ: bomesin) và giảm mức độ yếu tố tăng trưởng nội mô mạch máu (VEGF) có thể góp phần phá hủy nhu mô phổi theo chương trình.",01_copd.txt
49,Bạch cầu ái toan,Mechanism,C0014467,,Là một phần của cơ chế,Đáp ứng miễn dịch T2,Mechanism,Chưa có,,Đáp ứng T2 tiền viêm được đặc trưng bởi sự tăng trưởng và kích hoạt quá trình sản sinh bạch cầu ái toan và IgE.,henphequan.txt
50,Bảng xét nghiệm chuyển hóa đầy đủ,Test,C0519825,,Dùng để chẩn đoán,Tăng huyết áp,Disease,C0020538,,"bảng xét nghiệm chuyển hóa đầy đủ (bao gồm creatinine hoặc cystatin C, kali và canxi)",01_tanghuyetap.txt
51,Bảng xét nghiệm lipid,Test,C0200382,,Dùng để chẩn đoán,Tăng huyết áp,Disease,C0020538,,"Bảng xét nghiệm lipid, bảng xét nghiệm chuyển hóa đầy đủ (bao gồm creatinine hoặc cystatin C, kali và canxi), glucose huyết tương lúc đói",01_tanghuyetap.txt
52,Bệnh Addison,Cause,C0001403,,Là nguyên nhân gây ra,Đái tháo đường không ổn định,DiseaseSubtype,C0342302,,"Nguyên nhân khác khiến nồng độ glucose trong huyết tương không ổn định gồm nhiễm trùng, liệt dạ dày (dẫn tới rối loạn hấp thu carbonhydrate) và bệnh nội tiết (ví dụ, bệnh Addison).",01_daithaoduong.txt
53,Bệnh cơ tim giãn,DiseaseSubtype,C0007193,,Dẫn đến biến chứng,Suy tim,Complication,C0018801,,gây ra bệnh cơ tim giãn và suy tim,01_tanghuyetap.txt
54,Bệnh huyết sắc tố,Cause,C0019045,,Gây tổn thương cơ quan,Tuyến tụy,Organ,C0030274,,"Các tình trạng ảnh hưởng đến tuyến tụy (ví dụ: bệnh xơ nang, viêm tụy, bệnh huyết sắc tố, cắt bỏ toàn thân)",01_daithaoduong.txt
55,Bệnh lý tim mạch,Complication,C0007222,,Dẫn đến biến chứng,Bệnh phổi tắc nghẽn mạn tính,Disease,C0024117,,"Tỷ lệ tử vong trong COPD có thể do các bệnh đi kèm (ví dụ: bệnh tim mạch, ung thư)",01_copd.txt
56,Bệnh lý tim mạch,Complication,C0007222,,Dẫn đến biến chứng,Giới hạn luồng không khí,DiseaseSubtype,C0024117,,"Tỷ lệ tử vong trong COPD có thể do các bệnh đi kèm (ví dụ: bệnh tim mạch, ung thư)",01_copd.txt
57,Bệnh mạch thận,Cause,C0020545,,Là nguyên nhân gây ra,Tăng huyết áp,Disease,C0020538,,"Dạng này là điển hình của tăng huyết áp nguyên phát và tăng huyết áp do cường aldosteron nguyên phát, u tủy thượng thận, bệnh mạch thận và bệnh nhu mô thận.",01_tanghuyetap.txt
58,Bệnh nhu mô thận,Cause,C1841992,,Gây tổn thương cơ quan,Thận,Organ,C0022646,,"Nếu thận không sản sinh đủ lượng thuốc giãn mạch (do bệnh nhu mô thận), huyết áp có thể tăng.",01_tanghuyetap.txt
59,Bệnh nhu mô thận,Cause,C1841992,,Là nguyên nhân gây ra,Nguyên nhân thứ phát gây tăng huyết áp,Cause,C0155616,,"chỉ có 5% đến 15% là thứ phát do một bệnh lý khác (ví dụ: cường aldosteron nguyên phát, bệnh nhu mô thận).",01_tanghuyetap.txt
60,Bệnh nhu mô thận,Cause,C1841992,,Là nguyên nhân gây ra,Tăng huyết áp,Disease,C0020538,,"Dạng này là điển hình của tăng huyết áp nguyên phát và tăng huyết áp do cường aldosteron nguyên phát, u tủy thượng thận, bệnh mạch thận và bệnh nhu mô thận.",01_tanghuyetap.txt
61,Bệnh nhu mô thận,Cause,C1841992,,Là nguyên nhân gây ra,Tăng huyết áp thứ phát,DiseaseSubtype,C0155616,,"chỉ có 5% đến 15% là thứ phát do một bệnh lý khác (ví dụ: cường aldosteron nguyên phát, bệnh nhu mô thận).",01_tanghuyetap.txt
62,Bệnh não do tăng huyết áp,Disease,C0151620,,Dẫn đến biến chứng,Phù gai thị,Complication,C0030353,,"gây phù não, bao gồm cả phù gai thị.",02_thuocdieutri.txt
63,Bệnh não do tăng huyết áp,Disease,C0151620,,Dẫn đến biến chứng,Phù não,Complication,C0006114,,"Kết quả là máu với áp suất rất cao được đẩy trực tiếp vào mao mạch khiến huyết tương rò rỉ vào trong não, gây phù não",02_thuocdieutri.txt
64,Bệnh não tăng huyết áp,Complication,C0151620,,Dẫn đến biến chứng,Phù gai thị,Complication,C0030353,,"gây phù não, bao gồm cả phù gai thị.",02_thuocdieutri.txt
65,Bệnh não tăng huyết áp,Complication,C0151620,,Dẫn đến biến chứng,Phù não,Complication,C0006114,,"Kết quả là máu với áp suất rất cao được đẩy trực tiếp vào mao mạch khiến huyết tương rò rỉ vào trong não, gây phù não",02_thuocdieutri.txt
66,Bệnh phổi tắc nghẽn mạn tính,Disease,C0024117,,Có triệu chứng cơ năng,Ho đờm,Symptom,C0239134,,Triệu chứng là ho đờm và khó thở phát triển qua nhiều năm,01_copd.txt
67,Bệnh phổi tắc nghẽn mạn tính,Disease,C0024117,,Có triệu chứng cơ năng,Đau đầu buổi sáng,Symptom,C0581880,,Đau đầu buổi sáng phát triển trong các chứng bệnh nặng hơn,01_copd.txt
68,Bệnh phổi tắc nghẽn mạn tính,Disease,C0024117,,Làm tăng nguy cơ mắc,Hen suyễn,Disease,C0004096,,"Trước khi liệu pháp được tăng cường, việc tuân thủ, tiếp xúc với các yếu tố môi trường (ví dụ: tiếp xúc với chất kích thích) và sự hiện diện của các bệnh kèm theo (ví dụ: béo phì, viêm mũi dị ứng, bệnh trào ngược dạ dày thực quản, bệnh phổi tắc nghẽn mạn tính, ngưng thở khi ngủ do tắc nghẽn, rối loạn chức năng dây thanh âm, sử dụng cocaine dạng hít).",henphequan.txt
69,Bệnh phổi tắc nghẽn mạn tính,Disease,C0024117,,Dẫn đến biến chứng,Biến chứng,Complication,C0009566,,Các yếu tố khác nhau gây ra giới hạn luồng không khí và các biến chứng khác của COPD.,01_copd.txt
70,Bệnh phổi tắc nghẽn mạn tính,Disease,C0024117,,Dẫn đến biến chứng,Biến chứng COPD,Complication,Chưa có,,Các yếu tố khác nhau gây ra giới hạn luồng không khí và các biến chứng khác của COPD.,01_copd.txt
71,Bệnh phổi tắc nghẽn mạn tính,Disease,C0024117,,Dẫn đến biến chứng,Bệnh tim,Disease,C0018799,,"Tử vong thường do suy hô hấp cấp, viêm phổi, ung thư phổi, bệnh tim, hoặc tắc mạch phổi.",01_copd.txt
72,Bệnh phổi tắc nghẽn mạn tính,Disease,C0024117,,Dẫn đến biến chứng,Loãng xương,Complication,C0029456,,Các rối loạn cùng tồn tại hoặc phức tạp khác ảnh hưởng xấu đến chất lượng cuộc sống và/hoặc thời gian sống thêm bao gồm loãng xương,01_copd.txt
73,Bệnh phổi tắc nghẽn mạn tính,Disease,C0024117,,Dẫn đến biến chứng,Suy hô hấp,Complication,C1145670,,"Các trường hợp nặng có thể có biến chứng do giảm cân, tràn khí màng phổi, các đợt cấp mất bù thường xuyên, suy tim phải và/hoặc suy hô hấp cấp hoặc mạn tính.",01_copd.txt
74,Bệnh phổi tắc nghẽn mạn tính,Disease,C0024117,,Dẫn đến biến chứng,Suy hô hấp cấp,Complication,C0264490,,Tử vong thường do suy hô hấp cấp,01_copd.txt
75,Bệnh phổi tắc nghẽn mạn tính,Disease,C0024117,,Dẫn đến biến chứng,Suy hô hấp cấp tính,Disease,C0264490,,Tử vong thường do suy hô hấp cấp,01_copd.txt
76,Bệnh phổi tắc nghẽn mạn tính,Disease,C0024117,,Dẫn đến biến chứng,Suy tim phải,Complication,C0235527,,"Các trường hợp nặng có thể có biến chứng do giảm cân, tràn khí màng phổi, các đợt cấp mất bù thường xuyên, suy tim phải và/hoặc suy hô hấp cấp hoặc mạn tính.",01_copd.txt
77,Bệnh phổi tắc nghẽn mạn tính,Disease,C0024117,,Dẫn đến biến chứng,Thiếu oxy máu,Complication,C0700292,,Công việc thở nhiều hơn có thể dẫn đến giảm thông khí phế nang với tình trạng thiếu oxy,01_copd.txt
78,Bệnh phổi tắc nghẽn mạn tính,Disease,C0024117,,Dẫn đến biến chứng,Thuyên tắc mạch phổi,Disease,C0034065,,"Tử vong thường do suy hô hấp cấp, viêm phổi, ung thư phổi, bệnh tim, hoặc tắc mạch phổi.",01_copd.txt
79,Bệnh phổi tắc nghẽn mạn tính,Disease,C0024117,,Dẫn đến biến chứng,Tràn khí màng phổi,Disease,C0032326,,"Các trường hợp nặng có thể có biến chứng do giảm cân, tràn khí màng phổi",01_copd.txt
80,Bệnh phổi tắc nghẽn mạn tính,Disease,C0024117,,Dẫn đến biến chứng,Tràn khí màng phổi tự phát,Complication,C0149781,,Có thể xảy ra tràn khí màng phổi tự phát (có thể liên quan đến vỡ kén khí) và nên nghi ngờ ở bất cứ bệnh nhân nào bị COPD có tình trạng phổi đột ngột nặng lên.,01_copd.txt
81,Bệnh phổi tắc nghẽn mạn tính,Disease,C0024117,,Dẫn đến biến chứng,Tâm phế mạn,Complication,C0238074,,"Các dấu hiệu của bệnh tâm phế bao gồm giãn tĩnh mạch cổ, tiếng tim thứ hai tách đôi với phần tiếng van động mạch phổi nổi bật, tiếng thổi do suy van ba lá và phù ngoại biên.",01_copd.txt
82,Bệnh phổi tắc nghẽn mạn tính,Disease,C0024117,,Dẫn đến biến chứng,Tắc mạch phổi,Complication,C0034065,,"Tử vong thường do suy hô hấp cấp, viêm phổi, ung thư phổi, bệnh tim, hoặc tắc mạch phổi.",01_copd.txt
83,Bệnh phổi tắc nghẽn mạn tính,Disease,C0024117,,Dẫn đến biến chứng,Ung thư phổi,Disease,C0684249,,"Tử vong thường do suy hô hấp cấp, viêm phổi, ung thư phổi, bệnh tim, hoặc tắc mạch phổi.",01_copd.txt
84,Bệnh phổi tắc nghẽn mạn tính,Disease,C0024117,,Dẫn đến biến chứng,Viêm phổi,Complication,C0032285,,"Tử vong thường do suy hô hấp cấp, viêm phổi, ung thư phổi, bệnh tim, hoặc tắc mạch phổi.",01_copd.txt
85,Bệnh sarcoid,Disease,C0036202,,Làm tăng nguy cơ mắc,Bệnh phổi tắc nghẽn mạn tính,Disease,C0024117,,"Các bệnh lý hệ thống có thể có một phần hạn chế luồng khí gợi ý COPD; các bệnh lý này bao gồm nhiễm HIV, lạm dụng các loại thuốc bất hợp pháp (đặc biệt là cocaine và amphetamine), bệnh sarcoid, hội chứng Sjögren, viêm tiểu phế quản tắc nghẽn, bệnh u cơ trơn mạch bạch huyết và u hạt do tăng bạch cầu ái toan.",01_copd.txt
86,Bệnh sarcoid,Disease,C0036202,,Làm tăng nguy cơ mắc,Giới hạn luồng không khí,DiseaseSubtype,C0024117,,"Các bệnh lý hệ thống có thể có một phần hạn chế luồng khí gợi ý COPD; các bệnh lý này bao gồm nhiễm HIV, lạm dụng các loại thuốc bất hợp pháp (đặc biệt là cocaine và amphetamine), bệnh sarcoid, hội chứng Sjögren, viêm tiểu phế quản tắc nghẽn, bệnh u cơ trơn mạch bạch huyết và u hạt do tăng bạch cầu ái toan.",01_copd.txt
87,Bệnh thận,Disease,C0022658,,Làm tăng nguy cơ mắc,Bệnh tim mạch do xơ vữa động mạch,Disease,C0004153,,Bệnh đái tháo đường hoặc bệnh thận cũng là một phần trong các yếu tố nguy cơ của bệnh xơ vữa động mạch.,01_tanghuyetap.txt
88,Bệnh thận,Disease,C0022658,,Làm tăng nguy cơ mắc,Xơ vữa động mạch,Mechanism,C0004153,,Bệnh đái tháo đường hoặc bệnh thận cũng là một phần trong các yếu tố nguy cơ của bệnh xơ vữa động mạch.,01_tanghuyetap.txt
89,Bệnh thận mạn tính,Cause,C1561643,,Là nguyên nhân gây ra,Nguyên nhân thứ phát gây tăng huyết áp,Cause,C0155616,,"Ngưng thở khi ngủ, bệnh thận mạn tính hoặc hẹp động mạch thận là những nguyên nhân khác gây tăng huyết áp thứ phát.",01_tanghuyetap.txt
90,Bệnh thận mạn tính,Cause,C1561643,,Là nguyên nhân gây ra,Tăng huyết áp thứ phát,DiseaseSubtype,C0155616,,"Ngưng thở khi ngủ, bệnh thận mạn tính hoặc hẹp động mạch thận là những nguyên nhân khác gây tăng huyết áp thứ phát.",01_tanghuyetap.txt
91,Bệnh tim mạch,Disease,C0007222,,Dẫn đến biến chứng,Bệnh phổi tắc nghẽn mạn tính,Disease,C0024117,,"Tỷ lệ tử vong trong COPD có thể do các bệnh đi kèm (ví dụ: bệnh tim mạch, ung thư)",01_copd.txt
92,Bệnh tim mạch,Disease,C0007222,,Dẫn đến biến chứng,Giới hạn luồng không khí,DiseaseSubtype,C0024117,,"Tỷ lệ tử vong trong COPD có thể do các bệnh đi kèm (ví dụ: bệnh tim mạch, ung thư)",01_copd.txt
93,Bệnh tim mạch do xơ vữa động mạch,Disease,C0004153,,Gây tổn thương cơ quan,Mắt,Organ,C4266572,,"Xơ vữa động mạch được đặc trưng bởi tình trạng phì đại, tăng sản và hyalin hóa ở lớp giữa của các động mạch nhỏ (tiểu động mạch), đặc biệt là ở mắt và thận.",01_tanghuyetap.txt
94,Bệnh tim mạch do xơ vữa động mạch,Disease,C0004153,,Gây tổn thương cơ quan,Thận,Organ,C0022646,,"Xơ vữa động mạch được đặc trưng bởi tình trạng phì đại, tăng sản và hyalin hóa ở lớp giữa của các động mạch nhỏ (tiểu động mạch), đặc biệt là ở mắt và thận.",01_tanghuyetap.txt
95,Bệnh tim mạch do xơ vữa động mạch,Disease,C0004153,,Là cơ chế sinh bệnh học của,Bệnh mạch máu lớn,Disease,Chưa có,,Bệnh mạch máu lớn liên quan xơ vữa động mạch của các mạch lớn,01_daithaoduong.txt
96,Bệnh trào ngược dạ dày thực quản (GERD),Disease,C0017168,,Làm tăng nguy cơ mắc,Hen suyễn,Disease,C0004096,,GERD là một tác nhân thông thường trong một số bệnh nhân hen,henphequan.txt
97,Bệnh u cơ trơn mạch bạch huyết,Disease,C0751674,,Làm tăng nguy cơ mắc,Bệnh phổi tắc nghẽn mạn tính,Disease,C0024117,,"Các bệnh lý hệ thống có thể có một phần hạn chế luồng khí gợi ý COPD; các bệnh lý này bao gồm nhiễm HIV, lạm dụng các loại thuốc bất hợp pháp (đặc biệt là cocaine và amphetamine), bệnh sarcoid, hội chứng Sjögren, viêm tiểu phế quản tắc nghẽn, bệnh u cơ trơn mạch bạch huyết và u hạt do tăng bạch cầu ái toan.",01_copd.txt
98,Bệnh u cơ trơn mạch bạch huyết,Disease,C0751674,,Làm tăng nguy cơ mắc,Giới hạn luồng không khí,DiseaseSubtype,C0024117,,"Các bệnh lý hệ thống có thể có một phần hạn chế luồng khí gợi ý COPD; các bệnh lý này bao gồm nhiễm HIV, lạm dụng các loại thuốc bất hợp pháp (đặc biệt là cocaine và amphetamine), bệnh sarcoid, hội chứng Sjögren, viêm tiểu phế quản tắc nghẽn, bệnh u cơ trơn mạch bạch huyết và u hạt do tăng bạch cầu ái toan.",01_copd.txt
99,Bệnh vi mạch,DiseaseSubtype,C0206064,,Dẫn đến biến chứng,Loét,Complication,C0041582,,"Bệnh vi mạch cũng có thể làm giảm khả năng lành vết thương, do đó ngay cả những vết rách nhỏ trên da cũng có thể phát triển thành vết loét sâu hơn",01_daithaoduong.txt
100,Bệnh võng mạc,Complication,C0035309,,Dẫn đến biến chứng,Bệnh não do tăng huyết áp,Disease,C0151620,,"Bệnh võng mạc giai đoạn nặng (xơ hóa, xuất tiết xuất huyết dạng bông, hẹp tiểu động mạch, phù gai thị) thường đi kèm với bệnh não do tăng huyết áp",02_thuocdieutri.txt
101,Bệnh võng mạc,Complication,C0035309,,Dẫn đến biến chứng,Bệnh não tăng huyết áp,Complication,C0151620,,"Bệnh võng mạc giai đoạn nặng (xơ hóa, xuất tiết xuất huyết dạng bông, hẹp tiểu động mạch, phù gai thị) thường đi kèm với bệnh não do tăng huyết áp",02_thuocdieutri.txt
102,Bệnh xơ nang,Cause,C0010674,,Gây tổn thương cơ quan,Tuyến tụy,Organ,C0030274,,"Các tình trạng ảnh hưởng đến tuyến tụy (ví dụ: bệnh xơ nang, viêm tụy, bệnh huyết sắc tố, cắt bỏ toàn thân)",01_daithaoduong.txt
103,Bộ lọc không khí HEPA,Treatment,C1881047,,Điều trị,Bệnh hen do tập luyện,Disease,C0004099,,Bộ lọc không khí hạt có hiệu suất cao (HEPA) có thể làm giảm các triệu chứng,henphequan.txt
104,Bộ lọc không khí HEPA,Treatment,C1881047,,Điều trị,Hen do gắng sức,DiseaseSubtype,C0004099,,Bộ lọc không khí hạt có hiệu suất cao (HEPA) có thể làm giảm các triệu chứng,henphequan.txt
105,Bụi nghề nghiệp,RiskFactor,C2919137,,Làm tăng nguy cơ mắc,Bệnh phổi tắc nghẽn mạn tính,Disease,C0024117,,"Tiếp xúc với khói thuốc lá thụ động, ô nhiễm không khí và bụi nghề nghiệp (ví dụ: bụi khoáng, bụi bông) hoặc hóa chất hít vào (ví dụ: cadmium) góp phần gây nguy cơ mắc COPD nhưng ít quan trọng hơn so với hút thuốc lá.",01_copd.txt
106,Bụi nghề nghiệp,RiskFactor,C2919137,,Làm tăng nguy cơ mắc,Giới hạn luồng không khí,DiseaseSubtype,C0024117,,"Tiếp xúc với khói thuốc lá thụ động, ô nhiễm không khí và bụi nghề nghiệp (ví dụ: bụi khoáng, bụi bông) hoặc hóa chất hít vào (ví dụ: cadmium) góp phần gây nguy cơ mắc COPD nhưng ít quan trọng hơn so với hút thuốc lá.",01_copd.txt
107,COVID-19,Disease,C5203670,,Làm tăng nguy cơ mắc,Bệnh phổi tắc nghẽn mạn tính,Disease,C0024117,,Đại dịch COVID-19 gây nguy cơ đặc biệt cho bệnh nhân mắc COPD.,01_copd.txt
108,COVID-19,Disease,C5203670,,Làm tăng nguy cơ mắc,Giới hạn luồng không khí,DiseaseSubtype,C0024117,,Đại dịch COVID-19 gây nguy cơ đặc biệt cho bệnh nhân mắc COPD.,01_copd.txt
109,CT ngực,Test,C0202823,,Dùng để chẩn đoán,Bệnh bụi phổi,Disease,C0032273,,"CT ngực có thể tiết lộ những bất thường không rõ ràng trên phim X quang ngực và cũng có thể gợi ý các rối loạn kèm theo hoặc các rối loạn gây biến chứng, chẳng hạn như viêm phổi, bệnh bụi phổi",01_copd.txt
110,CT ngực,Test,C0202823,,Dùng để chẩn đoán,Ung thư phổi,Disease,C0684249,,"CT ngực có thể tiết lộ những bất thường không rõ ràng trên phim X quang ngực và cũng có thể gợi ý các rối loạn kèm theo hoặc các rối loạn gây biến chứng, chẳng hạn như viêm phổi, bệnh bụi phổi hoặc ung thư phổi.",01_copd.txt
111,CT sọ não,Test,C0202691,,Dùng để chẩn đoán,Xuất huyết não,DiseaseSubtype,C2937358,,Bệnh nhân có các triệu chứng thần kinh cần chụp CT sọ để chẩn đoán xuất huyết não,02_thuocdieutri.txt
112,Cadmium,RiskFactor,C0006632,,Làm tăng nguy cơ mắc,Bệnh phổi tắc nghẽn mạn tính,Disease,C0024117,,hóa chất hít vào (ví dụ: cadmium) góp phần gây nguy cơ mắc COPD,01_copd.txt
113,Cadmium,RiskFactor,C0006632,,Làm tăng nguy cơ mắc,Giới hạn luồng không khí,DiseaseSubtype,C0024117,,hóa chất hít vào (ví dụ: cadmium) góp phần gây nguy cơ mắc COPD,01_copd.txt
114,Cai thuốc lá,Treatment,C0085134,,Điều trị,Bệnh phổi tắc nghẽn mạn tính,Disease,C0024117,,Khuyến khích cai thuốc lá bằng sử dụng nhiều biện pháp can thiệp.,01_copd.txt
115,Cai thuốc lá,Treatment,C0085134,,Điều trị,Giới hạn luồng không khí,DiseaseSubtype,C0024117,,Khuyến khích cai thuốc lá bằng sử dụng nhiều biện pháp can thiệp.,01_copd.txt
116,Cam thảo,RiskFactor,C0086555,,Làm tăng nguy cơ mắc,Tăng huyết áp,Disease,C0020538,,Cam thảo có thể làm trầm trọng thêm khả năng kiểm soát huyết áp.,01_tanghuyetap.txt
117,Can thiệp tâm lý xã hội,Treatment,C5392103,,Điều trị,Rối loạn ăn uống,Disease,C0013473,,"Điều trị thường liên quan đến giám sát y tế chuyên sâu kết hợp với can thiệp tâm lý xã hội (ví dụ, cố vấn hoặc nhóm hỗ trợ), liệu pháp cá nhân hoặc gia đình và thuốc tâm thần khi được chỉ định.",01_daithaoduong.txt
118,Canxi và Vitamin D,Treatment,C0006730,,Điều trị,Loãng xương,Disease,C0029456,,"Bệnh nhân cần dùng corticosteroid hít, đặc biệt là những người có các yếu tố nguy cơ gây loãng xương, có thể cần dùng thêm các biện pháp để bảo vệ mật độ xương (ví dụ: chất bổ sung canxi và vitamin D, bisphosphonat).",henphequan.txt
119,Carbohydrate,Treatment,C0007004,,Điều trị,Hạ đường huyết,DiseaseSubtype,C0020615,,Bệnh nhân đã có tiền sử triệu chứng hạ đường huyết khi tập luyện nên được khuyên kiểm tra glucose máu và ăn carbonhydrate,01_daithaoduong.txt
120,Carbohydrate-to-insulin ratio,Test,C5230552,,Đo lường chỉ số,Tỷ lệ Carbohydrate-to-Insulin (CIR): 15g : 1 đơn vị,Measurement,Chưa có,Thông số: Tỷ lệ Carbohydrate-to-Insulin (CIR); Giá trị: 5-15 g,"Ví dụ: nếu sử dụng tỷ lệ carbohydrate-to-insulin (CIR) là 15 gram:1 đơn vị, bệnh nhân sẽ cần 1 đơn vị insulin tác dụng nhanh cho mỗi 15 g carbohydrate trong bữa ăn.",01_daithaoduong.txt
121,Celecoxib,Drug,C0538927,,Điều trị,Hen nhạy cảm aspirin,DiseaseSubtype,C3853540,,"Bệnh nhân hen suyễn nhạy cảm với aspirinn có thể sử dụng acetaminophen, choline magnesium salicylate, hoặc NSAID có tính chọn lọc cao như celecoxib khi họ cần thuốc giảm đau.",henphequan.txt
122,Chlorthalidone,Drug,C0008294,,Điều trị,Bệnh thận mạn tính giai đoạn 4,DiseaseSubtype,C2317473,,chlorthalidone đã được chứng minh là có hiệu quả trong việc cải thiện huyết áp trên bệnh nhân có mức lọc cầu thận < 30 mL/phút.,02_thuocdieutri.txt
123,Choline magnesium salicylate,Drug,C2930097,,Điều trị,Hen nhạy cảm aspirin,DiseaseSubtype,C3853540,,"Bệnh nhân hen suyễn nhạy cảm với aspirinn có thể sử dụng acetaminophen, choline magnesium salicylate, hoặc NSAID có tính chọn lọc cao như celecoxib khi họ cần thuốc giảm đau.",henphequan.txt
124,Chuyên gia tăng huyết áp,Treatment,C5958903,,Điều trị,Tăng huyết áp,Disease,C0020538,,Những bệnh nhân khó khăn trong kiểm soát huyết áp như vậy nên tham khảo ý kiến của các chuyên gia về tăng huyết áp.,01_tanghuyetap.txt
125,Chương trình giáo dục bệnh tiểu đường,Treatment,C1532353,,Điều trị,Đái tháo đường loại 1,DiseaseSubtype,C0011854,,"Các chương trình giáo dục chính thức về bệnh tiểu đường, thường được thực hiện bởi các y tá tiểu đường và chuyên gia dinh dưỡng, thường rất hiệu quả và đã được chứng minh là cải thiện kết quả của bệnh tiểu đường.",01_daithaoduong.txt
126,Chất gây dị ứng trong gia đình,RiskFactor,Chưa có,,Làm tăng nguy cơ mắc,Hen suyễn,Disease,C0004096,,"Các bằng chứng cho thấy có sự liên quan của các chất gây dị ứng trong gia đình (ví dụ: bụi, gián, vật nuôi) và các chất gây dị ứng môi trường khác đối với sự phát triển bệnh ở trẻ em và người lớn.",henphequan.txt
127,Chẩn đoán hình ảnh ngực,Test,C0412738,,Dùng để chẩn đoán,Bệnh phổi tắc nghẽn mạn tính,Disease,C0024117,,"Chẩn đoán được gợi ý dựa trên bệnh sử, khám thực thể, kết quả chẩn đoán hình ảnh ngực và được xác nhận bằng các xét kiểm tra chức năng phổi.",01_copd.txt
128,Chẩn đoán hình ảnh ngực,Test,C0412738,,Dùng để chẩn đoán,Giới hạn luồng không khí,DiseaseSubtype,C0024117,,"Chẩn đoán được gợi ý dựa trên bệnh sử, khám thực thể, kết quả chẩn đoán hình ảnh ngực và được xác nhận bằng các xét kiểm tra chức năng phổi.",01_copd.txt
129,Chế độ ăn kiêng,Treatment,C0012159,,Điều trị,Đái tháo đường,Disease,C0011849,,"Điều trị bằng chế độ ăn kiêng, tập thể dục và dùng thuốc làm giảm lượng glucose, bao gồm insulin, thuốc hạ đường huyết đường uống và thuốc tiêm không chứa insulin.",01_daithaoduong.txt
130,Chế độ ăn kiêng,Treatment,C0012159,,Điều trị,Đái tháo đường loại 2,DiseaseSubtype,C0011860,,Một số bệnh nhân mắc bệnh tiểu đường loại 2 có thể tránh hoặc ngừng điều trị bằng thuốc nếu họ có thể duy trì nồng độ đường huyết chỉ bằng chế độ ăn kiêng và tập thể dục.,01_daithaoduong.txt
131,"Chế độ ăn thiếu hụt vitamin C, E và axit béo omega-3",RiskFactor,Chưa có,,Làm tăng nguy cơ mắc,Hen suyễn,Disease,C0004096,,"Chế độ ăn ít vitamin C, E và axit béo omega-3 có liên quan đến hen suyễn",henphequan.txt
132,Chế độ ăn ít chất béo,Treatment,C0242970,,Điều trị,Rối loạn lipid máu,Disease,C0242339,,Lipid máu tăng rõ trong vòng 4 tuần điều trị và có thể được cải thiện bởi một chế độ ăn ít chất béo.,02_thuocdieutri.txt
133,Chỉ số BODE,Test,C4053940,,Dùng để chẩn đoán,Bệnh phổi tắc nghẽn mạn tính,Disease,C0024117,,"Dự đoán chính xác hơn về nguy cơ tử vong có thể bằng cách đồng thời đo chỉ số khối cơ thể (B), mức độ tắc nghẽn đường thở (O, đó là FEV1), khó thở (D, được đo bằng cách sử dụng thang điểm của Hội đồng Nghiên cứu Y khoa Anh Quốc sửa đổi (mMRC)), và khả năng gắng sức (E, được đo bằng nghiệm pháp đi bộ 6 phút); đây là chỉ số BODE.",01_copd.txt
134,Chỉ số BODE,Test,C4053940,,Dùng để chẩn đoán,Giới hạn luồng không khí,DiseaseSubtype,C0024117,,"Dự đoán chính xác hơn về nguy cơ tử vong có thể bằng cách đồng thời đo chỉ số khối cơ thể (B), mức độ tắc nghẽn đường thở (O, đó là FEV1), khó thở (D, được đo bằng cách sử dụng thang điểm của Hội đồng Nghiên cứu Y khoa Anh Quốc sửa đổi (mMRC)), và khả năng gắng sức (E, được đo bằng nghiệm pháp đi bộ 6 phút); đây là chỉ số BODE.",01_copd.txt
135,Chỉ số huyết áp,Measurement,C0005824,Thông số: Huyết áp,Xác định ngưỡng chẩn đoán cho,Tăng huyết áp,Disease,C0020538,,Không giống như tăng huyết áp (ví dụ: trong đó một chỉ số [HA] xác định mức độ nghiêm trọng của rối loạn và hiệu quả điều trị),henphequan.txt
136,Chỉ số huyết áp,Measurement,C0005824,Thông số: Huyết áp,Dùng để chẩn đoán,Tăng huyết áp cấp cứu,DiseaseSubtype,C0745136,,"Chẩn đoán bằng cách đo huyết áp, ECG, phân tích nước tiểu, đo điện giải và creatinine trong huyết thanh.",02_thuocdieutri.txt
137,Chỉ số huyết áp,Measurement,C0005824,Thông số: Huyết áp,Dùng để chẩn đoán,Tăng huyết áp nặng: Huyết áp tâm thu >= 180 mmHg hoặc huyết áp tâm trương >= 120 mmHg,Measurement,C0745136,Thông số: Tăng huyết áp nặng; Huyết áp 180/120 mmHg,"Chẩn đoán bằng cách đo huyết áp, ECG, phân tích nước tiểu, đo điện giải và creatinine trong huyết thanh.",02_thuocdieutri.txt
138,Chỉ số khối cơ thể (BMI) nguy cơ cao: >= 35 kg/m2,Measurement,Chưa có,Thông số: Chỉ số khối cơ thể (BMI); Giá trị: >=35,Xác định ngưỡng chẩn đoán cho,Đái tháo đường,Disease,C0011849,,"Thuốc này có thể được xem xét nếu chế độ ăn kiêng và lối sống không thành công, đặc biệt ở những bệnh nhân có nguy cơ mắc bệnh tiểu đường cao nhất (chỉ số khối cơ thể >= 35 hoặc có tiền sử tiểu đường thai kỳ) (7, 8).",01_daithaoduong.txt
139,Chỉnh hình phế quản bằng nhiệt,Treatment,C3854686,,Điều trị,Hen nặng không kiểm soát,DiseaseSubtype,C3862402,,Tiêu chuẩn để xem xét chỉnh hình phế quản bằng nhiệt bao gồm bệnh hen nặng không được kiểm soát,henphequan.txt
140,Chụp CT mạch ngực,Test,C2703057,,Dùng để chẩn đoán,Thuyên tắc mạch phổi,Disease,C0034065,,chụp CT mạch ngực được thực hiện để kiểm tra thuyên tắc mạch phổi.,01_copd.txt
141,Chụp CT mạch ngực,Test,C2703057,,Dùng để chẩn đoán,Tắc mạch phổi,Complication,C0034065,,chụp CT mạch ngực được thực hiện để kiểm tra thuyên tắc mạch phổi.,01_copd.txt
142,Chụp CT đầu,Test,Chưa có,,Dùng để chẩn đoán,Tăng huyết áp cấp cứu,DiseaseSubtype,C0745136,,"đối với những bệnh nhân có triệu chứng hoặc dấu hiệu thần kinh, hãy chụp CT đầu.",02_thuocdieutri.txt
143,Chụp CT đầu,Test,Chưa có,,Dùng để chẩn đoán,Tăng huyết áp nặng: Huyết áp tâm thu >= 180 mmHg hoặc huyết áp tâm trương >= 120 mmHg,Measurement,C0745136,Thông số: Tăng huyết áp nặng; Huyết áp 180/120 mmHg,"đối với những bệnh nhân có triệu chứng hoặc dấu hiệu thần kinh, hãy chụp CT đầu.",02_thuocdieutri.txt
144,Chức năng hô hấp,Test,C0035227,,Dùng để chẩn đoán,Suy giảm chức năng phổi,DiseaseSubtype,Chưa có,,Nguy cơ được đánh giá bởi các đặc điểm lâu dài về chức năng hô hấp và các lâm sàng như,henphequan.txt
145,Clevidipine,Drug,C0766108,,Điều trị,Tăng huyết áp chu phẫu,DiseaseSubtype,C3661921,,Nó đã được chứng minh là có hiệu quả và an toàn trong việc kiểm soát tăng huyết áp chu phẫu,02_thuocdieutri.txt
146,Clevidipine,Drug,C0766108,,Điều trị,Tăng huyết áp cấp cứu,DiseaseSubtype,C0745136,,"Giảm huyết áp động mạch trung bình khoảng 20 đến 25% trong giờ đầu tiên bằng cách sử dụng thuốc theo đường tĩnh mạch có thể chuẩn độ, tác dụng ngắn như clevidipine, nitroglycerin, fenoldopam, nicardipine hoặc labetalol.",02_thuocdieutri.txt
147,Clevidipine,Drug,C0766108,,Điều trị,Tăng huyết áp nặng: Huyết áp tâm thu >= 180 mmHg hoặc huyết áp tâm trương >= 120 mmHg,Measurement,C0745136,Thông số: Tăng huyết áp nặng; Huyết áp 180/120 mmHg,"Giảm huyết áp động mạch trung bình khoảng 20 đến 25% trong giờ đầu tiên bằng cách sử dụng thuốc theo đường tĩnh mạch có thể chuẩn độ, tác dụng ngắn như clevidipine, nitroglycerin, fenoldopam, nicardipine hoặc labetalol.",02_thuocdieutri.txt
148,Co thắt phế quản,Mechanism,C0006266,,Gây tổn thương cơ quan,Phế quản,Organ,C0006255,,"Thuật ngữ cơn hen phế quản mô tả sự co thắt phế quản nặng, dữ dội và kéo dài có khả năng kháng trị.",henphequan.txt
149,Co thắt phế quản,Mechanism,C0006266,,Là cơ chế sinh bệnh học của,Cơn hen,Complication,C0347950,,"Thuật ngữ cơn hen phế quản mô tả sự co thắt phế quản nặng, dữ dội và kéo dài có khả năng kháng trị.",henphequan.txt
150,Co thắt phế quản,Mechanism,C0006266,,Là cơ chế sinh bệnh học của,Cơn hen phế quản,DiseaseSubtype,C0347950,,"Thuật ngữ cơn hen phế quản mô tả sự co thắt phế quản nặng, dữ dội và kéo dài có khả năng kháng trị.",henphequan.txt
151,Co thắt phế quản,Mechanism,C0006266,,Là cơ chế sinh bệnh học của,Hen suyễn,Disease,C0004096,,"GERD là một tác nhân thông thường trong một số bệnh nhân hen, có thể thông qua phản ứng co thắt phế quản do axit thực quản hoặc do hít phải axit.",henphequan.txt
152,Co thắt phế quản,Mechanism,C0006266,,Là cơ chế sinh bệnh học của,Hẹp đường dẫn khí,Mechanism,C0001883,,"Hẹp đường dẫn khí và tắc nghẽn gây ra bởi đáp ứng viêm trung gian tăng tiết chất nhầy, nhầy niêm mạc, phù niêm mạc, co thắt phế quản, xơ dày thành đường thở, và tái cấu trúc các đường thở nhỏ hoặc các cơ chế này kết hợp nhau.",01_copd.txt
153,Co thắt phế quản,Mechanism,C0006266,,Là cơ chế sinh bệnh học của,Tắc nghẽn đường thở,DiseaseSubtype,C0001883,,"Hẹp đường dẫn khí và tắc nghẽn gây ra bởi đáp ứng viêm trung gian tăng tiết chất nhầy, nhầy niêm mạc, phù niêm mạc, co thắt phế quản, xơ dày thành đường thở, và tái cấu trúc các đường thở nhỏ hoặc các cơ chế này kết hợp nhau.",01_copd.txt
154,Co thắt phế quản nặng,Mechanism,Chưa có,,Là cơ chế sinh bệnh học của,Hen suyễn,Disease,C0004096,,bệnh nhân bị co thắt phế quản nặng có thể không có thở khò khè nghe thấy được do luồng khí thở bị giới hạn rõ rệt.,henphequan.txt
155,Continuous Glucose Monitoring,Test,C4523945,,Đo lường chỉ số,Thời gian đường huyết trong khoảng mục tiêu (TIR 14 ngày): > 70%,Measurement,Chưa có,Thông số: Thời gian đường huyết trong khoảng mục tiêu (TIR); Giá trị: 70 %,"Với theo dõi đường huyết liên tục (CGM), thời gian 14 ngày trong khoảng (TIR) > 70%",01_daithaoduong.txt
156,Corticosteroid,DrugClass,C0001617,,Điều trị,Bệnh phổi tắc nghẽn mạn tính,Disease,C0024117,,Tình trạng viêm mạn tính này dường như không đáp ứng với corticosteroid,01_copd.txt
157,Corticosteroid,DrugClass,C0001617,,Điều trị,Giới hạn luồng không khí,DiseaseSubtype,C0024117,,Tình trạng viêm mạn tính này dường như không đáp ứng với corticosteroid,01_copd.txt
158,Corticosteroid,Drug,C0001617,,Điều trị,Hen kích ứng,Disease,Chưa có,,"RADS và hen kích ứng mạn tính có nhiều điểm tương đồng về lâm sàng với hen (ví dụ: thở khò khè, khó thở, ho, có hạn chế luồng khí, tăng đáp ứng phế quản) và đáp ứng đáng kể với thuốc giãn phế quản và thường là corticosteroid.",henphequan.txt
159,Corticosteroid,Drug,C0001617,,Điều trị,Hen suyễn,Disease,C0004096,,tầm quan trọng của việc sử dụng corticosteroid sớm.,henphequan.txt
160,Corticosteroid,Drug,C0001617,,Điều trị,RADS,Disease,C1299633,,"RADS và hen kích ứng mạn tính có nhiều điểm tương đồng về lâm sàng với hen (ví dụ: thở khò khè, khó thở, ho, có hạn chế luồng khí, tăng đáp ứng phế quản) và đáp ứng đáng kể với thuốc giãn phế quản và thường là corticosteroid.",henphequan.txt
161,Corticosteroid,DrugClass,C0001617,,Điều trị,Đái tháo đường loại 1,DiseaseSubtype,C0011854,,"Các phương pháp điều trị khác nhắm vào đáp ứng viêm tự miễn, bao gồm azathioprine, corticosteroid và cyclosporine, giúp làm giảm bệnh tiểu đường loại 1 sớm ở một số bệnh nhân",01_daithaoduong.txt
162,Corticosteroid dạng hít,DrugClass,C4020618,,Điều trị,Bệnh phổi tắc nghẽn mạn tính,Disease,C0024117,,giảm các đợt cấp bằng corticosteroid dạng hít,01_copd.txt
163,Corticosteroid dạng hít,DrugClass,C4020618,,Điều trị,Giới hạn luồng không khí,DiseaseSubtype,C0024117,,giảm các đợt cấp bằng corticosteroid dạng hít,01_copd.txt
164,Corticosteroid dạng hít,DrugClass,C4020618,,Điều trị,Hen suyễn,Disease,C0004096,,"Điều trị liên quan đến kiểm soát các yếu tố khởi phát và điều trị bằng thuốc, thường dùng nhất là thuốc cường beta-2 và corticosteroid dạng hít.",henphequan.txt
165,Corticosteroid dạng hít (ICS),DrugClass,C3540702,,Điều trị,Bệnh phổi tắc nghẽn mạn tính,Disease,C0024117,,giảm đợt cấp bằng corticosteroid dạng hít,01_copd.txt
166,Corticosteroid dạng hít (ICS),DrugClass,C3540702,,Điều trị,Giới hạn luồng không khí,DiseaseSubtype,C0024117,,giảm đợt cấp bằng corticosteroid dạng hít,01_copd.txt
167,Corticosteroid dạng hít (ICS),DrugClass,C3540702,,Điều trị,Hen suyễn,Disease,C0004096,,Một số nghiên cứu cho thấy việc sử dụng corticosteroid đường hít làm giảm tỷ lệ nhập viện và tử vong.,henphequan.txt
168,Corticosteroid dạng hít (ICS),DrugClass,C3540702,,Điều trị,Rối loạn thông khí tắc nghẽn,Disease,C0746984,,"xác định mức độ hồi phục của rối loạn thông khí tắc nghẽn (ví dụ, bằng cách dùng thử corticosteroid hít trong 2 tới 3 tuần",henphequan.txt
169,Corticosteroid hít,Drug,C3540702,,Điều trị,Hen suyễn,Disease,C0004096,,Một số nghiên cứu cho thấy việc sử dụng corticosteroid đường hít làm giảm tỷ lệ nhập viện và tử vong.,henphequan.txt
170,Corticosteroid hít,Drug,C3540702,,Điều trị,Rối loạn thông khí tắc nghẽn,Disease,C0746984,,"xác định mức độ hồi phục của rối loạn thông khí tắc nghẽn (ví dụ, bằng cách dùng thử corticosteroid hít trong 2 tới 3 tuần",henphequan.txt
171,Corticosteroid hệ thống,DrugClass,C4053960,,Điều trị,Đợt cấp hen suyễn,DiseaseSubtype,C0340066,,Điều trị bao gồm Thuốc giãn phế quản dạng hít (thuốc chủ vận beta và thuốc kháng cholinergic) Thường là corticosteroid đường toàn thân,henphequan.txt
172,Corticosteroid đường toàn thân,Drug,C4053960,,Điều trị,Đợt cấp hen suyễn,DiseaseSubtype,C0340066,,Điều trị bao gồm Thuốc giãn phế quản dạng hít (thuốc chủ vận beta và thuốc kháng cholinergic) Thường là corticosteroid đường toàn thân,henphequan.txt
173,Coxsackievirus,Cause,C0010247,,Là nguyên nhân gây ra,Đái tháo đường loại 1,DiseaseSubtype,C0011854,,"Một số loại vi rút (bao gồm coxsackievirus, vi rút rubella, cytomegalovirus, vi rút Epstein-Barr, SARS-CoV-2 (1, 2) và retrovirus) có liên quan đến khởi phát của bệnh tiểu đường loại 1.",01_daithaoduong.txt
174,Cromolyn,Drug,C0012694,,Điều trị,Hen suyễn,Disease,C0004096,,"Trẻ nhỏ và trẻ em < 5 tuổi cần điều trị > 2 lần/tuần nên được dùng thuốc chống viêm hàng ngày với corticosteroid dạng hít (ưu tiên), thuốc đối kháng thụ thể leukotriene, hoặc cromolyn.",henphequan.txt
175,Cyclosporine,Drug,C0010592,,Điều trị,Đái tháo đường loại 1,DiseaseSubtype,C0011854,,"Các phương pháp điều trị khác nhắm vào đáp ứng viêm tự miễn, bao gồm azathioprine, corticosteroid và cyclosporine, giúp làm giảm bệnh tiểu đường loại 1 sớm ở một số bệnh nhân",01_daithaoduong.txt
176,Cytomegalovirus,Cause,C0010825,,Là nguyên nhân gây ra,Đái tháo đường loại 1,DiseaseSubtype,C0011854,,"Một số loại vi rút (bao gồm coxsackievirus, vi rút rubella, cytomegalovirus, vi rút Epstein-Barr, SARS-CoV-2 (1, 2) và retrovirus) có liên quan đến khởi phát của bệnh tiểu đường loại 1.",01_daithaoduong.txt
177,Căng thẳng,RiskFactor,C0038443,,Làm tăng nguy cơ mắc,Tăng huyết áp tiên phát,DiseaseSubtype,C0085580,,"Ở độ tuổi trẻ hơn, các yếu tố môi trường (ví dụ: natri trong chế độ ăn, căng thẳng) dường như chỉ ảnh hưởng đến những người có cơ địa dễ mắc bệnh",01_tanghuyetap.txt
178,Cơ chế phụ thuộc renin,Mechanism,Chưa có,,Là cơ chế sinh bệnh học của,Bệnh nhu mô thận mạn tính,Disease,Chưa có,,Tăng huyết áp do bệnh nhu mô thận mạn tính (cao huyết áp do thận) là kết quả của việc kết hợp cơ chế phụ thuộc renin,01_tanghuyetap.txt
179,Cơ chế phụ thuộc thể tích tuần hoàn,Mechanism,Chưa có,,Là cơ chế sinh bệnh học của,Bệnh nhu mô thận mạn tính,Disease,Chưa có,,Tăng huyết áp do bệnh nhu mô thận mạn tính (cao huyết áp do thận) là kết quả của việc kết hợp cơ chế phụ thuộc renin và cơ chế phụ thuộc thể tích tuần hoàn.,01_tanghuyetap.txt
180,Cơ trơn tái cấu trúc,Mechanism,Chưa có,,Là cơ chế sinh bệnh học của,Hen suyễn,Disease,C0004096,,Nhiệt làm giảm số lượng cơ trơn tái cấu trúc của đường thở (và do đó tác động lên khối cơ trơn) xảy ra với bệnh hen suyễn.,henphequan.txt
181,Cơn co thắt phế quản lan tỏa,DiseaseSubtype,Chưa có,,Dẫn đến biến chứng,Suy hô hấp,Complication,C1145670,,"Hầu hết các bệnh nhân đều có thể bù đắp bằng cách thở nhanh, nhưng trong trường hợp nặng, cơn co thắt phế quản lan tỏa gây ra sự ứ khí nghiêm trọng và các cơ hô hấp bị bất lợi về mặt cơ học vì vậy sự hít thở gắng sức sẽ tăng lên.",henphequan.txt
182,Cường aldosteron nguyên phát,Cause,C1384514,,Là nguyên nhân gây ra,Nguyên nhân thứ phát gây tăng huyết áp,Cause,C0155616,,Tăng huyết áp đã xác định được nguyên nhân (tăng huyết áp thứ phát) thường là do cường aldosteron nguyên phát.,01_tanghuyetap.txt
183,Cường aldosteron nguyên phát,Cause,C1384514,,Là nguyên nhân gây ra,Tăng huyết áp,Disease,C0020538,,Dạng này là điển hình của tăng huyết áp nguyên phát và tăng huyết áp do cường aldosteron nguyên phát,01_tanghuyetap.txt
184,Cường aldosteron nguyên phát,Cause,C1384514,,Là nguyên nhân gây ra,Tăng huyết áp thứ phát,DiseaseSubtype,C0155616,,Tăng huyết áp đã xác định được nguyên nhân (tăng huyết áp thứ phát) thường là do cường aldosteron nguyên phát.,01_tanghuyetap.txt
185,Cải thiện FEV1 > 12% hoặc >= 10% FEV1 dự đoán,Measurement,Chưa có,Thông số: Cải thiện FEV1,Xác định ngưỡng chẩn đoán cho,Rối loạn thông khí tắc nghẽn có hồi phục,DiseaseSubtype,Chưa có,,Sự cải thiện FEV1 > 12% hoặc tăng >= 10% so với FEV1 dự đoán sau dùng thuốc giãn phế quản thể hiện rối loạn thông khí tắc nghẽn có hồi phục,henphequan.txt
186,Cải thiện FEV1 sau thuốc giãn phế quản > 12% hoặc >= 10% dự đoán,Measurement,Chưa có,Thông số: Cải thiện FEV1 sau thuốc giãn phế quản,Xác định ngưỡng chẩn đoán cho,Rối loạn thông khí tắc nghẽn có hồi phục,DiseaseSubtype,Chưa có,,Sự cải thiện FEV1 > 12% hoặc tăng >= 10% so với FEV1 dự đoán sau dùng thuốc giãn phế quản thể hiện rối loạn thông khí tắc nghẽn có hồi phục,henphequan.txt
187,Cắt lọc,Treatment,C0011079,,Điều trị,Loét chân do bệnh lý thần kinh,DiseaseSubtype,C0406526,,"Vì hầu hết bệnh nhân với loét này có ít hoặc không có tắc động mạch lớn, cắt lọc và kháng sinh thường xuyên thường dẫn tới liền thương tốt và có thể phòng tránh phẫu thuật lớn.",01_daithaoduong.txt
188,DLCO,Test,C1516251,,Dùng để chẩn đoán,Bệnh phổi kẽ,Disease,C0206062,,"DLCO giảm không đặc hiệu và giảm trong các rối loạn khác ảnh hưởng đến giường mạch phổi, chẳng hạn như bệnh phổi kẽ",01_copd.txt
189,DLCO,Test,C1516251,,Dùng để chẩn đoán,Bệnh phổi tắc nghẽn mạn tính,Disease,C0024117,,Xét nghiệm DLCO có thể giúp phân biệt hen suyễn với COPD.,henphequan.txt
190,DLCO,Test,C1516251,,Dùng để chẩn đoán,Giới hạn luồng không khí,DiseaseSubtype,C0024117,,Xét nghiệm DLCO có thể giúp phân biệt hen suyễn với COPD.,henphequan.txt
191,DLCO,Test,C1516251,,Dùng để chẩn đoán,Hen suyễn,Disease,C0004096,,"DLCO giảm không đặc hiệu và giảm trong các rối loạn khác ảnh hưởng đến giường mạch phổi, chẳng hạn như bệnh phổi kẽ, nhưng có thể giúp phân biệt khí phế thũng với hen suyễn, trong đó DLCO bình thường hoặc tăng cao.",01_copd.txt
192,DLCO,Test,C1516251,,Dùng để chẩn đoán,Hạn chế luồng khí,Sign,C0024117,,Xét nghiệm DLCO có thể giúp phân biệt hen suyễn với COPD.,henphequan.txt
193,DLCO,Test,C1516251,,Dùng để chẩn đoán,Khí phế thũng,DiseaseSubtype,C0034067,,"DLCO giảm không đặc hiệu và giảm trong các rối loạn khác ảnh hưởng đến giường mạch phổi, chẳng hạn như bệnh phổi kẽ, nhưng có thể giúp phân biệt khí phế thũng với hen suyễn, trong đó DLCO bình thường hoặc tăng cao.",01_copd.txt
194,Detemir,Drug,C0537270,,Điều trị,Tăng đường huyết,DiseaseSubtype,C0020456,,Hầu hết bệnh nhân nội trú có thể phù hợp điều trị với insulin nền kèm theo hoặc không bổ sung insulin tác dụng nhanh.,01_daithaoduong.txt
195,Dextrose,Drug,C0017725,rate: 75-150 mL/giờ,Điều trị,Đái tháo đường,Disease,C0011849,,Có thể bắt đầu truyền tĩnh mạch dung dịch dextrose trước khi phẫu thuật với tốc độ 75 đến 150 mL/giờ và được chuẩn độ để duy trì đường huyết bình thường.,01_daithaoduong.txt
196,Di truyền,RiskFactor,C0017398,,Làm tăng nguy cơ mắc,Bệnh gout,Disease,C0018099,,Yếu tố di truyền có thể giải thích cho một vài trường hợp bị bệnh gout,02_thuocdieutri.txt
197,Di truyền,RiskFactor,C0017398,,Làm tăng nguy cơ mắc,Tăng huyết áp,Disease,C0020538,,Khiếm khuyết trong vận chuyển natri có thể xảy ra ở trẻ có huyết áp bình thường nhưng có cha mẹ bị tăng huyết áp.,01_tanghuyetap.txt
198,Di truyền,RiskFactor,C0017398,,Làm tăng nguy cơ mắc,Tăng huyết áp tiên phát,DiseaseSubtype,C0085580,,Di truyền là một yếu tố ảnh hưởng,01_tanghuyetap.txt
199,Di truyền,RiskFactor,C0017398,,Làm tăng nguy cơ mắc,Đái tháo đường loại 1,DiseaseSubtype,C0011854,,việc sản sinh ra insulin không được thực hiện do tình trạng phá hủy tế bào beta tuyến tụy tự miễn dịch có thể do quá trình tiếp xúc với môi trường ở những người dễ mắc bệnh di truyền gây khởi phát.,01_daithaoduong.txt
200,Di truyền,RiskFactor,C0017398,,Làm tăng nguy cơ mắc,Đái tháo đường loại 2,DiseaseSubtype,C0011860,,"Có những yếu tố quyết định di truyền rõ ràng, bằng chứng là tỷ lệ hiện mắc cao ở người thân của người mắc bệnh.",01_daithaoduong.txt
201,Dị nguyên môi trường,RiskFactor,C4304127,,Làm tăng nguy cơ mắc,Hen suyễn,Disease,C0004096,,Yếu tố khởi phát hen trải dài từ các dị nguyên trong môi trường,henphequan.txt
202,Dụng cụ hít định liều (MDI),Treatment,C0993596,,Điều trị,Hen suyễn,Disease,C0004096,,cách sử dụng buồng đệm với dụng cụ hít định liều (MDI),henphequan.txt
203,ECG,Test,C1623258,,Giúp phát hiện,Thiếu máu cục bộ cấp tính,Complication,C0746731,,Những bất thường trên ECG gợi ý tổn thương cơ quan đích cấp tính bao gồm các thay đổi do thiếu máu cục bộ cấp tính.,02_thuocdieutri.txt
204,ECG,Test,C1623258,,Dùng để chẩn đoán,Phì đại thất phải,DiseaseSubtype,C0162770,,Dấu hiệu phì đại thất phải bao gồm sóng R hoặc R′ cao bằng hoặc cao hơn sóng S ở chuyển đạo V1; sóng R nhỏ hơn sóng S ở chuyển đạo V6; trục lệch phải > 110° không có blốc nhánh phải; hoặc phối hợp nào đó của những dấu hiệu này.,01_copd.txt
205,ECG,Test,C1623258,,Dùng để chẩn đoán,Phì đại thất trái,DiseaseSubtype,C0149721,,"Điện thế QRS tăng cao, có hoặc không có bằng chứng về thiếu máu cục bộ, có thể xảy ra sau đó và biểu hiện phì đại thất trái (LVH).",01_tanghuyetap.txt
206,ECG,Test,C1623258,,Dùng để chẩn đoán,Tăng huyết áp cấp cứu,DiseaseSubtype,C0745136,,"Đo ECG và phân tích nước tiểu, đo điện giải trong huyết thanh và creatinine, và đối với những bệnh nhân có triệu chứng hoặc dấu hiệu thần kinh, hãy chụp CT đầu.",02_thuocdieutri.txt
207,ECG,Test,C1623258,,Dùng để chẩn đoán,Tăng huyết áp nặng: Huyết áp tâm thu >= 180 mmHg hoặc huyết áp tâm trương >= 120 mmHg,Measurement,C0745136,Thông số: Tăng huyết áp nặng; Huyết áp 180/120 mmHg,"Đo ECG và phân tích nước tiểu, đo điện giải trong huyết thanh và creatinine, và đối với những bệnh nhân có triệu chứng hoặc dấu hiệu thần kinh, hãy chụp CT đầu.",02_thuocdieutri.txt
208,Elastase của bạch cầu trung tính,Mechanism,C0064833,,Gây tổn thương cơ quan,Phổi,Organ,C0024109,,"Các protease tại phổi, như elastase của bạch cầu trung tính, metalloproteinase của gian bào, và cathepsin, làm giảm elastin và mô liên kết trong quá trình sửa chữa mô thông thường.",01_copd.txt
209,FEV1,Test,C0849974,,Dùng để chẩn đoán,Bệnh phổi tắc nghẽn mạn tính,Disease,C0024117,,Các xét nghiệm chẩn đoán chính là FEV1,01_copd.txt
210,FEV1,Test,C0849974,,Dùng để chẩn đoán,Giới hạn luồng không khí,DiseaseSubtype,C0024117,,Các xét nghiệm chẩn đoán chính là FEV1,01_copd.txt
211,FEV1,Measurement,Chưa có,Thông số: FEV1,Làm thay đổi / điều biến,Hen suyễn,Disease,C0004096,,"Suy giảm chức năng hoặc suy giảm chức năng sinh lý, suy giảm khách quan ở phổi có thể được đo bằng phương pháp đo phế dung kế, chủ yếu là thể tích thở ra gắng sức trong 1 giây (FEV1) và tỷ lệ giữa FEV1 với dung tích sống gắng sức (FVC), tương quan chặt chẽ với các thành phần chủ quan kiểm soát hen suyễn bao gồm các triệu chứng và các đặc điểm lâm sàng như là",henphequan.txt
212,FEV1 >= 50% dự đoán,Measurement,Chưa có,Thông số: FEV1; Giá trị: >=50 % dự đoán,Xác định ngưỡng chẩn đoán cho,Hen nặng không kiểm soát,DiseaseSubtype,C3862402,,"Tiêu chuẩn để xem xét chỉnh hình phế quản bằng nhiệt bao gồm bệnh hen nặng không được kiểm soát bằng corticosteroid dạng hít và các thuốc chủ vận beta tác dụng kéo dài, sử dụng corticosteroid uống liên tục hoặc từng đợt, FEV1 >= 50% dự đoán và không có tiền sử đợt cấp nguy hiểm tính mạng.",henphequan.txt
213,FVC,Test,C3714541,,Dùng để chẩn đoán,Bệnh phổi tắc nghẽn mạn tính,Disease,C0024117,,Các xét nghiệm chẩn đoán chính là FEV1: Thể tích thở ra gắng sức trong giây đầu tiên sau khi hít vào gắng sức Dung tích sống thở mạnh (FVC): Tổng lượng không khí đã thở ra với sự gắng sức lớn nhất.,01_copd.txt
214,FVC,Test,C3714541,,Dùng để chẩn đoán,Giới hạn luồng không khí,DiseaseSubtype,C0024117,,Các xét nghiệm chẩn đoán chính là FEV1: Thể tích thở ra gắng sức trong giây đầu tiên sau khi hít vào gắng sức Dung tích sống thở mạnh (FVC): Tổng lượng không khí đã thở ra với sự gắng sức lớn nhất.,01_copd.txt
215,FeNO,Test,C5445160,,Dùng để chẩn đoán,Hen suyễn,Disease,C0004096,,Phép đo nitric oxide theo phân đoạn thở ra đã được đề xuất như một phương pháp hỗ trợ trong việc đánh giá mức độ kiểm soát hen suyễn,henphequan.txt
216,FeNO,Test,C5445160,,Là cơ chế sinh bệnh học của,Viêm do dị ứng (T2),DiseaseSubtype,Chưa có,,"T2, hoặc viêm do dị ứng, thường được đặc trưng bởi tăng oxit nitric thở ra (FeNO)",henphequan.txt
217,Fenoldopam,Drug,C0060180,,Điều trị,Tăng huyết áp cấp cứu,DiseaseSubtype,C0745136,,"Giảm huyết áp động mạch trung bình khoảng 20 đến 25% trong giờ đầu tiên bằng cách sử dụng thuốc theo đường tĩnh mạch có thể chuẩn độ, tác dụng ngắn như clevidipine, nitroglycerin, fenoldopam, nicardipine hoặc labetalol.",02_thuocdieutri.txt
218,Fenoldopam,Drug,C0060180,,Điều trị,Tăng huyết áp nặng: Huyết áp tâm thu >= 180 mmHg hoặc huyết áp tâm trương >= 120 mmHg,Measurement,C0745136,Thông số: Tăng huyết áp nặng; Huyết áp 180/120 mmHg,"Giảm huyết áp động mạch trung bình khoảng 20 đến 25% trong giờ đầu tiên bằng cách sử dụng thuốc theo đường tĩnh mạch có thể chuẩn độ, tác dụng ngắn như clevidipine, nitroglycerin, fenoldopam, nicardipine hoặc labetalol.",02_thuocdieutri.txt
219,Fructosamine,Test,C0060765,,Dùng để chẩn đoán,Đái tháo đường,Disease,C0011849,,Theo dõi Fructosamine có thể sủ dụng trong thời gian điều trị đái tháo đường tích cực,01_daithaoduong.txt
220,GFR ước tính < 60 mL/phút,Measurement,Chưa có,Thông số: GFR ước tính; Giá trị: <60 mL/phút,Xác định ngưỡng chẩn đoán cho,Bệnh thận,Disease,C0022658,,bệnh thận (GFR ước tính < 60 mL/phút),02_thuocdieutri.txt
221,GFR: 30 - 60 mL/phút,Measurement,Chưa có,Thông số: GFR; min_value: 30; max_value: 60,Xác định ngưỡng chẩn đoán cho,Bệnh thận giai đoạn 3,DiseaseSubtype,C2316787,,Bệnh nhân mắc bệnh thận giai đoạn 3 (mức lọc cầu thận ước tính [GFR] < 60 mL/phút đến > 30 mL/phút),02_thuocdieutri.txt
222,GLP-1 receptor agonist,Measurement,Chưa có,Thông số: Chỉ số GLP-1 receptor agonist,Điều trị,Đái tháo đường loại 2,DiseaseSubtype,C0011860,,Thuốc chủ vận thụ thể peptide-1 giống glucagon (GLP1) là liệu pháp bước hai hiệu quả sau metformin và có thể hiệu quả hơn insulin hoặc như một liệu pháp bổ sung cho liệu pháp insulin trong bệnh tiểu đường loại 2.,01_daithaoduong.txt
223,GLP-1 receptor agonists,Measurement,Chưa có,Thông số: Chỉ số GLP-1 receptor agonists,Điều trị,Bệnh gan nhiễm mỡ liên quan đến chuyển hóa,Disease,C0400966,,Thuốc chủ vận thụ thể GLP-1 và pioglitazone có thể được sử dụng ở những bệnh nhân mắc bệnh gan nhiễm mỡ liên quan đến chuyển hóa,01_daithaoduong.txt
224,GLP-1 receptor agonists,Measurement,Chưa có,Thông số: Chỉ số GLP-1 receptor agonists,Điều trị,Bệnh tim mạch do xơ vữa động mạch,Disease,C0004153,,"Ở những bệnh nhân mắc bệnh tim mạch do xơ vữa động mạch, thuốc ức chế kênh đồng vận natri/glucose 2 (SGLT2) hoặc thuốc chủ vận thụ thể GLP-1 có thể được khuyến nghị",01_daithaoduong.txt
225,GLP-1 receptor agonists,Measurement,Chưa có,Thông số: Chỉ số GLP-1 receptor agonists,Điều trị,Type 2 diabetes mellitus,Measurement,Chưa có,Thông số: Chỉ số Type 2 diabetes mellitus,Thuốc chủ vận thụ thể peptide-1 giống glucagon (GLP1) là liệu pháp bước hai hiệu quả sau metformin và có thể hiệu quả hơn insulin hoặc như một liệu pháp bổ sung cho liệu pháp insulin trong bệnh tiểu đường loại 2.,01_daithaoduong.txt
226,GLP-1 receptor agonists,Measurement,Chưa có,Thông số: Chỉ số GLP-1 receptor agonists,Điều trị,Viêm gan nhiễm mỡ liên quan đến chuyển hóa,Disease,C3241937,,Thuốc chủ vận thụ thể GLP-1 và pioglitazone có thể được sử dụng ở những bệnh nhân mắc bệnh gan nhiễm mỡ liên quan đến chuyển hóa (trước đây là bệnh gan nhiễm mỡ không do rượu) hoặc viêm gan nhiễm mỡ liên quan đến chuyển hóa (trước đây là viêm gan nhiễm mỡ không do rượu).,01_daithaoduong.txt
227,GLP-1 receptor agonists,Measurement,Chưa có,Thông số: Chỉ số GLP-1 receptor agonists,Điều trị,Xơ vữa động mạch,Mechanism,C0004153,,"Ở những bệnh nhân mắc bệnh tim mạch do xơ vữa động mạch, thuốc ức chế kênh đồng vận natri/glucose 2 (SGLT2) hoặc thuốc chủ vận thụ thể GLP-1 có thể được khuyến nghị",01_daithaoduong.txt
228,GLP-1 receptor agonists,Measurement,Chưa có,Thông số: Chỉ số GLP-1 receptor agonists,Điều trị,Đái tháo đường loại 2,DiseaseSubtype,C0011860,,Thuốc chủ vận thụ thể peptide-1 giống glucagon (GLP1) là liệu pháp bước hai hiệu quả sau metformin và có thể hiệu quả hơn insulin hoặc như một liệu pháp bổ sung cho liệu pháp insulin trong bệnh tiểu đường loại 2.,01_daithaoduong.txt
229,Gen ADAM33,Mechanism,C1423517,,Là cơ chế sinh bệnh học của,Hen suyễn,Disease,C0004096,,"Ngoài ra,gen ADAM33 có thể kích thích cơ trơn đường hô hấp và tăng sinh nguyên bào sợi và tái cấu trúc; Đây là locus có nguy cơ mắc hen đầu tiên được tìm thấy",henphequan.txt
230,Gen ORMDL3,Mechanism,C1423930,,Là cơ chế sinh bệnh học của,Hen suyễn,Disease,C0004096,,"Vị trí này chứa gen ORMDL3, đó là một chất gây dị ứng và gen cytokine (IL-4/IL-13) có liên quan đến sự tái cấu trúc tế bào biểu mô và sự tăng chuyển hóa sponolipid.",henphequan.txt
231,Gen nhạy cảm hen,RiskFactor,Chưa có,,Làm tăng nguy cơ mắc,Hen suyễn,Disease,C0004096,,Sự phát triển hen suyễn là do nhiều tác động và phụ thuộc vào sự tương tác giữa các gen nhạy cảm và các yếu tố môi trường.,henphequan.txt
232,Ghép tế bào đảo tụy,Treatment,C5784667,,Điều trị,Đái tháo đường loại 1,DiseaseSubtype,C0011854,,"Ghép tụy và ghép tế bào đảo tụy là phương pháp thay thế cung cấp insulin (11, 12); cả hai kỹ thuật đều cấy ghép tế bào beta sản xuất insulin một cách hiệu quả vào những bệnh nhân bị thiếu insulin (bị bệnh tiểu đường loại 1).",01_daithaoduong.txt
233,Ghép tụy,Treatment,C0030275,,Điều trị,Đái tháo đường loại 1,DiseaseSubtype,C0011854,,"Ghép tụy và ghép tế bào đảo tụy là phương pháp thay thế cung cấp insulin (11, 12); cả hai kỹ thuật đều cấy ghép tế bào beta sản xuất insulin một cách hiệu quả vào những bệnh nhân bị thiếu insulin (bị bệnh tiểu đường loại 1).",01_daithaoduong.txt
234,Giám sát y tế chuyên sâu,Treatment,Chưa có,,Điều trị,Rối loạn ăn uống,Disease,C0013473,,Điều trị thường liên quan đến giám sát y tế chuyên sâu,01_daithaoduong.txt
235,Giáo dục bệnh nhân,Treatment,C0030688,,Điều trị,Hen suyễn,Disease,C0004096,,Bệnh nhân sẽ làm tốt hơn khi họ hiểu biết hơn về bệnh hen,henphequan.txt
236,Giáo dục bệnh nhân,Treatment,C0030688,,Điều trị,Tăng huyết áp kháng trị,DiseaseSubtype,C1834155,,"Giáo dục, với sự đồng cảm và hỗ trợ, là điều cần thiết để điều trị thành công.",01_tanghuyetap.txt
237,Giáo dục bệnh nhân,Treatment,C0030688,,Điều trị,Đái tháo đường loại 1,DiseaseSubtype,C0011854,,Cách tiếp cận này đòi hỏi phải giáo dục bệnh nhân chi tiết và thành công nhất khi được hướng dẫn bởi một chuyên gia dinh dưỡng có kinh nghiệm làm việc với bệnh nhân đái tháo đường.,01_daithaoduong.txt
238,Giáo dục bệnh nhân,Treatment,C0030688,,Điều trị,Đái tháo đường loại 2,DiseaseSubtype,C0011860,,"Các yếu tố chính của điều trị cho tất cả bệnh nhân là giáo dục bệnh nhân, ăn kiêng, tập thể dục, giảm cân và theo dõi kiểm soát đường huyết.",01_daithaoduong.txt
239,Giải mẫn cảm,Treatment,C1709852,,Điều trị,Hen nhạy cảm aspirin,DiseaseSubtype,C3853540,,giải mẫn cảm có thể được thực hiện trong các phòng khám nội trú hoặc ngoại trú tùy thuộc vào mức độ aspirin độ nhạy và mức độ hen,henphequan.txt
240,"Giảm FEV1, FVC và tỷ lệ FEV1/FVC sau thuốc giãn phế quản",Measurement,Chưa có,Thông số: Chỉ số chức năng hô hấp sau thuốc giãn phế quản,Xác định ngưỡng chẩn đoán cho,Bệnh phổi tắc nghẽn mạn tính,Disease,C0024117,,"Giảm FEV1, FVC và tỷ lệ FEV1/FVC sau thuốc giãn phế quản là những dấu hiệu đặc trưng.",01_copd.txt
241,"Giảm FEV1, FVC và tỷ lệ FEV1/FVC sau thuốc giãn phế quản",Measurement,Chưa có,Thông số: Chỉ số chức năng hô hấp sau thuốc giãn phế quản,Xác định ngưỡng chẩn đoán cho,Giới hạn luồng không khí,DiseaseSubtype,C0024117,,"Giảm FEV1, FVC và tỷ lệ FEV1/FVC sau thuốc giãn phế quản là những dấu hiệu đặc trưng.",01_copd.txt
242,Giảm cân,Treatment,C5203233,,Điều trị,Hen suyễn,Disease,C0004096,,Nhiều nghiên cứu đã cho thấy mức độ nặng và các đợt cấp của bệnh hen suyễn giảm sau khi giảm cân.,henphequan.txt
243,Giảm cân không rõ nguyên nhân,RiskFactor,C2363736,,Làm tăng nguy cơ mắc,Bệnh phổi tắc nghẽn mạn tính,Disease,C0024117,,Bệnh nhân có nguy cơ tử vong cao là những bệnh nhân có giảm cân rõ rệt không rõ nguyên nhân,01_copd.txt
244,Giảm cân không rõ nguyên nhân,RiskFactor,C2363736,,Làm tăng nguy cơ mắc,Giới hạn luồng không khí,DiseaseSubtype,C0024117,,Bệnh nhân có nguy cơ tử vong cao là những bệnh nhân có giảm cân rõ rệt không rõ nguyên nhân,01_copd.txt
245,Giảm khả năng co bóp cơ tim,Mechanism,Chưa có,,Là cơ chế sinh bệnh học của,Tăng huyết áp,Disease,C0020538,,"Thuốc chẹn beta làm chậm nhịp tim và giảm khả năng co bóp cơ tim, do đó làm giảm huyết áp.",02_thuocdieutri.txt
246,Giới hạn luồng không khí,DiseaseSubtype,C0024117,,Có triệu chứng cơ năng,Ho đờm,Symptom,C0239134,,Triệu chứng là ho đờm và khó thở phát triển qua nhiều năm,01_copd.txt
247,Giới hạn luồng không khí,DiseaseSubtype,C0024117,,Có triệu chứng cơ năng,Đau đầu buổi sáng,Symptom,C0581880,,Đau đầu buổi sáng phát triển trong các chứng bệnh nặng hơn,01_copd.txt
248,Giới hạn luồng không khí,DiseaseSubtype,C0024117,,Làm tăng nguy cơ mắc,Hen suyễn,Disease,C0004096,,"Trước khi liệu pháp được tăng cường, việc tuân thủ, tiếp xúc với các yếu tố môi trường (ví dụ: tiếp xúc với chất kích thích) và sự hiện diện của các bệnh kèm theo (ví dụ: béo phì, viêm mũi dị ứng, bệnh trào ngược dạ dày thực quản, bệnh phổi tắc nghẽn mạn tính, ngưng thở khi ngủ do tắc nghẽn, rối loạn chức năng dây thanh âm, sử dụng cocaine dạng hít).",henphequan.txt
249,Giới hạn luồng không khí,DiseaseSubtype,C0024117,,Dẫn đến biến chứng,Biến chứng,Complication,C0009566,,Các yếu tố khác nhau gây ra giới hạn luồng không khí và các biến chứng khác của COPD.,01_copd.txt
250,Giới hạn luồng không khí,DiseaseSubtype,C0024117,,Dẫn đến biến chứng,Biến chứng COPD,Complication,Chưa có,,Các yếu tố khác nhau gây ra giới hạn luồng không khí và các biến chứng khác của COPD.,01_copd.txt
251,Giới hạn luồng không khí,DiseaseSubtype,C0024117,,Dẫn đến biến chứng,Bệnh tim,Disease,C0018799,,"Tử vong thường do suy hô hấp cấp, viêm phổi, ung thư phổi, bệnh tim, hoặc tắc mạch phổi.",01_copd.txt
252,Giới hạn luồng không khí,DiseaseSubtype,C0024117,,Dẫn đến biến chứng,Loãng xương,Complication,C0029456,,Các rối loạn cùng tồn tại hoặc phức tạp khác ảnh hưởng xấu đến chất lượng cuộc sống và/hoặc thời gian sống thêm bao gồm loãng xương,01_copd.txt
253,Giới hạn luồng không khí,DiseaseSubtype,C0024117,,Dẫn đến biến chứng,Suy hô hấp,Complication,C1145670,,"Các trường hợp nặng có thể có biến chứng do giảm cân, tràn khí màng phổi, các đợt cấp mất bù thường xuyên, suy tim phải và/hoặc suy hô hấp cấp hoặc mạn tính.",01_copd.txt
254,Giới hạn luồng không khí,DiseaseSubtype,C0024117,,Dẫn đến biến chứng,Suy hô hấp cấp,Complication,C0264490,,Tử vong thường do suy hô hấp cấp,01_copd.txt
255,Giới hạn luồng không khí,DiseaseSubtype,C0024117,,Dẫn đến biến chứng,Suy hô hấp cấp tính,Disease,C0264490,,Tử vong thường do suy hô hấp cấp,01_copd.txt
256,Giới hạn luồng không khí,DiseaseSubtype,C0024117,,Dẫn đến biến chứng,Suy tim phải,Complication,C0235527,,"Các trường hợp nặng có thể có biến chứng do giảm cân, tràn khí màng phổi, các đợt cấp mất bù thường xuyên, suy tim phải và/hoặc suy hô hấp cấp hoặc mạn tính.",01_copd.txt
257,Giới hạn luồng không khí,DiseaseSubtype,C0024117,,Dẫn đến biến chứng,Thiếu oxy máu,Complication,C0700292,,Công việc thở nhiều hơn có thể dẫn đến giảm thông khí phế nang với tình trạng thiếu oxy,01_copd.txt
258,Giới hạn luồng không khí,DiseaseSubtype,C0024117,,Dẫn đến biến chứng,Thuyên tắc mạch phổi,Disease,C0034065,,"Tử vong thường do suy hô hấp cấp, viêm phổi, ung thư phổi, bệnh tim, hoặc tắc mạch phổi.",01_copd.txt
259,Giới hạn luồng không khí,DiseaseSubtype,C0024117,,Dẫn đến biến chứng,Tràn khí màng phổi,Disease,C0032326,,"Các trường hợp nặng có thể có biến chứng do giảm cân, tràn khí màng phổi",01_copd.txt
260,Giới hạn luồng không khí,DiseaseSubtype,C0024117,,Dẫn đến biến chứng,Tràn khí màng phổi tự phát,Complication,C0149781,,Có thể xảy ra tràn khí màng phổi tự phát (có thể liên quan đến vỡ kén khí) và nên nghi ngờ ở bất cứ bệnh nhân nào bị COPD có tình trạng phổi đột ngột nặng lên.,01_copd.txt
261,Giới hạn luồng không khí,DiseaseSubtype,C0024117,,Dẫn đến biến chứng,Tâm phế mạn,Complication,C0238074,,"Các dấu hiệu của bệnh tâm phế bao gồm giãn tĩnh mạch cổ, tiếng tim thứ hai tách đôi với phần tiếng van động mạch phổi nổi bật, tiếng thổi do suy van ba lá và phù ngoại biên.",01_copd.txt
262,Giới hạn luồng không khí,DiseaseSubtype,C0024117,,Dẫn đến biến chứng,Tắc mạch phổi,Complication,C0034065,,"Tử vong thường do suy hô hấp cấp, viêm phổi, ung thư phổi, bệnh tim, hoặc tắc mạch phổi.",01_copd.txt
263,Giới hạn luồng không khí,DiseaseSubtype,C0024117,,Dẫn đến biến chứng,Ung thư phổi,Disease,C0684249,,"Tử vong thường do suy hô hấp cấp, viêm phổi, ung thư phổi, bệnh tim, hoặc tắc mạch phổi.",01_copd.txt
264,Giới hạn luồng không khí,DiseaseSubtype,C0024117,,Dẫn đến biến chứng,Viêm phổi,Complication,C0032285,,"Tử vong thường do suy hô hấp cấp, viêm phổi, ung thư phổi, bệnh tim, hoặc tắc mạch phổi.",01_copd.txt
265,Giới nữ,RiskFactor,C0086287,,Làm tăng nguy cơ mắc,Hen suyễn,Disease,C0004096,,"Giới nữ, hút thuốc, tuổi dậy thì sớm, nhạy cảm với bọ ve trong nhà là những yếu tố nguy cơ cho hen kéo dài và tái phát.",henphequan.txt
266,Glucose,Mechanism,C0017725,,Điều trị,Đái tháo đường,Disease,C0011849,,Có thể bắt đầu truyền tĩnh mạch dung dịch dextrose trước khi phẫu thuật với tốc độ 75 đến 150 mL/giờ và được chuẩn độ để duy trì đường huyết bình thường.,01_daithaoduong.txt
267,Glucose huyết tương duy trì mục tiêu nội trú: 100 - 200 mg/dL (5.5 - 11.1 mmol/L),Measurement,Chưa có,Thông số: Glucose huyết tương duy trì mục tiêu nội trú; min: 100; max: 200; range_mg_dL: 100-200; range_mmol_L: 5.5-11.1; min_value: 100; max_value: 200,Xác định ngưỡng chẩn đoán cho,Đái tháo đường,Disease,C0011849,,"duy trì glucose huyết tương giữa 100 và 200 mg/dL (5,5 và 11,1 mmol/L) cho tới khi bệnh nhân có thể chuyển ăn đường miệng",01_daithaoduong.txt
268,Glucose huyết tương lúc đói,Test,C0583513,,Dùng để chẩn đoán,Tăng huyết áp,Disease,C0020538,,glucose huyết tương lúc đói,01_tanghuyetap.txt
269,Glucose huyết tương lúc đói,Test,C0583513,,Dùng để chẩn đoán,Đái tháo đường,Disease,C0011849,,sàng lọc bệnh tiểu đường với mức FPG,01_daithaoduong.txt
270,Glucose huyết tương ngẫu nhiên chẩn đoán ĐTĐ: >= 200 mg/dL (11.1 mmol/L),Measurement,Chưa có,Thông số: Glucose huyết tương ngẫu nhiên chẩn đoán ĐTĐ; value_mg_dl: 200; value_mmol_l: 11.1,Xác định ngưỡng chẩn đoán cho,Đái tháo đường,Disease,C0011849,,"Glucose ngẫu nhiên > 200 mg/dL (> 11,1 mmol/L) có thể chẩn đoán",01_daithaoduong.txt
271,Gluten và ngũ cốc,RiskFactor,Chưa có,,Làm tăng nguy cơ mắc,Đái tháo đường loại 1,DiseaseSubtype,C0011854,,Tiếp xúc sớm (< 4 tháng) hoặc muộn (> 7 tháng) với gluten và ngũ cốc tăng sản xuất tự kháng thể đảo tụy.,01_daithaoduong.txt
272,Góc xương ức - màng phổi > 90°,Measurement,Chưa có,Thông số: Góc xương ức - màng phổi; Giá trị: >> 90 độ,Xác định ngưỡng chẩn đoán cho,Khí phế thũng,DiseaseSubtype,C0034067,,tăng góc được hình thành bởi xương ức và màng phổi phía trước trên phim chụp nghiêng từ giá trị bình thường là 45° đến > 90°,01_copd.txt
273,"HLA-DR3,DQB1*0201",Mechanism,Chưa có,,Là cơ chế sinh bệnh học của,Đái tháo đường loại 1,DiseaseSubtype,C0011854,,"Gen nhay cảm gồm gen trong phức hợp hòa hợp mô chính (MHC) - đặc biệt HLA-DR3,DQB1*0201 và HLA-DR4,DQB1*0302, chúng xuất hiện trong > 90% bệnh nhân đái tháo đường loại 1",01_daithaoduong.txt
274,"HLA-DR4,DQB1*0302",Mechanism,Chưa có,,Là cơ chế sinh bệnh học của,Đái tháo đường loại 1,DiseaseSubtype,C0011854,,"Gen nhay cảm gồm gen trong phức hợp hòa hợp mô chính (MHC) - đặc biệt HLA-DR3,DQB1*0201 và HLA-DR4,DQB1*0302, chúng xuất hiện trong > 90% bệnh nhân đái tháo đường loại 1",01_daithaoduong.txt
275,Haemophilus influenzae,Cause,C0018483,,Là nguyên nhân gây ra,Nhiễm trùng đường hô hấp,Disease,C0035243,,"Vi khuẩn, đặc biệt là Haemophilus influenzae, xâm chiếm đường hô hấp dưới của khoảng 30% số bệnh nhân mắc COPD.",01_copd.txt
276,Haemophilus influenzae,Cause,C0018483,,Là cơ chế sinh bệnh học của,Bệnh phổi tắc nghẽn mạn tính,Disease,C0024117,,"Vi khuẩn, đặc biệt là Haemophilus influenzae, xâm chiếm đường hô hấp dưới của khoảng 30% số bệnh nhân mắc COPD.",01_copd.txt
277,Haemophilus influenzae,Cause,C0018483,,Là cơ chế sinh bệnh học của,Giới hạn luồng không khí,DiseaseSubtype,C0024117,,"Vi khuẩn, đặc biệt là Haemophilus influenzae, xâm chiếm đường hô hấp dưới của khoảng 30% số bệnh nhân mắc COPD.",01_copd.txt
278,HbA1c,Measurement,Chưa có,Thông số: Chỉ số HbA1c,Dùng để chẩn đoán,Đái tháo đường,Disease,C0011849,,"Những người >= 35 tuổi và tất cả người lớn có các yếu tố nguy cơ bổ sung được mô tả ở trên nên được sàng lọc bệnh tiểu đường với mức FPG, HbA1C hoặc giá trị 2 giờ khi OGTT 75 g ít nhất 3 năm một lần miễn là glucose huyết tương các chỉ số đo là bình thường và ít nhất là hàng năm nếu kết quả cho thấy nồng độ đường huyết lúc đói bị suy giảm .",01_daithaoduong.txt
279,HbA1c,Measurement,Chưa có,Thông số: Chỉ số HbA1c,Dùng để chẩn đoán,Đái tháo đường loại 1,DiseaseSubtype,C0011854,,HbA1C nên được đánh giá hàng quí với bệnh nhân đái tháo đường loại 1,01_daithaoduong.txt
280,HbA1c,Measurement,Chưa có,Thông số: Chỉ số HbA1c,Dùng để chẩn đoán,Đái tháo đường loại 2,DiseaseSubtype,C0011860,,HbA1C nên được đánh giá hàng quí với bệnh nhân đái tháo đường loại 1 và ít nhất 2 lần mỗi năm ở bệnh nhân đái tháo đường loại 2,01_daithaoduong.txt
281,HbA1c,Measurement,Chưa có,Thông số: Chỉ số HbA1c,Đo lường chỉ số,Chỉ số nồng độ đường trong máu (Glucose máu),Measurement,Chưa có,Thông số: Chỉ số Chỉ số nồng độ đường trong máu (Glucose máu),"Tuy nhiên, HbA1C là một biện pháp gián tiếp của lượng đường trong máu",01_daithaoduong.txt
282,HbA1c,Measurement,Chưa có,Thông số: Chỉ số HbA1c,Đo lường chỉ số,Tần suất theo dõi HbA1c định kỳ: 3 tháng một lần,Measurement,Chưa có,Thông số: Tần suất theo dõi HbA1c; frequency: 6,Nồng độ HbA1C đo được trong huyết tương tĩnh mạch được theo dõi 3 tháng một lần,01_daithaoduong.txt
283,HbA1c mục tiêu kiểm soát chặt chẽ: < 6.5%,Measurement,Chưa có,Thông số: HbA1c mục tiêu; Giá trị: <6.5 %,Xác định ngưỡng chẩn đoán cho,Hạ đường huyết,DiseaseSubtype,C0020615,,"Các bác sĩ lâm sàng cũng có thể đề nghị các mục tiêu đường huyết chặt chẽ hơn (ví dụ: HbA1C < 6,5%) ở một số bệnh nhân được chọn nếu những mục tiêu này có thể đạt được mà không bị hạ đường huyết.",01_daithaoduong.txt
284,Hen không kiểm soát được,DiseaseSubtype,C5880014,,Dẫn đến biến chứng,Suy hô hấp,Complication,C1145670,,Nghi ngờ tăng carbon dioxide và suy hô hấp ở phụ nữ có thai bị hen không kiểm soát được,henphequan.txt
285,Hen không kiểm soát được,DiseaseSubtype,C5880014,,Dẫn đến biến chứng,Tăng carbon dioxide,Disease,C0020440,,Nghi ngờ tăng carbon dioxide và suy hô hấp ở phụ nữ có thai bị hen không kiểm soát được,henphequan.txt
286,Hen không kiểm soát được,DiseaseSubtype,C5880014,,Dẫn đến biến chứng,Tăng carbonic máu,Mechanism,C0020440,,Nghi ngờ tăng carbon dioxide và suy hô hấp ở phụ nữ có thai bị hen không kiểm soát được,henphequan.txt
287,Hen suyễn,Disease,C0004096,,Gây tổn thương cơ quan,Đường thở,Organ,C0458827,,hình thành quá trình viêm thâm nhiễm lan rộng vào biểu mô và cơ trơn đường thở,henphequan.txt
288,Hen suyễn,Disease,C0004096,,Có triệu chứng cơ năng,Ho,Symptom,C0010200,,"Triệu chứng và dấu hiệu bao gồm khó thở, tức ngực, ho, thở khò khè.",henphequan.txt
289,Hen suyễn,Disease,C0004096,,Có triệu chứng cơ năng,Khó thở,Symptom,C0013404,,"Triệu chứng và dấu hiệu bao gồm khó thở, tức ngực, ho, thở khò khè.",henphequan.txt
290,Hen suyễn,Disease,C0004096,,Có triệu chứng cơ năng,Triệu chứng hen,Symptom,C1276804,,khi bệnh nhân đáp ứng tốt điều trị thì sẽ có ít triệu chứng.,henphequan.txt
291,Hen suyễn,Disease,C0004096,,Có triệu chứng cơ năng,Tức ngực,Symptom,C0008031,,"Triệu chứng và dấu hiệu bao gồm khó thở, tức ngực, ho, thở khò khè.",henphequan.txt
292,Hen suyễn,Disease,C0004096,,Có triệu chứng cơ năng,Đau ngực,Sign,C0008031,,"Triệu chứng và dấu hiệu bao gồm khó thở, tức ngực, ho, thở khò khè.",henphequan.txt
293,Hen suyễn,Disease,C0004096,,Làm tăng nguy cơ mắc,Suy giảm chức năng phổi,DiseaseSubtype,Chưa có,,"bệnh nhân bị suy giảm chức năng phổi ở tuổi trưởng thành sớm, thường liên quan đến bệnh hen suyễn",01_copd.txt
294,Hen suyễn,Disease,C0004096,,Dẫn đến biến chứng,Cân nặng khi sinh thấp,Complication,C0024032,,"bà mẹ kiểm soát hen kém có thể làm tăng tỷ lệ tử vong trước sinh, sinh non và cân nặng khi sinh thấp.",henphequan.txt
295,Hen suyễn,Disease,C0004096,,Dẫn đến biến chứng,Sinh non,Complication,C0151526,,"bà mẹ kiểm soát hen kém có thể làm tăng tỷ lệ tử vong trước sinh, sinh non",henphequan.txt
296,Hen suyễn,Disease,C0004096,,Dẫn đến biến chứng,Suy hô hấp,Complication,C1145670,,Bệnh nhân có đợt kịch phát nặng và sắp xảy ra suy hô hấp,henphequan.txt
297,Hen suyễn,Disease,C0004096,,Dẫn đến biến chứng,Tái cấu trúc đường thở,Complication,C2717792,,"Theo thời gian, đường thở ở một số bệnh nhân bị hen suyễn trải qua sự thay đổi cấu trúc vĩnh viễn (tái cấu trúc)",henphequan.txt
298,Hen suyễn,Disease,C0004096,,Dẫn đến biến chứng,Tử vong,Complication,C1306577,,Mặc dù một số đáng kể ca tử vong hàng năm là do bệnh hen,henphequan.txt
299,Hen suyễn,Disease,C0004096,,Dẫn đến biến chứng,Tử vong trước sinh,Complication,C0277604,,bà mẹ kiểm soát hen kém có thể làm tăng tỷ lệ tử vong trước sinh,henphequan.txt
300,Hen suyễn,Disease,C0004096,,Dẫn đến biến chứng,cân nặng sơ sinh thấp,RiskFactor,C0024032,,"bà mẹ kiểm soát hen kém có thể làm tăng tỷ lệ tử vong trước sinh, sinh non và cân nặng khi sinh thấp.",henphequan.txt
301,Hen suyễn,Disease,C0004096,,Dẫn đến biến chứng,Đợt cấp hen suyễn nặng,Complication,C3872851,,"Ví dụ, bệnh nhân bị hen suyễn nhẹ không có triệu chứng hoặc triệu chứng nhẹ và chức năng phổi bình thường vẫn có thể bị đợt cấp nặng đe dọa đến tính mạng.",henphequan.txt
302,Hen suyễn ban đêm,DiseaseSubtype,C1273489,,Là phân loại / thể bệnh của,Hen suyễn,Disease,C0004096,,Nhiều bệnh nhân bị bệnh nặng hơn sẽ bị thức giấc vào ban đêm (hen suyễn ban đêm).,henphequan.txt
303,Hen suyễn nhẹ,DiseaseSubtype,C0581124,,Là phân loại / thể bệnh của,Hen suyễn,Disease,C0004096,,"Ví dụ, bệnh nhân bị hen suyễn nhẹ không có triệu chứng hoặc triệu chứng nhẹ và chức năng phổi bình thường vẫn có thể bị đợt cấp nặng đe dọa đến tính mạng.",henphequan.txt
304,Hen suyễn thể ho,DiseaseSubtype,C0694548,,Là phân loại / thể bệnh của,Hen suyễn,Disease,C0004096,,Ho có thể là triệu chứng duy nhất ở một số bệnh nhân (hen suyễn thể ho).,henphequan.txt
305,Hen suyễn tăng bạch cầu ái toan,DiseaseSubtype,C0340076,,Là phân loại / thể bệnh của,Hen suyễn,Disease,C0004096,,Hen suyễn với dạng viêm này thường được gọi làh hen suyễn tăng bạch cầu ái toan.,henphequan.txt
306,Hoạt động thể chất,Treatment,C0026606,,Điều trị,Hen suyễn,Disease,C0004096,,"Trẻ em> 5 tuổi và thanh thiếu niên bị hen suyễn nên được khuyến khích duy trì các hoạt động thể chất, tập thể dục và tham gia các môn thể thao.",henphequan.txt
307,Hoạt động thể chất và thể thao,Treatment,C1319354,,Điều trị,Hen suyễn,Disease,C0004096,,"Trẻ em> 5 tuổi và thanh thiếu niên bị hen suyễn nên được khuyến khích duy trì các hoạt động thể chất, tập thể dục và tham gia các môn thể thao.",henphequan.txt
308,Huyết áp chẩn đoán Tăng huyết áp cấp cứu: tâm thu > 180 mmHg hoặc tâm trương >= 120 mmHg,Measurement,Chưa có,Thông số: Huyết áp chẩn đoán Tăng huyết áp cấp cứu; Huyết áp 180/120 mmHg,Xác định ngưỡng chẩn đoán cho,Tăng huyết áp cấp cứu,DiseaseSubtype,C0745136,,Tăng huyết áp cấp cứu là huyết áp tăng cao đáng kể (ví dụ: huyết áp tâm thu > 180 mm Hg và/hoặc huyết áp tâm trương >= 120 mm Hg),02_thuocdieutri.txt
309,Huyết áp chẩn đoán Tăng huyết áp cấp cứu: tâm thu > 180 mmHg hoặc tâm trương >= 120 mmHg,Measurement,Chưa có,Thông số: Huyết áp chẩn đoán Tăng huyết áp cấp cứu; Huyết áp 180/120 mmHg,Xác định ngưỡng chẩn đoán cho,Tăng huyết áp nặng: Huyết áp tâm thu >= 180 mmHg hoặc huyết áp tâm trương >= 120 mmHg,Measurement,C0745136,Thông số: Tăng huyết áp nặng; Huyết áp 180/120 mmHg,Tăng huyết áp cấp cứu là huyết áp tăng cao đáng kể (ví dụ: huyết áp tâm thu > 180 mm Hg và/hoặc huyết áp tâm trương >= 120 mm Hg),02_thuocdieutri.txt
310,Huyết áp không đạt mục tiêu,Measurement,Chưa có,Thông số: Huyết áp; status: không kiểm soát,Xác định ngưỡng chẩn đoán cho,Tăng huyết áp kháng trị,DiseaseSubtype,C1834155,,Tăng huyết áp kháng trị được định nghĩa là huyết áp không được kiểm soát đạt mục tiêu mặc dù đã tuân thủ 3 loại thuốc hạ huyết áp liều phù hợp thuộc các nhóm khác nhau (bao gồm thuốc lợi tiểu) và sau khi hiệu ứng áo choàng trắng đã được loại trừ.,01_tanghuyetap.txt
311,Huyết áp mục tiêu < 130/80 mmHg,Measurement,Chưa có,Thông số: Huyết áp mục tiêu; Huyết áp 130/80 mmHg,Xác định ngưỡng chẩn đoán cho,Tăng huyết áp,Disease,C0020538,,"Giảm huyết áp xuống thành < 130/80 mm Hg, bao gồm cả những người mắc bệnh thận hoặc tiểu đường.",01_tanghuyetap.txt
312,Huyết áp tâm thu > 180 mmHg,Measurement,Chưa có,Thông số: Huyết áp tâm thu; Giá trị: >180 mmHg,Xác định ngưỡng chẩn đoán cho,Tăng huyết áp nặng,DiseaseSubtype,C5395247,,Tăng huyết áp nặng (ví dụ: huyết áp tâm thu > 180 mm Hg),02_thuocdieutri.txt
313,Huyết áp tâm thu >= 130 mmHg,Measurement,Chưa có,Thông số: Huyết áp tâm thu; Giá trị: >=130 mmHg,Xác định ngưỡng chẩn đoán cho,Tăng huyết áp,Disease,C0020538,,Tăng huyết áp được định nghĩa là huyết áp tâm thu (HA) >= 130 mm Hg hoặc huyết áp tâm trương >= 80 mm Hg hoặc đang dùng thuốc điều trị tăng huyết áp.,01_tanghuyetap.txt
314,Huyết áp tâm thu >= 180 mmHg hoặc huyết áp tâm trương >= 120 mmHg,Measurement,Chưa có,Thông số: Huyết áp tâm thu và tâm trương; Huyết áp 180/120 mmHg,Xác định ngưỡng chẩn đoán cho,Tăng huyết áp cấp cứu,DiseaseSubtype,C0745136,,Tăng huyết áp cấp cứu là tăng huyết áp nặng (thường được xác định là huyết áp tâm thu (HA) >= 180 mm Hg và/hoặc huyết áp tâm trương >= 120 mm Hg),02_thuocdieutri.txt
315,Huyết áp tâm thu >= 180 mmHg hoặc huyết áp tâm trương >= 120 mmHg,Measurement,Chưa có,Thông số: Huyết áp tâm thu và tâm trương; Huyết áp 180/120 mmHg,Xác định ngưỡng chẩn đoán cho,Tăng huyết áp nặng: Huyết áp tâm thu >= 180 mmHg hoặc huyết áp tâm trương >= 120 mmHg,Measurement,C0745136,Thông số: Tăng huyết áp nặng; Huyết áp 180/120 mmHg,Tăng huyết áp cấp cứu là tăng huyết áp nặng (thường được xác định là huyết áp tâm thu (HA) >= 180 mm Hg và/hoặc huyết áp tâm trương >= 120 mm Hg),02_thuocdieutri.txt
316,Huyết áp tâm thu ban đầu > 160 mmHg,Measurement,Chưa có,Thông số: Huyết áp tâm thu; Giá trị: >160 mmHg,Xác định ngưỡng chẩn đoán cho,Tăng huyết áp kháng trị,DiseaseSubtype,C1834155,,"Nếu huyết áp tâm thu ban đầu > 160 mm Hg, nên bắt đầu dùng 2 loại thuốc bất kể nguy cơ mắc bệnh tim mạch.",01_tanghuyetap.txt
317,Huyết áp tâm thu lúc nghỉ >= 130 mmHg,Measurement,Chưa có,Thông số: Huyết áp tâm thu lúc nghỉ; Giá trị: >=130 mmHg,Xác định ngưỡng chẩn đoán cho,Tăng huyết áp,Disease,C0020538,,"Tăng huyết áp là tình trạng tăng liên tục của huyết áp tâm thu lúc nghỉ (>= 130 mmHg) hoặc huyết áp tâm trương lúc nghỉ (>= 80 mm Hg), hoặc cả hai.",01_tanghuyetap.txt
318,Huyết áp tâm thu lúc nghỉ xác định THA: >= 130 mmHg,Measurement,Chưa có,Thông số: Huyết áp tâm thu lúc nghỉ; Huyết áp <130/<80 mmHg,Xác định ngưỡng chẩn đoán cho,Tăng huyết áp,Disease,C0020538,,"Tăng huyết áp là tình trạng tăng liên tục của huyết áp tâm thu lúc nghỉ (>= 130 mmHg) hoặc huyết áp tâm trương lúc nghỉ (>= 80 mm Hg), hoặc cả hai.",01_tanghuyetap.txt
319,Huyết áp tâm trương >= 80 mmHg,Measurement,Chưa có,Thông số: Huyết áp tâm trương; Giá trị: >=80 mmHg,Xác định ngưỡng chẩn đoán cho,Tăng huyết áp,Disease,C0020538,,Tăng huyết áp được định nghĩa là huyết áp tâm thu (HA) >= 130 mm Hg hoặc huyết áp tâm trương >= 80 mm Hg hoặc đang dùng thuốc điều trị tăng huyết áp.,01_tanghuyetap.txt
320,Huyết áp tâm trương lúc nghỉ >= 80 mmHg,Measurement,Chưa có,Thông số: Huyết áp tâm trương lúc nghỉ; Giá trị: >=80 mmHg,Xác định ngưỡng chẩn đoán cho,Tăng huyết áp,Disease,C0020538,,"Tăng huyết áp là tình trạng tăng liên tục của huyết áp tâm thu lúc nghỉ (>= 130 mmHg) hoặc huyết áp tâm trương lúc nghỉ (>= 80 mm Hg), hoặc cả hai.",01_tanghuyetap.txt
321,Huyết áp động mạch trung bình (MAP) ngưỡng giãn mạch não: 160 mmHg,Measurement,Chưa có,Thông số: Huyết áp động mạch trung bình (MAP); Giá trị: >160 mmHg,Xác định ngưỡng chẩn đoán cho,Bệnh não do tăng huyết áp,Disease,C0151620,,"Trên huyết áp động mạch trung bình (MAP) khoảng 160 mm Hg (thấp hơn đối với những người có huyết áp bình thường có huyết áp tăng đột ngột), các mạch não bắt đầu giãn ra thay vì vẫn bị co thắt.",02_thuocdieutri.txt
322,Huyết áp động mạch trung bình (MAP) ngưỡng giãn mạch não: 160 mmHg,Measurement,Chưa có,Thông số: Huyết áp động mạch trung bình (MAP); Giá trị: >160 mmHg,Xác định ngưỡng chẩn đoán cho,Bệnh não tăng huyết áp,Complication,C0151620,,"Trên huyết áp động mạch trung bình (MAP) khoảng 160 mm Hg (thấp hơn đối với những người có huyết áp bình thường có huyết áp tăng đột ngột), các mạch não bắt đầu giãn ra thay vì vẫn bị co thắt.",02_thuocdieutri.txt
323,Hydrogel uống,Treatment,C4288711,,Điều trị,Tiền đái tháo đường,Disease,C0362046,,Một loại hydrogel uống có chứa cellulose và axit xitric khiến bệnh nhân cảm thấy no và ăn ít hơn có thể giúp giảm cân ở mức độ khiêm tốn ở những bệnh nhân tiền tiểu đường và tiểu đường.,01_daithaoduong.txt
324,Hydrogel uống,Treatment,C4288711,,Điều trị,Đái tháo đường,Disease,C0011849,,Một loại hydrogel uống có chứa cellulose và axit xitric khiến bệnh nhân cảm thấy no và ăn ít hơn có thể giúp giảm cân ở mức độ khiêm tốn ở những bệnh nhân tiền tiểu đường và tiểu đường.,01_daithaoduong.txt
325,Hóa chất hít vào,RiskFactor,C3841930,,Làm tăng nguy cơ mắc,Bệnh phổi tắc nghẽn mạn tính,Disease,C0024117,,"Tiếp xúc với khói thuốc lá thụ động, ô nhiễm không khí và bụi nghề nghiệp (ví dụ: bụi khoáng, bụi bông) hoặc hóa chất hít vào (ví dụ: cadmium) góp phần gây nguy cơ mắc COPD nhưng ít quan trọng hơn so với hút thuốc lá.",01_copd.txt
326,Hóa chất hít vào,RiskFactor,C3841930,,Làm tăng nguy cơ mắc,Giới hạn luồng không khí,DiseaseSubtype,C0024117,,"Tiếp xúc với khói thuốc lá thụ động, ô nhiễm không khí và bụi nghề nghiệp (ví dụ: bụi khoáng, bụi bông) hoặc hóa chất hít vào (ví dụ: cadmium) góp phần gây nguy cơ mắc COPD nhưng ít quan trọng hơn so với hút thuốc lá.",01_copd.txt
327,Hút thuốc lá,RiskFactor,C0453996,,Làm tăng nguy cơ mắc,Bệnh phổi tắc nghẽn mạn tính,Disease,C0024117,,"Bệnh phổi tắc nghẽn mạn tính (COPD) đặc trưng bởi sự giới hạn về luồng khí thở gây ra do đáp ứng viêm do hít phải các chất khí độc hại, thường là khói thuốc lá.",01_copd.txt
328,Hút thuốc lá,RiskFactor,C0453996,,Làm tăng nguy cơ mắc,Chồng chéo Hen suyễn-COPD,Disease,C4038730,,"Các đặc điểm chính bao gồm tắc nghẽn đường thở cố định không đáp ứng với thuốc giãn phế quản, tiếp xúc đáng kể với hút thuốc lá hoặc chất ô nhiễm và các đặc điểm của hen suyễn truyền thống, bao gồm tăng bạch cầu ái toan trong máu hoặc trong đờm và tắc nghẽn dòng khí có thể đảo ngược.",henphequan.txt
329,Hút thuốc lá,RiskFactor,C0453996,,Làm tăng nguy cơ mắc,Giới hạn luồng không khí,DiseaseSubtype,C0024117,,"Bệnh phổi tắc nghẽn mạn tính (COPD) đặc trưng bởi sự giới hạn về luồng khí thở gây ra do đáp ứng viêm do hít phải các chất khí độc hại, thường là khói thuốc lá.",01_copd.txt
330,Hút thuốc lá,RiskFactor,C0453996,,Làm tăng nguy cơ mắc,Hen suyễn,Disease,C0004096,,"Giới nữ, hút thuốc, tuổi dậy thì sớm, nhạy cảm với bọ ve trong nhà là những yếu tố nguy cơ cho hen kéo dài và tái phát.",henphequan.txt
331,Hút thuốc lá,RiskFactor,C0453996,,Làm tăng nguy cơ mắc,Khí thũng,Disease,C0013990,,"Rối loạn di truyền nguyên nhân được xác định rõ ràng nhất là thiếu hụt alpha-1 antitrypsin, đây là nguyên nhân quan trọng gây khí thũng ở những người không hút thuốc và làm tăng rõ rệt khả năng mắc bệnh ở những người hút thuốc.",01_copd.txt
332,Hút thuốc lá,RiskFactor,C0453996,,Làm tăng nguy cơ mắc,Phù mạch,Complication,C0002994,,Phù mạch phổ biến nhất ở những bệnh nhân có nguồn gốc châu Phi và những người hút thuốc.,02_thuocdieutri.txt
333,Hút thuốc lá,RiskFactor,C0453996,,Làm tăng nguy cơ mắc,Viêm phế quản mạn tính do hen,DiseaseSubtype,C0264348,,nó xảy ra chủ yếu ở những bệnh nhân hút thuốc và có tiền sử hen suyễn.,01_copd.txt
334,Hạ kali máu,Sign,C0020621,,Làm thay đổi / điều biến,Angiotensin II,Mechanism,C3714928,,"kali huyết tương thấp (< 3,5 mmol/L [ < 3,5 mmol/L]) làm tăng sự co mạch do sự đóng các kênh kali.",01_tanghuyetap.txt
335,Hạ đường huyết,DiseaseSubtype,C0020615,,Có triệu chứng cơ năng,Triệu chứng hạ đường huyết,Symptom,Chưa có,,"Bệnh nhân bị hạ đường huyết lặp đi lặp lại, đặc biệt là những người không xuất hiện các triệu chứng hạ đường huyết",01_daithaoduong.txt
336,Hạn chế luồng khí,Sign,C0024117,,Làm tăng nguy cơ mắc,Hen suyễn,Disease,C0004096,,"Trước khi liệu pháp được tăng cường, việc tuân thủ, tiếp xúc với các yếu tố môi trường (ví dụ: tiếp xúc với chất kích thích) và sự hiện diện của các bệnh kèm theo (ví dụ: béo phì, viêm mũi dị ứng, bệnh trào ngược dạ dày thực quản, bệnh phổi tắc nghẽn mạn tính, ngưng thở khi ngủ do tắc nghẽn, rối loạn chức năng dây thanh âm, sử dụng cocaine dạng hít).",henphequan.txt
337,Hẹp lòng tiểu động mạch,Mechanism,Chưa có,,Là cơ chế sinh bệnh học của,Tăng huyết áp,Disease,C0020538,,"Ở thận, xơ vữa làm hẹp lòng tiểu động mạch, làm tăng tổng sức cản mạch ngoại vi, dẫn đến tăng huyết áp.",01_tanghuyetap.txt
338,Hẹp đường dẫn khí,Mechanism,C0001883,,Là cơ chế sinh bệnh học của,Bệnh phổi tắc nghẽn mạn tính,Disease,C0024117,,Đặc điểm sinh bệnh học chủ yếu của COPD là hạn chế luồng không khí do hẹp đường dẫn khí,01_copd.txt
339,Hẹp đường dẫn khí,Mechanism,C0001883,,Là cơ chế sinh bệnh học của,Giới hạn luồng không khí,DiseaseSubtype,C0024117,,Đặc điểm sinh bệnh học chủ yếu của COPD là hạn chế luồng không khí do hẹp đường dẫn khí,01_copd.txt
340,Hẹp động mạch thận,Cause,C0035067,,Là nguyên nhân gây ra,Nguyên nhân thứ phát gây tăng huyết áp,Cause,C0155616,,"Ngưng thở khi ngủ, bệnh thận mạn tính hoặc hẹp động mạch thận là những nguyên nhân khác gây tăng huyết áp thứ phát.",01_tanghuyetap.txt
341,Hẹp động mạch thận,Cause,C0035067,,Là nguyên nhân gây ra,Tăng huyết áp thứ phát,DiseaseSubtype,C0155616,,"Ngưng thở khi ngủ, bệnh thận mạn tính hoặc hẹp động mạch thận là những nguyên nhân khác gây tăng huyết áp thứ phát.",01_tanghuyetap.txt
342,Hệ thần kinh giao cảm,Mechanism,C0039044,,Là một phần của cơ chế,Renin,Mechanism,C0035094,,Hệ thần kinh giao cảm kích thích sự bài tiết renin qua trung gian bởi kích thích các thụ thể beta (thông qua thần kinh thận),01_tanghuyetap.txt
343,Hệ thống phân phối insulin tự động,Treatment,C0336563,,Điều trị,Đái tháo đường loại 1,DiseaseSubtype,C0011854,,Chúng đặc biệt hữu ích ở những bệnh nhân đái tháo đường loại 1 và đối với những người bị hạ đường huyết không nhận biết hoặc hạ đường huyết về đêm.,01_daithaoduong.txt
344,Hệ thống renin-angiotensin,Mechanism,C0035096,,Là cơ chế sinh bệnh học của,Tăng huyết áp tiên phát,DiseaseSubtype,C0085580,,"trong tăng huyết áp tiên phát huyết động và các thành phần sinh lý (ví dụ: thể tích huyết tương, hoạt động của hệ renin-angiotensin) rất biến đổi",01_tanghuyetap.txt
345,Hội chứng Sjögren,Disease,C1527336,,Làm tăng nguy cơ mắc,Bệnh phổi tắc nghẽn mạn tính,Disease,C0024117,,"Các bệnh lý hệ thống có thể có một phần hạn chế luồng khí gợi ý COPD; các bệnh lý này bao gồm nhiễm HIV, lạm dụng các loại thuốc bất hợp pháp (đặc biệt là cocaine và amphetamine), bệnh sarcoid, hội chứng Sjögren, viêm tiểu phế quản tắc nghẽn, bệnh u cơ trơn mạch bạch huyết và u hạt do tăng bạch cầu ái toan.",01_copd.txt
346,Hội chứng Sjögren,Disease,C1527336,,Làm tăng nguy cơ mắc,Giới hạn luồng không khí,DiseaseSubtype,C0024117,,"Các bệnh lý hệ thống có thể có một phần hạn chế luồng khí gợi ý COPD; các bệnh lý này bao gồm nhiễm HIV, lạm dụng các loại thuốc bất hợp pháp (đặc biệt là cocaine và amphetamine), bệnh sarcoid, hội chứng Sjögren, viêm tiểu phế quản tắc nghẽn, bệnh u cơ trơn mạch bạch huyết và u hạt do tăng bạch cầu ái toan.",01_copd.txt
347,Hội chứng chuyển hóa,Disease,C0524620,,Làm tăng nguy cơ mắc,Đái tháo đường loại 2,Disease,C0011860,,thuốc lợi tiểu thúc đẩy hoặc làm trầm trọng thêm bệnh tiểu đường loại 2 ở bệnh nhân có hội chứng chuyển hóa.,02_thuocdieutri.txt
348,Hở van động mạch chủ,Cause,C0003504,,Là nguyên nhân gây ra,Tăng huyết áp tâm thu đơn độc,DiseaseSubtype,C0745133,,"Một số rối loạn làm tăng CO (ví dụ: nhiễm độc giáp, rò động-tĩnh mạch, hở van động mạch chủ), đặc biệt khi thể tích nhát bóp tăng lên, gây tăng huyết áp tâm thu đơn độc.",01_tanghuyetap.txt
349,Hợp chất hữu cơ dễ bay hơi,Cause,C2350439,,Là nguyên nhân gây ra,Hen kích ứng,Disease,Chưa có,,"Hen kích ứng đề cập đến một phản ứng tương tự, dai dẳng giống như hen sau khi tiếp xúc nhiều lần hoặc mạn tính với các chất kích thích tương tự.",henphequan.txt
350,IgE,Mechanism,C0020846,,Là một phần của cơ chế,Đáp ứng miễn dịch T2,Mechanism,Chưa có,,Đáp ứng T2 tiền viêm được đặc trưng bởi sự tăng trưởng và kích hoạt quá trình sản sinh bạch cầu ái toan và IgE.,henphequan.txt
351,Il-6 huyết thanh,Mechanism,Chưa có,,Là cơ chế sinh bệnh học của,Hen suyễn,Disease,C0004096,,"Các chất trung gian chính liên quan đến các nghiên cứu quan sát và nghiên cứu cắt ngang bao gồm leptin, adipokine và Il-6 huyết thanh.",henphequan.txt
352,Insulin,Mechanism,C1533581,dose: 15 units,Là cơ chế sinh bệnh học của,Giai đoạn trăng mật,DiseaseSubtype,Chưa có,,giai đoạn trăng mật) do quá trình tiết insulin được phục hồi một phần.,01_daithaoduong.txt
353,Insulin nội sinh,Mechanism,Chưa có,,Là cơ chế sinh bệnh học của,Đái tháo đường loại 1,DiseaseSubtype,C0011854,,Nồng độ glucose huyết tương dễ biến đổi có thể xuất hiện ở bệnh nhân đái tháo đường loại 1 vì sản xuất insulin nội sinh gần như là hoàn toàn không có,01_daithaoduong.txt
354,Insulin thang điểm trượt,Treatment,C0557977,,Điều trị,Đái tháo đường loại 1,DiseaseSubtype,C0011854,,"Tuy nhiên, một chế độ điều trị insulin theo thang điểm trượt không phải là một chiến lược hiệu quả để duy trì euglycemia ở bệnh nhân tiểu đường loại 1",01_daithaoduong.txt
355,Insulin tác dụng nhanh,Drug,C0356365,,Điều trị,Tăng đường huyết,DiseaseSubtype,C0020456,,"Thay vì phán xét các lựa chọn và hành vi cá nhân, các bác sĩ lâm sàng phải liên tục củng cố nhu cầu kiểm soát đường huyết cẩn thận, đặc biệt là theo dõi đường huyết thường xuyên và sử dụng insulin tác dụng nhanh, liều thấp, thường xuyên khi cần thiết.",01_daithaoduong.txt
356,Kali máu < 3.5 mmol/L,Measurement,C0020621,Thông số: Kali máu; Giá trị: <3.5 mmol/L,Làm thay đổi / điều biến,Angiotensin II,Mechanism,C3714928,,"kali huyết tương thấp (< 3,5 mmol/L [ < 3,5 mmol/L]) làm tăng sự co mạch do sự đóng các kênh kali.",01_tanghuyetap.txt
357,Khám thực thể,Test,C0031809,,Dùng để chẩn đoán,Bệnh phổi tắc nghẽn mạn tính,Disease,C0024117,,"Chẩn đoán được gợi ý dựa trên bệnh sử, khám thực thể, kết quả chẩn đoán hình ảnh ngực và được xác nhận bằng các xét kiểm tra chức năng phổi.",01_copd.txt
358,Khám thực thể,Test,C0031809,,Dùng để chẩn đoán,Giới hạn luồng không khí,DiseaseSubtype,C0024117,,"Chẩn đoán được gợi ý dựa trên bệnh sử, khám thực thể, kết quả chẩn đoán hình ảnh ngực và được xác nhận bằng các xét kiểm tra chức năng phổi.",01_copd.txt
359,Khám thực thể,Test,C0031809,,Dùng để chẩn đoán,Hen suyễn,Disease,C0004096,,"Việc chẩn đoán được dựa trên tiền sử, khám lâm sàng và đo chức năng hô hấp.",henphequan.txt
360,Khám thực thể,Test,C0031809,,Dùng để chẩn đoán,Tăng huyết áp,Disease,C0020538,,"Tiền sử, khám thực thể, và các xét nghiệm cận lâm sàng khác giúp xác định nguyên nhân và xác định xem đã có tổn thương các cơ quan đích hay chưa.",01_tanghuyetap.txt
361,Kháng insulin ngoại vi,Mechanism,Chưa có,,Là cơ chế sinh bệnh học của,Đái tháo đường,Disease,C0011849,,Đái tháo đường là suy giảm bài tiết insulin và nồng độ kháng insulin ngoại vi thay đổi dẫn đến tăng đường huyết.,01_daithaoduong.txt
362,Kháng sinh,DrugClass,C0003232,,Điều trị,Loét chân do bệnh lý thần kinh,DiseaseSubtype,C0406526,,"Vì hầu hết bệnh nhân với loét này có ít hoặc không có tắc động mạch lớn, cắt lọc và kháng sinh thường xuyên thường dẫn tới liền thương tốt và có thể phòng tránh phẫu thuật lớn.",01_daithaoduong.txt
363,Kháng thể GAD,Test,C0443891,,Dùng để chẩn đoán,Đái tháo đường loại 1,DiseaseSubtype,C0011854,,"Những người có nguy cơ cao mắc bệnh tiểu đường loại 1 (ví dụ: anh chị em ruột và con cái của người mắc bệnh tiểu đường loại 1) có thể được kiểm tra sự hiện diện của tế bào tiểu đảo hoặc kháng thể decarboxylase kháng axit glutamic, trước khi khởi phát bệnh lâm sàng.",01_daithaoduong.txt
364,Kháng thể tế bào tiểu đảo,Test,C0063900,,Dùng để chẩn đoán,Đái tháo đường loại 1,DiseaseSubtype,C0011854,,"Những người có nguy cơ cao mắc bệnh tiểu đường loại 1 (ví dụ: anh chị em ruột và con cái của người mắc bệnh tiểu đường loại 1) có thể được kiểm tra sự hiện diện của tế bào tiểu đảo hoặc kháng thể decarboxylase kháng axit glutamic, trước khi khởi phát bệnh lâm sàng.",01_daithaoduong.txt
365,Khí clo,Cause,C0008209,,Là nguyên nhân gây ra,Hen kích ứng,Disease,Chưa có,,"Hen kích ứng đề cập đến một phản ứng tương tự, dai dẳng giống như hen sau khi tiếp xúc nhiều lần hoặc mạn tính với các chất kích thích tương tự.",henphequan.txt
366,Khí máu tĩnh mạch,Test,C5165470,,Dùng để chẩn đoán,Bệnh phổi tắc nghẽn mạn tính,Disease,C0024117,,Khí máu tĩnh mạch rất hữu ích để chẩn đoán tăng CO2 máu cấp tính hoặc mạn tính.,01_copd.txt
367,Khí máu tĩnh mạch,Test,C5165470,,Dùng để chẩn đoán,Giới hạn luồng không khí,DiseaseSubtype,C0024117,,Khí máu tĩnh mạch rất hữu ích để chẩn đoán tăng CO2 máu cấp tính hoặc mạn tính.,01_copd.txt
368,Khí phế thũng,DiseaseSubtype,C0034067,,Là phân loại / thể bệnh của,Bệnh phổi tắc nghẽn mạn tính,Disease,C0024117,,"Bệnh phổi tắc nghẽn mạn tính (COPD) đặc trưng bởi sự giới hạn về luồng khí thở gây ra do đáp ứng viêm do hít phải các chất khí độc hại, thường là khói thuốc lá.",01_copd.txt
369,Khí phế thũng,DiseaseSubtype,C0034067,,Là phân loại / thể bệnh của,Giới hạn luồng không khí,DiseaseSubtype,C0024117,,"Bệnh phổi tắc nghẽn mạn tính (COPD) đặc trưng bởi sự giới hạn về luồng khí thở gây ra do đáp ứng viêm do hít phải các chất khí độc hại, thường là khói thuốc lá.",01_copd.txt
370,Khói thuốc lá,RiskFactor,C0439994,,Làm tăng nguy cơ mắc,Bệnh hen do tập luyện,Disease,C0004099,,"Các tác nhân không gây dị ứng, như khói thuốc lá, mùi mạnh, khói kích thích, nhiệt độ lạnh, độ ẩm cao, cũng nên tránh hoặc kiểm soát khi có thể.",henphequan.txt
371,Khói thuốc lá,RiskFactor,C0439994,,Làm tăng nguy cơ mắc,Hen do gắng sức,DiseaseSubtype,C0004099,,"Các tác nhân không gây dị ứng, như khói thuốc lá, mùi mạnh, khói kích thích, nhiệt độ lạnh, độ ẩm cao, cũng nên tránh hoặc kiểm soát khi có thể.",henphequan.txt
372,Khói thuốc lá,RiskFactor,C0439994,,Làm tăng nguy cơ mắc,Hen suyễn,Disease,C0004096,,"Các chất gây kích ứng theo đường hô hấp, chẳng hạn như ô nhiễm không khí, khói thuốc lá, nước hoa và các sản phẩm làm sạch có thể làm khởi phát các triệu chứng hen.",henphequan.txt
373,Khói thuốc lá thụ động,RiskFactor,C0037370,,Làm tăng nguy cơ mắc,Bệnh phổi tắc nghẽn mạn tính,Disease,C0024117,,"Tiếp xúc với khói thuốc lá thụ động, ô nhiễm không khí và bụi nghề nghiệp (ví dụ: bụi khoáng, bụi bông) hoặc hóa chất hít vào (ví dụ: cadmium) góp phần gây nguy cơ mắc COPD nhưng ít quan trọng hơn so với hút thuốc lá.",01_copd.txt
374,Khói thuốc lá thụ động,RiskFactor,C0037370,,Làm tăng nguy cơ mắc,Giới hạn luồng không khí,DiseaseSubtype,C0024117,,"Tiếp xúc với khói thuốc lá thụ động, ô nhiễm không khí và bụi nghề nghiệp (ví dụ: bụi khoáng, bụi bông) hoặc hóa chất hít vào (ví dụ: cadmium) góp phần gây nguy cơ mắc COPD nhưng ít quan trọng hơn so với hút thuốc lá.",01_copd.txt
375,Khói từ nấu ăn và sưởi ấm trong nhà,RiskFactor,Chưa có,,Làm tăng nguy cơ mắc,Bệnh phổi tắc nghẽn mạn tính,Disease,C0024117,,Khói từ nấu ăn và sưởi ấm trong nhà là một yếu tố gây bệnh quan trọng,01_copd.txt
376,Khói từ nấu ăn và sưởi ấm trong nhà,RiskFactor,Chưa có,,Làm tăng nguy cơ mắc,Giới hạn luồng không khí,DiseaseSubtype,C0024117,,Khói từ nấu ăn và sưởi ấm trong nhà là một yếu tố gây bệnh quan trọng,01_copd.txt
377,Không tuân thủ điều trị,RiskFactor,C0746935,,Làm tăng nguy cơ mắc,Tăng huyết áp kháng trị,DiseaseSubtype,C1834155,,"Việc không tuân thủ điều trị, đặc biệt vì cần phải điều trị suốt đời, có thể cản trở việc kiểm soát huyết áp thích hợp.",01_tanghuyetap.txt
378,Kiểm soát các yếu tố khởi phát,Treatment,Chưa có,,Điều trị,Hen suyễn,Disease,C0004096,,Điều trị liên quan đến kiểm soát các yếu tố khởi phát và điều trị bằng thuốc,henphequan.txt
379,Kiểm tra chức năng hô hấp,Test,C0024119,,Dùng để chẩn đoán,Bệnh phổi kẽ,Disease,C0206062,,xét nghiệm chức năng phổi cho thấy khiếm khuyết thông khí hạn chế hơn là khiếm khuyết thông khí tắc nghẽn,01_copd.txt
380,Kiểm tra chức năng hô hấp,Test,C0024119,,Dùng để chẩn đoán,Bệnh phổi tắc nghẽn mạn tính,Disease,C0024117,,"Chẩn đoán dựa trên bệnh sử, khám thực thể, chụp X-quang ngực và kiểm tra chức năng phổi.",01_copd.txt
381,Kiểm tra chức năng hô hấp,Test,C0024119,,Dùng để chẩn đoán,Giới hạn luồng không khí,DiseaseSubtype,C0024117,,"Chẩn đoán dựa trên bệnh sử, khám thực thể, chụp X-quang ngực và kiểm tra chức năng phổi.",01_copd.txt
382,Kiểm tra chức năng hô hấp,Test,C0024119,,Dùng để chẩn đoán,Hen suyễn,Disease,C0004096,,Bệnh nhân nghi ngờ bị hen suyễn nên được kiểm tra chức năng hô hấp để chẩn đoán bệnh,henphequan.txt
383,Kiểm tra chức năng hô hấp,Test,C0024119,,Dùng để chẩn đoán,Hạn chế luồng khí,Sign,C0024117,,"Chẩn đoán dựa trên tiền sử, khám lâm sàng và được xác định bằng các kiểm tra chức năng hô hấp.",henphequan.txt
384,Kiểm tra chức năng hô hấp,Test,C0024119,,Dùng để chẩn đoán,Viêm phế quản mạn tính tắc nghẽn,DiseaseSubtype,C0155874,,Viêm phế quản mạn tính trở thành viêm phế quản tắc nghẽn mạn tính nếu có dấu hiệu tắc nghẽn luồng khí khi đo chức năng hô hấp.,01_copd.txt
385,Kích thích thần kinh giao cảm,Mechanism,C0038996,,Là một phần của cơ chế,Renin,Mechanism,C0035094,,Hệ thần kinh giao cảm kích thích sự bài tiết renin,01_tanghuyetap.txt
386,Kích thích thần kinh giao cảm,Mechanism,C0038996,,Là cơ chế sinh bệnh học của,Tăng huyết áp,Disease,C0020538,,Kích thích thần kinh giao cảm làm tăng huyết áp,01_tanghuyetap.txt
387,Kế hoạch hành động hen suyễn,Treatment,C3481636,,Điều trị,Hen suyễn,Disease,C0004096,,Kế hoạch như vậy dẫn đến việc kiểm soát bệnh hen suyễn tốt hơn,henphequan.txt
388,Kế hoạch quản lý bệnh hen,Treatment,C1445942,,Điều trị,Hen suyễn,Disease,C0004096,,Thanh thiếu niên và trẻ em lớn nên tham gia vào việc phát triển các kế hoạch quản lý bệnh hen của riêng mình và thiết lập các mục tiêu riêng của họ trong điều trị để cải thiện sự tuân thủ.,henphequan.txt
389,Labetalol,Drug,C0022860,,Chống chỉ định cho,Hen suyễn,Disease,C0004096,,không nên sử dụng labetalol trong trường hợp tăng huyết áp cấp cứu ở bệnh nhân hen suyễn.,02_thuocdieutri.txt
390,Labetalol,Drug,C0022860,,Điều trị,Nhồi máu cơ tim,Disease,C0027051,,Labetalol được dùng cho phụ nữ có thai có những rối loạn nội sọ đòi hỏi kiểm soát huyết áp và sau nhồi máu cơ tim.,02_thuocdieutri.txt
391,Labetalol,Drug,C0022860,,Điều trị,Tăng huyết áp cấp cứu,DiseaseSubtype,C0745136,,"Giảm huyết áp động mạch trung bình khoảng 20 đến 25% trong giờ đầu tiên bằng cách sử dụng thuốc theo đường tĩnh mạch có thể chuẩn độ, tác dụng ngắn như clevidipine, nitroglycerin, fenoldopam, nicardipine hoặc labetalol.",02_thuocdieutri.txt
392,Labetalol,Drug,C0022860,,Điều trị,Tăng huyết áp nặng: Huyết áp tâm thu >= 180 mmHg hoặc huyết áp tâm trương >= 120 mmHg,Measurement,C0745136,Thông số: Tăng huyết áp nặng; Huyết áp 180/120 mmHg,"Giảm huyết áp động mạch trung bình khoảng 20 đến 25% trong giờ đầu tiên bằng cách sử dụng thuốc theo đường tĩnh mạch có thể chuẩn độ, tác dụng ngắn như clevidipine, nitroglycerin, fenoldopam, nicardipine hoặc labetalol.",02_thuocdieutri.txt
393,Leptin,Mechanism,C0299583,,Là cơ chế sinh bệnh học của,Hen suyễn,Disease,C0004096,,"Các chất trung gian chính liên quan đến các nghiên cứu quan sát và nghiên cứu cắt ngang bao gồm leptin, adipokine và Il-6 huyết thanh.",henphequan.txt
394,Liệt dạ dày,Cause,C0152020,,Là nguyên nhân gây ra,Đái tháo đường không ổn định,DiseaseSubtype,C0342302,,"Nguyên nhân khác khiến nồng độ glucose trong huyết tương không ổn định gồm nhiễm trùng, liệt dạ dày (dẫn tới rối loạn hấp thu carbonhydrate) và bệnh nội tiết (ví dụ, bệnh Addison).",01_daithaoduong.txt
395,Liệu pháp bơm insulin vòng kín,Treatment,Chưa có,,Điều trị,Hạ đường huyết,DiseaseSubtype,C0020615,,liệu pháp bơm insulin vòng kín tăng cường cảm biến hoặc hỗn hợp là những công cụ hữu ích ở những người dao động giữa hạ đường huyết và tăng đường huyết.,01_daithaoduong.txt
396,Liệu pháp bơm insulin vòng kín,Treatment,Chưa có,,Điều trị,Tăng đường huyết,DiseaseSubtype,C0020456,,liệu pháp bơm insulin vòng kín tăng cường cảm biến hoặc hỗn hợp là những công cụ hữu ích ở những người dao động giữa hạ đường huyết và tăng đường huyết.,01_daithaoduong.txt
397,Liệu pháp insulin,Treatment,C0021646,,Điều trị,Đái tháo đường loại 1,DiseaseSubtype,C0011854,,Tất cả bệnh nhân đái tháo đường loại 1 cần liệu pháp insulin.,01_daithaoduong.txt
398,Liệu pháp kiểm soát hen,Treatment,Chưa có,,Điều trị,Bệnh hen do tập luyện,Disease,C0004099,,liệu pháp kiểm soát (bước 2 trở lên trong Bảng Các bước quản lý bệnh hen) nên được bắt đầu nếu các triệu chứng do tập thể dục không đáp ứng với thuốc hít,henphequan.txt
399,Liệu pháp kiểm soát hen,Treatment,Chưa có,,Điều trị,Hen do gắng sức,DiseaseSubtype,C0004099,,liệu pháp kiểm soát (bước 2 trở lên trong Bảng Các bước quản lý bệnh hen) nên được bắt đầu nếu các triệu chứng do tập thể dục không đáp ứng với thuốc hít,henphequan.txt
400,Liệu pháp kích hoạt Baroreflex,Treatment,C3898150,,Điều trị,Tăng huyết áp kháng trị,DiseaseSubtype,C1834155,,Liệu pháp kích hoạt Baroreflex đã được đề xuất để kiểm soát tình trạng tăng huyết áp kháng thuốc,01_tanghuyetap.txt
401,Liệu pháp oxy,Treatment,C3665674,,Điều trị,Bệnh phổi tắc nghẽn mạn tính,Disease,C0024117,,Liệu pháp oxy được chỉ định cho một số bệnh nhân.,01_copd.txt
402,Liệu pháp oxy,Treatment,C3665674,,Điều trị,Giới hạn luồng không khí,DiseaseSubtype,C0024117,,Liệu pháp oxy được chỉ định cho một số bệnh nhân.,01_copd.txt
403,Liệu pháp phối hợp 2 thuốc chống tăng huyết áp,Treatment,Chưa có,,Điều trị,Tăng huyết áp nặng,DiseaseSubtype,C5395247,,liệu pháp phối hợp 2 thuốc chống tăng huyết áp đường uống (đối với tăng huyết áp nặng),02_thuocdieutri.txt
404,Liệu pháp sinh học,Treatment,C0005527,,Điều trị,Hen suyễn,Disease,C0004096,,ví dụ: kê đơn roflimulast/azithromycin cho bệnh nhân có chẩn đoán bằng liệu pháp sinh học điều trị hen suyễn hoặc T2 ở bệnh nhân có chẩn đoán mắc COPD.,henphequan.txt
405,Lo lắng,Cause,C0003467,,Là nguyên nhân gây ra,Tăng huyết áp khẩn cấp,DiseaseSubtype,C0745138,,Lo lắng cho đến nay là nguyên nhân phổ biến nhất của tình trạng tăng huyết áp khẩn cấp.,02_thuocdieutri.txt
406,Loét,Complication,C0041582,,Gây tổn thương cơ quan,Chi dưới,Organ,C0023216,,"vết loét sâu hơn và dễ bị nhiễm trùng, đặc biệt là ở chi dưới.",01_daithaoduong.txt
407,Làm chậm nhịp tim,Mechanism,C0428977,,Là cơ chế sinh bệnh học của,Tăng huyết áp,Disease,C0020538,,"Thuốc chẹn beta làm chậm nhịp tim và giảm khả năng co bóp cơ tim, do đó làm giảm huyết áp.",02_thuocdieutri.txt
408,Lão hóa,RiskFactor,C0001811,,Làm tăng nguy cơ mắc,Suy giảm điều hòa glucose,DiseaseSubtype,C4302025,,"Suy giảm điều hòa glucose (Rối loạn dung nạp glucose, hoặc rối loạn glucose lúc đói - xem bảng Tiêu chuẩn chẩn đoán bệnh đái tháo đường và rối loạn điều hòa glucose) là trung gian, giai đoạn chuyển tiếp, tình trạng giữa chuyển hóa glucose bình thường và đái tháo đường, và trở nên phổ biến hơn với sự già hóa.",01_daithaoduong.txt
409,Lão hóa,RiskFactor,C0001811,,Làm tăng nguy cơ mắc,Động mạch cứng,DiseaseSubtype,C0003850,,"Giảm oxit nitric, do động mạch cứng, xảy ra khi lão hóa",01_tanghuyetap.txt
410,Lưu lượng đỉnh (PEF),Test,C1518922,,Dùng để chẩn đoán,Hen suyễn,Disease,C0004096,,Các phép đo lưu lượng đỉnh (PEF) với máy đo lưu lượng cầm tay không tốn kém được khuyến cáo để theo dõi mức độ nghiêm trọng của bệnh và hướng dẫn điều trị.,henphequan.txt
411,Lưu lượng đỉnh (PEF),Test,C1518922,,Dùng để chẩn đoán,Đợt cấp hen suyễn,DiseaseSubtype,C0340066,,đặc biệt là để quản lý các đợt cấp dựa trên lưu lượng đỉnh cá nhân tốt nhất của bệnh nhân,henphequan.txt
412,Lưu lượng đỉnh cá nhân tốt nhất,Test,C4285560,,Dùng để chẩn đoán,Đợt cấp hen suyễn,DiseaseSubtype,C0340066,,đặc biệt là để quản lý các đợt cấp dựa trên lưu lượng đỉnh cá nhân tốt nhất của bệnh nhân,henphequan.txt
413,Lượng natri cao,RiskFactor,Chưa có,,Làm tăng nguy cơ mắc,Tăng huyết áp tiên phát,DiseaseSubtype,C0085580,,"tuy nhiên, ở những bệnh nhân trên 65 tuổi, lượng natri cao có nhiều khả năng gây tăng huyết áp.",01_tanghuyetap.txt
414,Lạm dụng thuốc bất hợp pháp,RiskFactor,C0281875,,Làm tăng nguy cơ mắc,Bệnh phổi tắc nghẽn mạn tính,Disease,C0024117,,"Các bệnh lý hệ thống có thể có một phần hạn chế luồng khí gợi ý COPD; các bệnh lý này bao gồm nhiễm HIV, lạm dụng các loại thuốc bất hợp pháp (đặc biệt là cocaine và amphetamine), bệnh sarcoid, hội chứng Sjögren, viêm tiểu phế quản tắc nghẽn, bệnh u cơ trơn mạch bạch huyết và u hạt do tăng bạch cầu ái toan.",01_copd.txt
415,Lạm dụng thuốc bất hợp pháp,RiskFactor,C0281875,,Làm tăng nguy cơ mắc,Giới hạn luồng không khí,DiseaseSubtype,C0024117,,"Các bệnh lý hệ thống có thể có một phần hạn chế luồng khí gợi ý COPD; các bệnh lý này bao gồm nhiễm HIV, lạm dụng các loại thuốc bất hợp pháp (đặc biệt là cocaine và amphetamine), bệnh sarcoid, hội chứng Sjögren, viêm tiểu phế quản tắc nghẽn, bệnh u cơ trơn mạch bạch huyết và u hạt do tăng bạch cầu ái toan.",01_copd.txt
416,Metformin,Drug,C0025598,,Điều trị,Đái tháo đường,Disease,C0011849,,"Metformin an toàn, tiết kiệm chi phí và có bằng chứng mạnh mẽ nhất về việc ngăn ngừa bệnh tiểu đường.",01_daithaoduong.txt
417,Metformin,Drug,C0025598,,Điều trị,Đái tháo đường loại 2,DiseaseSubtype,C0011860,,sau đó dùng thuốc hạ đường huyết không insulin (thường là metformin) nếu thay đổi lối sống không đủ.,01_daithaoduong.txt
418,Mục tiêu giảm MAP: 20% - 25% trong 1-2 giờ,Measurement,Chưa có,Thông số: MAP (Mean Arterial Pressure); min_value: 20; max_value: 25; time_frame: 1-2 giờ,Xác định ngưỡng chẩn đoán cho,Tăng huyết áp cấp cứu,DiseaseSubtype,C0745136,,nhìn chung giảm 20% đến 25% MAP trong khoảng một hoặc hai giờ là phù hợp,02_thuocdieutri.txt
419,Mục tiêu giảm MAP: 20% - 25% trong 1-2 giờ,Measurement,Chưa có,Thông số: MAP (Mean Arterial Pressure); min_value: 20; max_value: 25; time_frame: 1-2 giờ,Xác định ngưỡng chẩn đoán cho,Tăng huyết áp nặng: Huyết áp tâm thu >= 180 mmHg hoặc huyết áp tâm trương >= 120 mmHg,Measurement,C0745136,Thông số: Tăng huyết áp nặng; Huyết áp 180/120 mmHg,nhìn chung giảm 20% đến 25% MAP trong khoảng một hoặc hai giờ là phù hợp,02_thuocdieutri.txt
420,Mức FeNO > 50 ppb,Measurement,Chưa có,Thông số: FeNO; Giá trị: >50 ppb,Xác định ngưỡng chẩn đoán cho,Hen suyễn,Disease,C0004096,,"Mức FeNO > 50 ppb phù hợp với tình trạng viêm đường hô hấp do dị ứng, hỗ trợ chẩn đoán hen suyễn.",henphequan.txt
421,Mức HDL cholesterol: < 35 mg/dL (0.9 mmol/L),Measurement,Chưa có,Thông số: Mức HDL cholesterol; Giá trị: > 250 mg/dL; alternative_value: 2.8; alternative_unit: mmol/L; alt_value: > 2.8; alt_unit: mmol/L,Xác định ngưỡng chẩn đoán cho,Rối loạn lipid máu,Disease,C0242339,,"Rối loạn lipid máu (cholesterol lipoprotein mật độ cao [HDL] < 35 mg / dL [0,9 mmol / L] hoặc mức chất béo trung tính > 250 mg / dL [2,8 mmol / L])",01_daithaoduong.txt
422,Mức lọc cầu thận < 30 mL/phút,Measurement,Chưa có,Thông số: Mức lọc cầu thận; Giá trị: <30 mL/phút,Xác định ngưỡng chẩn đoán cho,Bệnh thận mạn tính giai đoạn 4,DiseaseSubtype,C2317473,,chlorthalidone đã được chứng minh là có hiệu quả trong việc cải thiện huyết áp trên bệnh nhân có mức lọc cầu thận < 30 mL/phút.,02_thuocdieutri.txt
423,NSAID,DrugClass,C0003211,,Điều trị,Hen nhạy cảm aspirin,DiseaseSubtype,C3853540,,Việc điều trị đầu tiên cho hen nhạy cảm aspirin là tránh aspirin và NSAID khác.,henphequan.txt
424,"Na+, K+-ATPase",Mechanism,C1149024,,Là một phần của cơ chế,Norepinephrine,Mechanism,C0028351,,"Bởi vì bơm Na+, K+-ATPase có thể bơm norepinephrine trở lại các tế bào thần kinh giao cảm (do đó bất hoạt chất dẫn truyền thần kinh này), sự ức chế cơ chế này cũng có thể làm tăng tác dụng của norepinephrine, gây tăng huyết áp.",01_tanghuyetap.txt
425,"Na+, K+-ATPase",Mechanism,C1149024,,Là cơ chế sinh bệnh học của,Tăng huyết áp,Disease,C0020538,,"Trong nhiều trường hợp tăng huyết áp, quá trình vận chuyển natri qua màng tế bào mạch máu trở nên bất thường vì bơm natri-kali (Na+, K+-ATPase) bị khiếm khuyết hoặc bị ức chế",01_tanghuyetap.txt
426,Nam giới,RiskFactor,C1706180,,Làm tăng nguy cơ mắc,Tăng huyết áp ẩn,DiseaseSubtype,C3178811,,Nhóm bệnh nhân này có thể chiếm từ 10% đến 30% dân số trưởng thành và phổ biến hơn ở nam giới,01_tanghuyetap.txt
427,Nghiệm pháp giãn phế quản,Test,Chưa có,,Dùng để chẩn đoán,Rối loạn thông khí tắc nghẽn,Disease,C0746984,,"xác định mức độ hồi phục của rối loạn thông khí tắc nghẽn (ví dụ, bằng cách dùng thử corticosteroid hít trong 2 tới 3 tuần hoặc thử nghiệm chức năng hô hấp với nghiệm pháp giãn phế quản).",henphequan.txt
428,Nghiệm pháp gắng sức,Test,C0015260,,Dùng để chẩn đoán,Bệnh lý tim mạch,Complication,C0007222,,Bệnh nhân đã biết hoặc nghi ngờ bệnh tim mạch có thể có lợi ích từ bài tập kiểm tra stress trước khi bắt đầu chương trình luyện tập.,01_daithaoduong.txt
429,Nghiệm pháp gắng sức,Test,C0015260,,Dùng để chẩn đoán,Bệnh tim mạch,Disease,C0007222,,Bệnh nhân đã biết hoặc nghi ngờ bệnh tim mạch có thể có lợi ích từ bài tập kiểm tra stress trước khi bắt đầu chương trình luyện tập.,01_daithaoduong.txt
430,Nghiệm pháp kích thích methacholine,Test,C3174375,,Dùng để chẩn đoán,Hen suyễn,Disease,C0004096,,"Nếu nghi ngờ hen, sắp xếp kiểm tra chức năng hô hấp, với nghiệm pháp kích thích bằng methacholine nếu cần.",henphequan.txt
431,Nghiệm pháp kích thích phế quản,Test,C0006265,,Dùng để chẩn đoán,Hen suyễn,Disease,C0004096,,"Nghiệm pháp kích thích, trong đó metacholine dạng hít (hoặc các thuốc thay thế như histamin hít, adenosine hoặc bradykinin, hoặc nghiệm pháp tập gắng sức) được dùng để gây co thắt phế quản, được chỉ định cho những bệnh nhân bị nghi ngờ mắc bệnh hen suyễn có kết quả đo chức năng hô hấp và biểu đồ lưu lượng thể tích bình thường và cho bệnh nhân nghi ngờ bị hen suyễn thể ho, nếu không có chống chỉ định.",henphequan.txt
432,Nguyên nhân thứ phát,Cause,C3262233,,Là nguyên nhân gây ra,Tăng huyết áp kháng trị,DiseaseSubtype,C1834155,,Nguyên nhân thứ phát gây tăng huyết áp phải được loại trừ khi đánh giá tình trạng tăng huyết áp kháng trị.,01_tanghuyetap.txt
433,Nguyên nhân thứ phát gây tăng huyết áp,Cause,C0155616,,Là nguyên nhân gây ra,Tăng huyết áp kháng trị,DiseaseSubtype,C1834155,,Nguyên nhân thứ phát gây tăng huyết áp phải được loại trừ khi đánh giá tình trạng tăng huyết áp kháng trị.,01_tanghuyetap.txt
434,Nguyên nhân xác định,Cause,Chưa có,,Là nguyên nhân gây ra,Nguyên nhân thứ phát gây tăng huyết áp,Cause,C0155616,,Thứ phát (một nguyên nhân được xác định),01_tanghuyetap.txt
435,Nguyên nhân xác định,Cause,Chưa có,,Là nguyên nhân gây ra,Tăng huyết áp thứ phát,DiseaseSubtype,C0155616,,Thứ phát (một nguyên nhân được xác định),01_tanghuyetap.txt
436,Ngưng thở khi ngủ,Cause,C0037315,,Là nguyên nhân gây ra,Nguyên nhân thứ phát gây tăng huyết áp,Cause,C0155616,,"Ngưng thở khi ngủ, bệnh thận mạn tính hoặc hẹp động mạch thận là những nguyên nhân khác gây tăng huyết áp thứ phát.",01_tanghuyetap.txt
437,Ngưng thở khi ngủ,Cause,C0037315,,Là nguyên nhân gây ra,Tăng huyết áp thứ phát,DiseaseSubtype,C0155616,,"Ngưng thở khi ngủ, bệnh thận mạn tính hoặc hẹp động mạch thận là những nguyên nhân khác gây tăng huyết áp thứ phát.",01_tanghuyetap.txt
438,Ngưng thở khi ngủ do tắc nghẽn,Cause,C0520679,,Làm tăng nguy cơ mắc,Hen suyễn,Disease,C0004096,,"Trước khi liệu pháp được tăng cường, việc tuân thủ, tiếp xúc với các yếu tố môi trường (ví dụ: tiếp xúc với chất kích thích) và sự hiện diện của các bệnh kèm theo (ví dụ: béo phì, viêm mũi dị ứng, bệnh trào ngược dạ dày thực quản, bệnh phổi tắc nghẽn mạn tính, ngưng thở khi ngủ do tắc nghẽn, rối loạn chức năng dây thanh âm, sử dụng cocaine dạng hít).",henphequan.txt
439,Người da đen không phải gốc Tây Ban Nha,RiskFactor,Chưa có,,Làm tăng nguy cơ mắc,Tăng huyết áp ẩn,DiseaseSubtype,C3178811,,"Nhóm bệnh nhân này có thể chiếm từ 10% đến 30% dân số trưởng thành và phổ biến hơn ở nam giới, người da đen không phải gốc Tây Ban Nha và những người mắc bệnh tiểu đường.",01_tanghuyetap.txt
440,Ngưỡng biến thiên PEF trong ngày: > 20%,Measurement,Chưa có,Thông số: Biến thiên PEF trong ngày; Giá trị: >20 %,Xác định ngưỡng chẩn đoán cho,Không ổn định đường thở,DiseaseSubtype,Chưa có,,Sự biến thiên trong ngày > 20% cho thấy sự không ổn định đường thở,henphequan.txt
441,"Ngưỡng tăng huyết áp nặng: HA tâm thu > 200 mmHg, HA tâm trương > 100 mmHg",Measurement,Chưa có,Thông số: Huyết áp; Huyết áp 200/100,Xác định ngưỡng chẩn đoán cho,Tăng huyết áp nặng,DiseaseSubtype,C5395247,,tăng huyết áp nặng (HA tâm thu > 200 mm Hg; HA tâm trương > 100 mm Hg).,henphequan.txt
442,Ngưỡng tăng đường huyết không ổn định: > 250 - 300 mg/dL (13.9 - 16.7 mmol/L),Measurement,Chưa có,Thông số: Ngưỡng tăng đường huyết không ổn định; range_mg_dl: 250-300; range_mmol_l: 13.9-16.7,Xác định ngưỡng chẩn đoán cho,Tăng đường huyết,DiseaseSubtype,C0020456,,"tăng đường huyết không ổn định (> 250 đến 300 mg/dL [13,9 đến 16,7 mmol/L])",01_daithaoduong.txt
443,Nhiễm HIV,Disease,C0019693,,Làm tăng nguy cơ mắc,Bệnh phổi tắc nghẽn mạn tính,Disease,C0024117,,Các bệnh lý hệ thống có thể có một phần hạn chế luồng khí gợi ý COPD; các bệnh lý này bao gồm nhiễm HIV,01_copd.txt
444,Nhiễm HIV,Disease,C0019693,,Làm tăng nguy cơ mắc,Giới hạn luồng không khí,DiseaseSubtype,C0024117,,Các bệnh lý hệ thống có thể có một phần hạn chế luồng khí gợi ý COPD; các bệnh lý này bao gồm nhiễm HIV,01_copd.txt
445,Nhiễm trùng,Cause,C3714514,,Là nguyên nhân gây ra,Đái tháo đường không ổn định,DiseaseSubtype,C0342302,,Nguyên nhân khác khiến nồng độ glucose trong huyết tương không ổn định gồm nhiễm trùng,01_daithaoduong.txt
446,Nhiễm trùng đường hô hấp,Disease,C0035243,,Dẫn đến biến chứng,Phá hủy phổi,Complication,C3472385,,Nhiễm trùng đường hô hấp (bệnh mà bệnh nhân COPD dễ mắc phải) có thể làm tăng tiến triển tình trạng phá hủy phổi.,01_copd.txt
447,Nhiễm trùng đường hô hấp trên,Disease,C0041912,,Làm tăng nguy cơ mắc,Hen suyễn,Disease,C0004096,,"Ở trẻ lớn hơn và người lớn, nhiễm trùng đường hô hấp trên (đặc biệt với rhinovirus) và viêm phổi là các yếu tố gây khởi phát phổ biến.",henphequan.txt
448,Nhiễm trùng đường hô hấp trên do virus,RiskFactor,C0339916,,Làm tăng nguy cơ mắc,Bệnh hen do tập luyện,Disease,C0004099,,Hạn chế tiếp xúc với người có nhiễm trùng đường hô hấp trên do virus cũng rất quan trọng.,henphequan.txt
449,Nhiễm trùng đường hô hấp trên do virus,RiskFactor,C0339916,,Làm tăng nguy cơ mắc,Hen do gắng sức,DiseaseSubtype,C0004099,,Hạn chế tiếp xúc với người có nhiễm trùng đường hô hấp trên do virus cũng rất quan trọng.,henphequan.txt
450,Nhiễm độc giáp,Cause,C0040156,,Là nguyên nhân gây ra,Tăng huyết áp tâm thu đơn độc,DiseaseSubtype,C0745133,,"Một số rối loạn làm tăng CO (ví dụ: nhiễm độc giáp, rò động-tĩnh mạch, hở van động mạch chủ), đặc biệt khi thể tích nhát bóp tăng lên, gây tăng huyết áp tâm thu đơn độc.",01_tanghuyetap.txt
451,Nhân tố môi trường,Cause,C0686732,,Là nguyên nhân gây ra,Hen suyễn,Disease,C0004096,,Nhân tố môi trường là nguyên nhân của hen có thể bao gồm những yếu tố sau:,henphequan.txt
452,Nhạy cảm với bọ ve trong nhà,RiskFactor,Chưa có,,Làm tăng nguy cơ mắc,Hen suyễn,Disease,C0004096,,"Giới nữ, hút thuốc, tuổi dậy thì sớm, nhạy cảm với bọ ve trong nhà là những yếu tố nguy cơ cho hen kéo dài và tái phát.",henphequan.txt
453,Nicardipine,Drug,C0028005,,Điều trị,Tăng huyết áp cấp cứu,DiseaseSubtype,C0745136,,"Giảm huyết áp động mạch trung bình khoảng 20 đến 25% trong giờ đầu tiên bằng cách sử dụng thuốc theo đường tĩnh mạch có thể chuẩn độ, tác dụng ngắn như clevidipine, nitroglycerin, fenoldopam, nicardipine hoặc labetalol.",02_thuocdieutri.txt
454,Nicardipine,Drug,C0028005,,Điều trị,Tăng huyết áp nặng: Huyết áp tâm thu >= 180 mmHg hoặc huyết áp tâm trương >= 120 mmHg,Measurement,C0745136,Thông số: Tăng huyết áp nặng; Huyết áp 180/120 mmHg,"Giảm huyết áp động mạch trung bình khoảng 20 đến 25% trong giờ đầu tiên bằng cách sử dụng thuốc theo đường tĩnh mạch có thể chuẩn độ, tác dụng ngắn như clevidipine, nitroglycerin, fenoldopam, nicardipine hoặc labetalol.",02_thuocdieutri.txt
455,Nicardipine,Drug,C0028005,,Điều trị,Tăng huyết áp sau phẫu thuật,DiseaseSubtype,C0919726,,Nicardipine thường được sử dụng cho cao huyết áp sau mổ và trong thai kỳ.,02_thuocdieutri.txt
456,Nitrat cao trong nước uống,RiskFactor,Chưa có,,Làm tăng nguy cơ mắc,Đái tháo đường loại 1,DiseaseSubtype,C0011854,,"Việc trẻ sơ sinh tiếp xúc với các sản phẩm từ sữa (đặc biệt là sữa bò và protein beta casein trong sữa), lượng nitrat cao trong nước uống và mức tiêu thụ vitamin D thấp có liên quan đến việc tăng nguy cơ mắc bệnh tiểu đường loại 1.",01_daithaoduong.txt
457,Nitrat trong nước uống,RiskFactor,Chưa có,,Làm tăng nguy cơ mắc,Đái tháo đường loại 1,DiseaseSubtype,C0011854,,"Việc trẻ sơ sinh tiếp xúc với các sản phẩm từ sữa (đặc biệt là sữa bò và protein beta casein trong sữa), lượng nitrat cao trong nước uống và mức tiêu thụ vitamin D thấp có liên quan đến việc tăng nguy cơ mắc bệnh tiểu đường loại 1.",01_daithaoduong.txt
458,Nitroglycerin,Drug,C0017887,,Điều trị,Nhồi máu cơ tim cấp,Disease,C0155626,,"Nó có thể được sử dụng để kiểm soát tăng huyết áp trong và sau phẫu thuật bắc cầu động mạch vành, nhồi máu cơ tim cấp, đau thắt ngực không ổn định và phù phổi cấp.",02_thuocdieutri.txt
459,Nitroglycerin,Drug,C0017887,,Điều trị,Nhồi máu cơ tim cấp tính,Complication,C0155626,,"Nó có thể được sử dụng để kiểm soát tăng huyết áp trong và sau phẫu thuật bắc cầu động mạch vành, nhồi máu cơ tim cấp, đau thắt ngực không ổn định và phù phổi cấp.",02_thuocdieutri.txt
460,Nitroglycerin,Drug,C0017887,,Điều trị,Phù phổi cấp,Disease,C0155919,,"Nó có thể được sử dụng để kiểm soát tăng huyết áp trong và sau phẫu thuật bắc cầu động mạch vành, nhồi máu cơ tim cấp, đau thắt ngực không ổn định và phù phổi cấp.",02_thuocdieutri.txt
461,Nitroglycerin,Drug,C0017887,,Điều trị,Tăng huyết áp,Disease,C0020538,,"Nó có thể được sử dụng để kiểm soát tăng huyết áp trong và sau phẫu thuật bắc cầu động mạch vành, nhồi máu cơ tim cấp, đau thắt ngực không ổn định và phù phổi cấp.",02_thuocdieutri.txt
462,Nitroglycerin,Drug,C0017887,,Điều trị,Tăng huyết áp cấp cứu,DiseaseSubtype,C0745136,,"Giảm huyết áp động mạch trung bình khoảng 20 đến 25% trong giờ đầu tiên bằng cách sử dụng thuốc theo đường tĩnh mạch có thể chuẩn độ, tác dụng ngắn như clevidipine, nitroglycerin, fenoldopam, nicardipine hoặc labetalol.",02_thuocdieutri.txt
463,Nitroglycerin,Drug,C0017887,,Điều trị,Tăng huyết áp nặng: Huyết áp tâm thu >= 180 mmHg hoặc huyết áp tâm trương >= 120 mmHg,Measurement,C0745136,Thông số: Tăng huyết áp nặng; Huyết áp 180/120 mmHg,"Giảm huyết áp động mạch trung bình khoảng 20 đến 25% trong giờ đầu tiên bằng cách sử dụng thuốc theo đường tĩnh mạch có thể chuẩn độ, tác dụng ngắn như clevidipine, nitroglycerin, fenoldopam, nicardipine hoặc labetalol.",02_thuocdieutri.txt
464,Nitroglycerin,Drug,C0017887,,Điều trị,Đau thắt ngực không ổn định,Disease,C0002965,,"Nó có thể được sử dụng để kiểm soát tăng huyết áp trong và sau phẫu thuật bắc cầu động mạch vành, nhồi máu cơ tim cấp, đau thắt ngực không ổn định và phù phổi cấp.",02_thuocdieutri.txt
465,Nitroprusside,Drug,C0028193,,Điều trị,Bóc tách động mạch chủ,Disease,C0340643,,"Nitroprusside cũng được sử dụng cho bệnh não do tăng huyết áp, và với thuốc chẹn beta, cho bệnh nhân tách thành động mạch chủ.",02_thuocdieutri.txt
466,Nitroprusside,Drug,C0028193,,Điều trị,Bệnh não do tăng huyết áp,Disease,C0151620,,Nitroprusside cũng được sử dụng cho bệnh não do tăng huyết áp,02_thuocdieutri.txt
467,Nitroprusside,Drug,C0028193,,Điều trị,Bệnh não tăng huyết áp,Complication,C0151620,,Nitroprusside cũng được sử dụng cho bệnh não do tăng huyết áp,02_thuocdieutri.txt
468,Nitroprusside,Drug,C0028193,,Điều trị,Suy tim mất bù cấp tính,Disease,Chưa có,,Thuốc này chủ yếu được sử dụng cho những bệnh nhân bị suy tim mất bù cấp tính và tăng huyết áp.,02_thuocdieutri.txt
469,Nitroprusside,Drug,C0028193,,Điều trị,Tăng huyết áp,Disease,C0020538,,Thuốc này chủ yếu được sử dụng cho những bệnh nhân bị suy tim mất bù cấp tính và tăng huyết áp.,02_thuocdieutri.txt
470,Nitroprusside,Drug,C0028193,,Điều trị,Tăng huyết áp cấp cứu,DiseaseSubtype,C0745136,,"Các loại thuốc điều trị bước đầu thông thường bao gồm nitroprusside, fenoldopam, nicardipine và labetalol .",02_thuocdieutri.txt
471,Nitroprusside,Drug,C0028193,,Điều trị,Tăng huyết áp nặng: Huyết áp tâm thu >= 180 mmHg hoặc huyết áp tâm trương >= 120 mmHg,Measurement,C0745136,Thông số: Tăng huyết áp nặng; Huyết áp 180/120 mmHg,"Các loại thuốc điều trị bước đầu thông thường bao gồm nitroprusside, fenoldopam, nicardipine và labetalol .",02_thuocdieutri.txt
472,Nitơ oxit,Cause,C0028167,,Là nguyên nhân gây ra,Hen kích ứng,Disease,Chưa có,,"Hen kích ứng đề cập đến một phản ứng tương tự, dai dẳng giống như hen sau khi tiếp xúc nhiều lần hoặc mạn tính với các chất kích thích tương tự.",henphequan.txt
473,Norepinephrine,Mechanism,C0028351,,Là cơ chế sinh bệnh học của,Tăng huyết áp,Disease,C0020538,,"sự ức chế cơ chế này cũng có thể làm tăng tác dụng của norepinephrine, gây tăng huyết áp.",01_tanghuyetap.txt
474,Nồng độ alpha-1 antitrypsin,Test,C0201856,,Dùng để chẩn đoán,Thiếu alpha-1 antitrypsin,Cause,C0221757,,Nên đo nồng độ alpha-1 antitrypsin ở bệnh nhân < 50 tuổi bị COPD có triệu chứng và ở bệnh nhân thuộc mọi lứa tuổi bị COPD không hút thuốc để phát hiện tình trạng thiếu hụt alpha-1 antitrypsin.,01_copd.txt
475,Nồng độ alpha-1 antitrypsin,Test,C0201856,,Dùng để chẩn đoán,Thiếu hụt alpha-1 antitrypsin,DiseaseSubtype,C0221757,,Nên đo nồng độ alpha-1 antitrypsin ở bệnh nhân < 50 tuổi bị COPD có triệu chứng và ở bệnh nhân thuộc mọi lứa tuổi bị COPD không hút thuốc để phát hiện tình trạng thiếu hụt alpha-1 antitrypsin.,01_copd.txt
476,Nồng độ natri và canxi nội bào,Mechanism,Chưa có,,Là một phần của cơ chế,Kích thích thần kinh giao cảm,Mechanism,C0038996,,"Kết quả là lượng natri và canxi nội bào tăng lên, khiến tế bào nhạy cảm hơn với kích thích thần kinh giao cảm.",01_tanghuyetap.txt
477,OGTT,Test,C0029161,,Dùng để chẩn đoán,Không dung nạp glucose,DiseaseSubtype,C0271650,,OGTT là nhạy hơn cho chẩn đoán đái tháo đường và rối loạn dung nạp glucose,01_daithaoduong.txt
478,OGTT,Test,C0029161,,Dùng để chẩn đoán,Đái tháo đường,Disease,C0011849,,OGTT là nhạy hơn cho chẩn đoán đái tháo đường và rối loạn dung nạp glucose,01_daithaoduong.txt
479,OGTT,Test,C0029161,,Dùng để chẩn đoán,Đái tháo đường thai kỳ,DiseaseSubtype,C0085207,,"Do đó hiếm khi sử dụng để theo dõi thường xuyên, trừ khi chẩn đoán đái tháo đường thai kì và mục đích nghiên cứu.",01_daithaoduong.txt
480,OGTT 75g,Measurement,Chưa có,Thông số: Chỉ số OGTT 75g; glucose_load: 75 g; time_point: 2 giờ; time: 2 giờ,Dùng để chẩn đoán,Đái tháo đường,Disease,C0011849,,"Những người >= 35 tuổi và tất cả người lớn có các yếu tố nguy cơ bổ sung được mô tả ở trên nên được sàng lọc bệnh tiểu đường với mức FPG, HbA1C hoặc giá trị 2 giờ khi OGTT 75 g ít nhất 3 năm một lần miễn là glucose huyết tương các chỉ số đo là bình thường và ít nhất là hàng năm nếu kết quả cho thấy nồng độ đường huyết lúc đói bị suy giảm .",01_daithaoduong.txt
481,Orlistat,Drug,C0076275,,Điều trị,Đái tháo đường,Disease,C0011849,,"Orlistat, thuốc ức chế lipase tại ruột, giảm hấp thu thức ăn chứa mỡ ; thuốc giảm nồng độ lipid huyết thanh và thúc đẩy giảm cân.",01_daithaoduong.txt
482,Oxit nitric,Mechanism,C0028128,,Là cơ chế sinh bệnh học của,Nhạy cảm với muối,DiseaseSubtype,C0600534,,tình trạng giảm này góp phần gây nhạy cảm với muối,01_tanghuyetap.txt
483,Oxit nitric,Mechanism,C0028128,,Là cơ chế sinh bệnh học của,Tăng huyết áp,Disease,C0020538,,"Thiếu hụt chất giãn mạch (ví dụ: bradykinin, oxit nitric), thay vì sự dư thừa chất co mạch (ví dụ: angiotensin, norepinephrine), có thể gây tăng huyết áp.",01_tanghuyetap.txt
484,Oxit nitric thở ra (FeNO),Mechanism,C5445160,,Dùng để chẩn đoán,Hen suyễn,Disease,C0004096,,Phép đo nitric oxide theo phân đoạn thở ra đã được đề xuất như một phương pháp hỗ trợ trong việc đánh giá mức độ kiểm soát hen suyễn,henphequan.txt
485,Oxit nitric thở ra (FeNO),Mechanism,C5445160,,Là cơ chế sinh bệnh học của,Viêm do dị ứng (T2),DiseaseSubtype,Chưa có,,"T2, hoặc viêm do dị ứng, thường được đặc trưng bởi tăng oxit nitric thở ra (FeNO)",henphequan.txt
486,Phentermine/Topiramate,Drug,C3475162,,Điều trị,Đái tháo đường,Disease,C0011849,,Phentermine/topiramate là một loại thuốc phối hợp làm giảm cảm giác thèm ăn thông qua nhiều cơ chế trong não.,01_daithaoduong.txt
487,Phá hủy giường mao mạch phổi,Mechanism,Chưa có,,Là cơ chế sinh bệnh học của,Tăng áp động mạch phổi,DiseaseSubtype,C2973725,,Tăng áp lực mạch máu phổi có thể tăng lên do sự phá huỷ của giường mao mạch phổi,01_copd.txt
488,Phác đồ 2 loại thuốc,Treatment,Chưa có,,Điều trị,Tăng huyết áp,Disease,C0020538,,"Nếu không đạt được huyết áp mục tiêu bằng 2 loại thuốc, một loại thuốc thứ ba trong số các loại thuốc ban đầu sẽ được thêm vào.",01_tanghuyetap.txt
489,Phác đồ >= 4 loại thuốc hạ huyết áp,Treatment,Chưa có,Thông số: Số lượng thuốc; min_value: 4,Điều trị,Tăng huyết áp kháng trị,DiseaseSubtype,C1834155,,"Đối với tăng huyết áp kháng trị (huyết áp vẫn cao hơn mục tiêu mặc dù sử dụng 3 loại thuốc hạ huyết áp khác nhau), thường cần từ 4 loại thuốc trở lên.",01_tanghuyetap.txt
490,Phân loại mức độ nghiêm trọng của bệnh hen suyễn,Guideline,Chưa có,,Phân loại thể bệnh,Mức độ nặng của bệnh,DiseaseSubtype,C3494263,,"Mức độ nặng là cường độ thực chất của quá trình bệnh (nghĩa là xấu đến mức nào, xem bảng Phân loại mức độ nghiêm trọng của bệnh hen suyễn).",henphequan.txt
491,Phân tích nước tiểu,Test,C0042014,,Dùng để chẩn đoán,Tăng huyết áp,Disease,C0020538,,"Các xét nghiệm có thể bao gồm Phân tích nước tiểu và tỷ lệ albumin/creatinin niệu; nếu bất thường, cân nhắc siêu âm thận",01_tanghuyetap.txt
492,Phân tích nước tiểu,Test,C0042014,,Dùng để chẩn đoán,Tăng huyết áp cấp cứu,DiseaseSubtype,C0745136,,"Chẩn đoán bằng cách đo huyết áp, ECG, phân tích nước tiểu, đo điện giải và creatinine trong huyết thanh.",02_thuocdieutri.txt
493,Phân tích nước tiểu,Test,C0042014,,Dùng để chẩn đoán,Tăng huyết áp nặng: Huyết áp tâm thu >= 180 mmHg hoặc huyết áp tâm trương >= 120 mmHg,Measurement,C0745136,Thông số: Tăng huyết áp nặng; Huyết áp 180/120 mmHg,"Chẩn đoán bằng cách đo huyết áp, ECG, phân tích nước tiểu, đo điện giải và creatinine trong huyết thanh.",02_thuocdieutri.txt
494,Phì đại thất phải,DiseaseSubtype,C0162770,,Là phân loại / thể bệnh của,Bệnh tâm phế,Disease,C0034072,,Phì đại thất phải xảy ra trong bệnh tâm phế,01_copd.txt
495,Phù não,Complication,C0006114,,Gây tổn thương cơ quan,Não,Organ,C0006104,,"Kết quả là máu với áp suất rất cao được đẩy trực tiếp vào mao mạch khiến huyết tương rò rỉ vào trong não, gây phù não",02_thuocdieutri.txt
496,Phản ứng đường thở từ trước,RiskFactor,Chưa có,,Làm tăng nguy cơ mắc,Bệnh phổi tắc nghẽn mạn tính,Disease,C0024117,,"Những người hút thuốc và có phản ứng đường thở từ trước (được xác định bằng mức độ nhạy cảm tăng lên với methacholine dạng hít), ngay cả khi không có hen suyễn trên lâm sàng, có nguy cơ mắc bệnh COPD cao hơn những người không mắc bệnh.",01_copd.txt
497,Phản ứng đường thở từ trước,RiskFactor,Chưa có,,Làm tăng nguy cơ mắc,Giới hạn luồng không khí,DiseaseSubtype,C0024117,,"Những người hút thuốc và có phản ứng đường thở từ trước (được xác định bằng mức độ nhạy cảm tăng lên với methacholine dạng hít), ngay cả khi không có hen suyễn trên lâm sàng, có nguy cơ mắc bệnh COPD cao hơn những người không mắc bệnh.",01_copd.txt
498,Phẫu thuật bắc cầu dạ dày,Treatment,Chưa có,,Điều trị,Đái tháo đường,Disease,C0011849,,"Điều trị béo phì bằng phẫu thuật, chẳng hạn như cắt vạt dạ dày hoặc bắc cầu dạ dày, cũng dẫn đến giảm cân và cải thiện việc kiểm soát glucose (không phụ thuộc vào giảm cân) và giảm nguy cơ tim mạch ở bệnh nhân đái tháo đường",01_daithaoduong.txt
499,Phẫu thuật chuyển hóa,Treatment,C1456587,,Điều trị,Đái tháo đường,Disease,C0011849,,"Ở những bệnh nhân béo phì, liệu pháp dược lý để giảm cân, thiết bị y tế và phẫu thuật giảm cân có thể được sử dụng như biện pháp hỗ trợ cho chế độ ăn kiêng và hoạt động thể chất (xem giảm cân trong bệnh tiểu đường).",01_daithaoduong.txt
500,Phẫu thuật cắt dạ dày hình ống,Treatment,C1960816,,Điều trị,Đái tháo đường,Disease,C0011849,,"Điều trị béo phì bằng phẫu thuật, chẳng hạn như cắt vạt dạ dày hoặc bắc cầu dạ dày, cũng dẫn đến giảm cân và cải thiện việc kiểm soát glucose (không phụ thuộc vào giảm cân) và giảm nguy cơ tim mạch ở bệnh nhân đái tháo đường",01_daithaoduong.txt
501,Phẫu thuật mạch thận,Treatment,Chưa có,,Điều trị,Tăng huyết áp,Disease,C0020538,,các phương pháp điều trị các nguyên nhân thứ phát (ví dụ phẫu thuật mạch thận) để khôi phục lại huyết áp bình thường,01_tanghuyetap.txt
502,Phục hồi chức năng hô hấp,Treatment,C0199529,,Điều trị,Bệnh phổi tắc nghẽn mạn tính,Disease,C0024117,,"Phục hồi chức năng hô hấp bao gồm đào tạo tập thể dục có cấu trúc và giám sát, tư vấn dinh dưỡng, và giáo dục tự quản lý.",01_copd.txt
503,Phục hồi chức năng hô hấp,Treatment,C0199529,,Điều trị,Giới hạn luồng không khí,DiseaseSubtype,C0024117,,"Phục hồi chức năng hô hấp bao gồm đào tạo tập thể dục có cấu trúc và giám sát, tư vấn dinh dưỡng, và giáo dục tự quản lý.",01_copd.txt
504,Point-of-care HbA1c test,Measurement,Chưa có,Thông số: Chỉ số Point-of-care HbA1c test,Dùng để chẩn đoán,Đái tháo đường,Disease,C0011849,,"Không nên sử dụng các chỉ số đo HbA1C đầu ngón tại giường cho mục đích chẩn đoán, mặc dù các chỉ số này có thể được sử dụng để theo dõi việc kiểm soát bệnh tiểu đường.",01_daithaoduong.txt
505,Prostaglandin,Mechanism,C0033554,,Là cơ chế sinh bệnh học của,Co mạch phổi bù trừ,Mechanism,Chưa có,,các cơ chế bù trừ này lại thất bại trong đợt cấp của hen do tác dụng giãn mạch của prostaglandin,henphequan.txt
506,Protease,Mechanism,C5200997,,Gây tổn thương cơ quan,Phổi,Organ,C0024109,,"Các protease tại phổi, như elastase của bạch cầu trung tính, metalloproteinase của gian bào, và cathepsin, làm giảm elastin và mô liên kết trong quá trình sửa chữa mô thông thường.",01_copd.txt
507,Protease,Mechanism,C5200997,,Là cơ chế sinh bệnh học của,Bệnh phổi tắc nghẽn mạn tính,Disease,C0024117,,"Ở những bệnh nhân COPD, bạch cầu trung tính được hoạt hóa và các tế bào viêm khác giải phóng proteases như một phần của quá trình viêm; hoạt tính protease vượt quá hoạt tính antiprotease, hậu quả là sự phá hủy mô liên kết và tăng tiết chất nhầy.",01_copd.txt
508,Protease,Mechanism,C5200997,,Là cơ chế sinh bệnh học của,Giới hạn luồng không khí,DiseaseSubtype,C0024117,,"Ở những bệnh nhân COPD, bạch cầu trung tính được hoạt hóa và các tế bào viêm khác giải phóng proteases như một phần của quá trình viêm; hoạt tính protease vượt quá hoạt tính antiprotease, hậu quả là sự phá hủy mô liên kết và tăng tiết chất nhầy.",01_copd.txt
509,RADS,Disease,C1299633,,Có dấu hiệu thực thể,Bệnh phổi tắc nghẽn mạn tính,Disease,C0024117,,"RADS và hen kích ứng mạn tính có nhiều điểm tương đồng về lâm sàng với hen (ví dụ: thở khò khè, khó thở, ho, có hạn chế luồng khí, tăng đáp ứng phế quản)",henphequan.txt
510,RADS,Disease,C1299633,,Có dấu hiệu thực thể,Giới hạn luồng không khí,DiseaseSubtype,C0024117,,"RADS và hen kích ứng mạn tính có nhiều điểm tương đồng về lâm sàng với hen (ví dụ: thở khò khè, khó thở, ho, có hạn chế luồng khí, tăng đáp ứng phế quản)",henphequan.txt
511,RADS,Disease,C1299633,,Có dấu hiệu thực thể,Hạn chế luồng khí,Sign,C0024117,,"RADS và hen kích ứng mạn tính có nhiều điểm tương đồng về lâm sàng với hen (ví dụ: thở khò khè, khó thở, ho, có hạn chế luồng khí, tăng đáp ứng phế quản)",henphequan.txt
512,RADS,Disease,C1299633,,Có triệu chứng cơ năng,Ho,Symptom,C0010200,,"RADS và hen kích ứng mạn tính có nhiều điểm tương đồng về lâm sàng với hen (ví dụ: thở khò khè, khó thở, ho, có hạn chế luồng khí, tăng đáp ứng phế quản)",henphequan.txt
513,RADS,Disease,C1299633,,Có triệu chứng cơ năng,Khó thở,Symptom,C0013404,,"RADS và hen kích ứng mạn tính có nhiều điểm tương đồng về lâm sàng với hen (ví dụ: thở khò khè, khó thở, ho, có hạn chế luồng khí, tăng đáp ứng phế quản)",henphequan.txt
514,RAST,Test,C0034554,,Dùng để chẩn đoán,Hen suyễn,Disease,C0004096,,Test da và đo IgE dị nguyên đặc hiệu thông qua kiểm tra chất hấp thụ radio (RAST) có thể xác định được các tác nhân gây dị ứng cụ thể.,henphequan.txt
515,Renin,Mechanism,C0035094,,Là cơ chế sinh bệnh học của,Angiotensin II,Mechanism,C3714928,,"Renin, một enzym được hình thành trong phức hợp cận cầu thận, xúc tác quá trình chuyển đổi angiotensinogen thành angiotensin I.",01_tanghuyetap.txt
516,Retrovirus,Cause,C0035366,,Là nguyên nhân gây ra,Đái tháo đường loại 1,DiseaseSubtype,C0011854,,"Một số loại vi rút (bao gồm coxsackievirus, vi rút rubella, cytomegalovirus, vi rút Epstein-Barr, SARS-CoV-2 (1, 2) và retrovirus) có liên quan đến khởi phát của bệnh tiểu đường loại 1.",01_daithaoduong.txt
517,Roflumilast,Drug,C0965618,,Điều trị,Bệnh phổi tắc nghẽn mạn tính,Disease,C0024117,,ví dụ: kê đơn roflimulast/azithromycin cho bệnh nhân có chẩn đoán bằng liệu pháp sinh học điều trị hen suyễn hoặc T2 ở bệnh nhân có chẩn đoán mắc COPD.,henphequan.txt
518,Roflumilast,Drug,C0965618,,Điều trị,Chồng chéo Hen suyễn-COPD,Disease,C4038730,,ACO đại diện cho một nhóm nhỏ bệnh nhân hen suyễn (từ 15 đến 35%) và COPD (từ 10 đến 40%) có thể đáp ứng với các loại thuốc không thường được chỉ định cho tình trạng rối loạn tương ứng với chẩn đoán chính của bệnh nhân (ví dụ: kê đơn roflimulast/azithromycin,henphequan.txt
519,Roflumilast,Drug,C0965618,,Điều trị,Giới hạn luồng không khí,DiseaseSubtype,C0024117,,ví dụ: kê đơn roflimulast/azithromycin cho bệnh nhân có chẩn đoán bằng liệu pháp sinh học điều trị hen suyễn hoặc T2 ở bệnh nhân có chẩn đoán mắc COPD.,henphequan.txt
520,Roflumilast,Drug,C0965618,,Điều trị,Hạn chế luồng khí,Sign,C0024117,,ví dụ: kê đơn roflimulast/azithromycin cho bệnh nhân có chẩn đoán bằng liệu pháp sinh học điều trị hen suyễn hoặc T2 ở bệnh nhân có chẩn đoán mắc COPD.,henphequan.txt
521,Rò động-tĩnh mạch,Cause,C0003855,,Là nguyên nhân gây ra,Tăng huyết áp tâm thu đơn độc,DiseaseSubtype,C0745133,,"Một số rối loạn làm tăng CO (ví dụ: nhiễm độc giáp, rò động-tĩnh mạch, hở van động mạch chủ), đặc biệt khi thể tích nhát bóp tăng lên, gây tăng huyết áp tâm thu đơn độc.",01_tanghuyetap.txt
522,Rối loạn chức năng dây thanh âm,Disease,C0859897,,Là nguyên nhân gây ra,Hen suyễn,Disease,C0004096,,"rối loạn chức năng dây thanh âm, một nguyên nhân phổ biến gây tắc nghẽn đường hô hấp trên biểu hiện giống như bệnh hen.",henphequan.txt
523,Rối loạn chức năng dây thanh âm,Disease,C0859897,,Là nguyên nhân gây ra,Tắc nghẽn đường hô hấp trên,DiseaseSubtype,C0340101,,"rối loạn chức năng dây thanh âm, một nguyên nhân phổ biến gây tắc nghẽn đường hô hấp trên",henphequan.txt
524,Rối loạn chức năng tế bào nội mô,Mechanism,C0856169,,Là cơ chế sinh bệnh học của,Tăng huyết áp,Disease,C0020538,,"Do đó, rối loạn chức năng tế bào nội mô ảnh hưởng lớn đến huyết áp.",01_tanghuyetap.txt
525,Rối loạn hô hấp ở trẻ em,RiskFactor,Chưa có,,Làm tăng nguy cơ mắc,Bệnh phổi tắc nghẽn mạn tính,Disease,C0024117,,rối loạn hô hấp ở trẻ em cũng góp phần gây nguy cơ bị COPD.,01_copd.txt
526,Rối loạn hô hấp ở trẻ em,RiskFactor,Chưa có,,Làm tăng nguy cơ mắc,Giới hạn luồng không khí,DiseaseSubtype,C0024117,,rối loạn hô hấp ở trẻ em cũng góp phần gây nguy cơ bị COPD.,01_copd.txt
527,Rối loạn hệ thần kinh trung ương,Disease,C0007682,,Gây tổn thương cơ quan,Hệ thần kinh trung ương,Organ,C3714787,,rối loạn hệ thần kinh trung ương (CNS),01_tanghuyetap.txt
528,SARS-CoV-2,Cause,C5203676,,Là nguyên nhân gây ra,Đái tháo đường loại 1,DiseaseSubtype,C0011854,,"Một số loại vi rút (bao gồm coxsackievirus, vi rút rubella, cytomegalovirus, vi rút Epstein-Barr, SARS-CoV-2 (1, 2) và retrovirus) có liên quan đến khởi phát của bệnh tiểu đường loại 1.",01_daithaoduong.txt
529,SGLT2 inhibitors,Measurement,Chưa có,Thông số: Chỉ số SGLT2 inhibitors,Điều trị,Bệnh thận mạn tính,Disease,C1561643,,"Ở những bệnh nhân mắc bệnh thận mạn tính (2, 3) hoặc suy tim không có chống chỉ định, thuốc ức chế SGLT2 được khuyến nghị",01_daithaoduong.txt
530,SGLT2 inhibitors,Measurement,Chưa có,Thông số: Chỉ số SGLT2 inhibitors,Điều trị,Bệnh tim mạch do xơ vữa động mạch,Disease,C0004153,,"Ở những bệnh nhân mắc bệnh tim mạch do xơ vữa động mạch, thuốc ức chế kênh đồng vận natri/glucose 2 (SGLT2) hoặc thuốc chủ vận thụ thể GLP-1 có thể được khuyến nghị",01_daithaoduong.txt
531,SGLT2 inhibitors,Measurement,Chưa có,Thông số: Chỉ số SGLT2 inhibitors,Điều trị,Suy tim,Disease,C0018801,,"Ở những bệnh nhân mắc bệnh thận mạn tính (2, 3) hoặc suy tim không có chống chỉ định, thuốc ức chế SGLT2 được khuyến nghị",01_daithaoduong.txt
532,SGLT2 inhibitors,Measurement,Chưa có,Thông số: Chỉ số SGLT2 inhibitors,Điều trị,Xơ vữa động mạch,Mechanism,C0004153,,"Ở những bệnh nhân mắc bệnh tim mạch do xơ vữa động mạch, thuốc ức chế kênh đồng vận natri/glucose 2 (SGLT2) hoặc thuốc chủ vận thụ thể GLP-1 có thể được khuyến nghị",01_daithaoduong.txt
533,Siêu âm thận,Test,C0203408,,Dùng để chẩn đoán,Tăng huyết áp,Disease,C0020538,,"nếu bất thường, cân nhắc siêu âm thận",01_tanghuyetap.txt
534,Siêu âm tim,Test,C0013516,,Dùng để chẩn đoán,Bệnh lý van tim,Disease,C0018824,,Siêu âm tim thường được chỉ định khi nghi ngờ có bệnh của tâm thất trái hoặc bệnh lý van tim.,01_copd.txt
535,Siêu âm tim,Test,C0013516,,Dùng để chẩn đoán,Bệnh tâm thất trái,Disease,C5686755,,Siêu âm tim thường được chỉ định khi nghi ngờ có bệnh của tâm thất trái hoặc bệnh lý van tim.,01_copd.txt
536,Siêu âm tim,Test,C0013516,,Dùng để chẩn đoán,Phì đại thất trái,DiseaseSubtype,C0149721,,"Khi quan sát thấy phì đại thất trái trên ECG, siêu âm tim thường sẽ được thực hiện.",01_tanghuyetap.txt
537,Siêu âm tim,Test,C0013516,,Dùng để chẩn đoán,Tăng áp động mạch phổi,DiseaseSubtype,C2973725,,Siêu âm tim đôi khi hữu ích để đánh giá chức năng thất phải và tăng áp động mạch phổi,01_copd.txt
538,Siêu âm tại giường (POCUS),Test,C5396784,,Dùng để chẩn đoán,Tràn khí màng phổi,Disease,C0032326,,Siêu âm tại giường (POCUS) có thể là một thủ thuật bổ trợ hữu ích để chẩn đoán nhanh viêm phổi hoặc tràn khí màng phổi.,01_copd.txt
539,Soi đáy mắt,Test,Chưa có,,Dùng để chẩn đoán,Bệnh võng mạc tăng huyết áp độ 1-2,DiseaseSubtype,Chưa có,,"Khám thực thể tập trung vào các cơ quan đích, bao gồm khám thần kinh, soi đáy mắt và khám tim mạch.",02_thuocdieutri.txt
540,Sulfite,RiskFactor,C0038750,,Làm tăng nguy cơ mắc,Bệnh hen do tập luyện,Disease,C0004099,,Các bệnh nhân nhạy cảm với sulfite nên tránh đồ có chứa sulfite,henphequan.txt
541,Sulfite,RiskFactor,C0038750,,Làm tăng nguy cơ mắc,Hen do gắng sức,DiseaseSubtype,C0004099,,Các bệnh nhân nhạy cảm với sulfite nên tránh đồ có chứa sulfite,henphequan.txt
542,Suy giảm bài tiết insulin,Mechanism,Chưa có,,Là cơ chế sinh bệnh học của,Đái tháo đường,Disease,C0011849,,Đái tháo đường là suy giảm bài tiết insulin,01_daithaoduong.txt
543,Suy giảm bài tiết insulin,Mechanism,Chưa có,,Là cơ chế sinh bệnh học của,Đái tháo đường loại 2,DiseaseSubtype,C0011860,,"Mặc dù kháng insulin là đặc trưng ở những người mắc bệnh tiểu đường loại 2 và những người có nguy cơ mắc bệnh này, nhưng cũng có bằng chứng về rối loạn chức năng tế bào beta và suy giảm bài tiết insulin tiến triển theo thời gian, bao gồm",01_daithaoduong.txt
544,Suy giảm chức năng hô hấp,Disease,C0035229,,Có triệu chứng cơ năng,Triệu chứng mạn tính,Symptom,C4699979,,"giảm thiểu sự suy giảm chức năng hô hấp và các nguy cơ, bao gồm ngăn ngừa các đợt cấp và giảm thiểu các triệu chứng mạn tính",henphequan.txt
545,Suy giảm chức năng hô hấp,Disease,C0035229,,Dẫn đến biến chứng,Đợt cấp,Complication,C2919376,,"Mục tiêu điều trị là giảm thiểu sự suy giảm chức năng hô hấp và các nguy cơ, bao gồm ngăn ngừa các đợt cấp",henphequan.txt
546,Suy giảm chức năng hô hấp,Disease,C0035229,,Dẫn đến biến chứng,Đợt cấp tính,DiseaseSubtype,C2919376,,"Mục tiêu điều trị là giảm thiểu sự suy giảm chức năng hô hấp và các nguy cơ, bao gồm ngăn ngừa các đợt cấp",henphequan.txt
547,Suy giảm chức năng nghiêm trọng,RiskFactor,C4489230,,Làm tăng nguy cơ mắc,Bệnh phổi tắc nghẽn mạn tính,Disease,C0024117,,"Bệnh nhân có nguy cơ tử vong cao là những bệnh nhân có giảm cân rõ rệt không rõ nguyên nhân hoặc suy giảm chức năng nghiêm trọng (ví dụ những người gặp khó thở với việc tự chăm sóc, chẳng hạn như mặc quần áo, tắm hoặc ăn uống).",01_copd.txt
548,Suy giảm chức năng nghiêm trọng,RiskFactor,C4489230,,Làm tăng nguy cơ mắc,Giới hạn luồng không khí,DiseaseSubtype,C0024117,,"Bệnh nhân có nguy cơ tử vong cao là những bệnh nhân có giảm cân rõ rệt không rõ nguyên nhân hoặc suy giảm chức năng nghiêm trọng (ví dụ những người gặp khó thở với việc tự chăm sóc, chẳng hạn như mặc quần áo, tắm hoặc ăn uống).",01_copd.txt
549,Suy giảm điều hòa glucose,DiseaseSubtype,C4302025,,Làm tăng nguy cơ mắc,Bệnh lý tim mạch,Complication,C0007222,,Yếu tố này có liên quan đến tăng nguy cơ mắc bệnh tim mạch,01_daithaoduong.txt
550,Suy giảm điều hòa glucose,DiseaseSubtype,C4302025,,Làm tăng nguy cơ mắc,Bệnh tim mạch,Disease,C0007222,,Yếu tố này có liên quan đến tăng nguy cơ mắc bệnh tim mạch,01_daithaoduong.txt
551,Suy thận,Complication,C1565489,,Gây tổn thương cơ quan,Hệ thần kinh trung ương,Organ,C3714787,,các trường hợp tăng ure máu cao do suy thận tiến triển có thể biểu hiện bằng hôn mê hoặc buồn nôn.,02_thuocdieutri.txt
552,Suy thận,Disease,C1565489,,Làm tăng nguy cơ mắc,Nhiễm toan lactic,Complication,C0001125,,Metformin có thể gây nhiễm toan lactic ở bệnh nhân suy thận,01_daithaoduong.txt
553,Sàng lọc biến chứng,Test,Chưa có,,Dùng để chẩn đoán,Đái tháo đường loại 2,DiseaseSubtype,C0011860,,"Với bệnh nhân đái tháo đường loại 2, sàng lọc bắt đầu lúc chẩn đoán.",01_daithaoduong.txt
554,Sàng lọc biến chứng đái tháo đường,Test,Chưa có,,Dùng để chẩn đoán,Đái tháo đường loại 1,DiseaseSubtype,C0011854,,Tất cả bệnh nhân với đái tháo đường loại 1 nên bắt đầu sàng lọc biến chứng đái tháo đường sau thời điểm chẩn đoán 5 năm.,01_daithaoduong.txt
555,Sàng lọc biến chứng đái tháo đường,Test,Chưa có,,Dùng để chẩn đoán,Đái tháo đường loại 2,DiseaseSubtype,C0011860,,"Với bệnh nhân đái tháo đường loại 2, sàng lọc bắt đầu lúc chẩn đoán.",01_daithaoduong.txt
556,Sàng lọc đái tháo đường,Test,C0740213,,Dùng để chẩn đoán,Đái tháo đường,Disease,C0011849,,Sàng lọc đái tháo đường nên được tiến hành cho người có tăng nguy cơ.,01_daithaoduong.txt
557,Sản phẩm từ sữa,RiskFactor,C0010947,,Làm tăng nguy cơ mắc,Đái tháo đường loại 1,DiseaseSubtype,C0011854,,"Việc trẻ sơ sinh tiếp xúc với các sản phẩm từ sữa (đặc biệt là sữa bò và protein beta casein trong sữa), lượng nitrat cao trong nước uống và mức tiêu thụ vitamin D thấp có liên quan đến việc tăng nguy cơ mắc bệnh tiểu đường loại 1.",01_daithaoduong.txt
558,Sử dụng cocaine dạng hít,RiskFactor,Chưa có,,Làm tăng nguy cơ mắc,Hen suyễn,Disease,C0004096,,"Trước khi liệu pháp được tăng cường, việc tuân thủ, tiếp xúc với các yếu tố môi trường (ví dụ: tiếp xúc với chất kích thích) và sự hiện diện của các bệnh kèm theo (ví dụ: béo phì, viêm mũi dị ứng, bệnh trào ngược dạ dày thực quản, bệnh phổi tắc nghẽn mạn tính, ngưng thở khi ngủ do tắc nghẽn, rối loạn chức năng dây thanh âm, sử dụng cocaine dạng hít).",henphequan.txt
559,Sử dụng nhiên liệu sinh khối,RiskFactor,Chưa có,,Làm tăng nguy cơ mắc,Bệnh phổi tắc nghẽn mạn tính,Disease,C0024117,,"việc sử dụng rộng rãi nhiên liệu sinh khối, chẳng hạn như gỗ, cỏ hoặc các vật liệu hữu cơ khác, cũng góp phần làm tăng tỷ lệ hiện hành của COPD.",01_copd.txt
560,Sử dụng nhiên liệu sinh khối,RiskFactor,Chưa có,,Làm tăng nguy cơ mắc,Giới hạn luồng không khí,DiseaseSubtype,C0024117,,"việc sử dụng rộng rãi nhiên liệu sinh khối, chẳng hạn như gỗ, cỏ hoặc các vật liệu hữu cơ khác, cũng góp phần làm tăng tỷ lệ hiện hành của COPD.",01_copd.txt
561,Sự cải thiện FEV1 > 12% hoặc tăng >= 10% so với FEV1 dự đoán,Measurement,Chưa có,Thông số: Cải thiện FEV1; Giá trị: > hoặc >=12% hoặc 10% %,Xác định ngưỡng chẩn đoán cho,Hen suyễn,Disease,C0004096,,Sự cải thiện FEV1 > 12% hoặc tăng >= 10% so với FEV1 dự đoán sau dùng thuốc giãn phế quản thể hiện rối loạn thông khí tắc nghẽn có hồi phục,henphequan.txt
562,T hỗ trợ loại 1 (TH1),Mechanism,C0242632,,Là cơ chế sinh bệnh học của,Tế bào Th2,Mechanism,C0242633,,"Sự phơi nhiễm trong thời thơ ấu với vi khuẩn, virus, nội độc tố có thể chuyển cơ thể sang sự phản ứng với T hỗ trợ loại 1 (TH1), ngăn chặn tế bào Th2",henphequan.txt
563,TNF-α,Mechanism,C1456820,,Là cơ chế sinh bệnh học của,Bệnh phổi tắc nghẽn mạn tính,Disease,C0024117,,"Giảm cân có thể xảy ra, có lẽ là do không đủ lượng calo nạp vào và tăng mức độ lưu hành của yếu tố hoại tử khối u (TNF)-alpha.",01_copd.txt
564,TNF-α,Mechanism,C1456820,,Là cơ chế sinh bệnh học của,Giới hạn luồng không khí,DiseaseSubtype,C0024117,,"Giảm cân có thể xảy ra, có lẽ là do không đủ lượng calo nạp vào và tăng mức độ lưu hành của yếu tố hoại tử khối u (TNF)-alpha.",01_copd.txt
565,Teplizumab,Drug,C2743673,,Điều trị,Đái tháo đường loại 1,DiseaseSubtype,C0011854,,sử dụng teplizumab (liệu trình 14 ngày) so với giả dược dẫn đến sự chậm trễ trung bình là 24 tháng trong thời gian chẩn đoán bệnh tiểu đường loại 1,01_daithaoduong.txt
566,Test da,Test,C0037296,,Dùng để chẩn đoán,Hen suyễn,Disease,C0004096,,Test da và đo IgE dị nguyên đặc hiệu thông qua kiểm tra chất hấp thụ radio (RAST) có thể xác định được các tác nhân gây dị ứng cụ thể.,henphequan.txt
567,Thay đổi chế độ ăn uống,Treatment,C0086153,,Điều trị,Rối loạn lipid máu,Disease,C0242339,,"Sự thay đổi chế độ ăn cũng giúp kiểm soát đái tháo đường, béo phì và rối loạn lipid máu.",01_tanghuyetap.txt
568,Thay đổi chế độ ăn uống,Treatment,C0086153,,Điều trị,Đái tháo đường,Disease,C0011849,,Sự thay đổi chế độ ăn cũng giúp kiểm soát đái tháo đường,01_tanghuyetap.txt
569,Thay đổi lối sống,Treatment,C0454378,,Điều trị,Tăng huyết áp,Disease,C0020538,,"Trong số những người được khuyến nghị dùng thuốc điều trị huyết áp và thay đổi lối sống, khả năng kiểm soát huyết áp cao hơn ở người lớn da trắng không phải gốc Tây Ban Nha (31%) so với người lớn da đen không phải gốc Tây Ban Nha (20%), người lớn châu Á không phải gốc Tây Ban Nha (24%) hoặc người lớn gốc Tây Ban Nha (23%) (1).",01_tanghuyetap.txt
570,Thay đổi lối sống,Treatment,C0454378,,Điều trị,Đái tháo đường loại 2,DiseaseSubtype,C0011860,,"Điều chỉnh chế độ ăn uống cho từng trường hợp có thể giúp bệnh nhân kiểm soát sự dao động của glucose và, đối với bệnh nhân đái tháo đường loại 2, giảm cân.",01_daithaoduong.txt
571,Thay đổi điều trị bằng thuốc,Treatment,C0580105,,Điều trị,Tăng huyết áp kháng trị,DiseaseSubtype,C1834155,,Để đạt được mức kiểm soát huyết áp đầy đủ thường đòi hỏi phải đánh giá nhiều lần và thay đổi điều trị bằng thuốc.,01_tanghuyetap.txt
572,Theo dõi huyết áp lưu động,Test,C0242876,,Dùng để chẩn đoán,Tăng huyết áp áo choàng trắng,DiseaseSubtype,C0262534,,Theo dõi huyết áp tại nhà hoặc theo dõi huyết áp lưu động được chỉ định khi nghi ngờ bị tăng huyết áp áo choàng trắng hoặc tăng huyết áp ẩn.,01_tanghuyetap.txt
573,Theo dõi huyết áp lưu động,Test,C0242876,,Dùng để chẩn đoán,Tăng huyết áp ẩn,DiseaseSubtype,C3178811,,Theo dõi huyết áp tại nhà hoặc theo dõi huyết áp lưu động được chỉ định khi nghi ngờ bị tăng huyết áp áo choàng trắng hoặc tăng huyết áp ẩn.,01_tanghuyetap.txt
574,Thiết bị chỉnh hình,Treatment,C0029365,,Điều trị,Khớp thần kinh (Charcot),Disease,C0003892,,Một khớp thần kinh thường có thể được quản lý một cách thích hợp với các thiết bị chỉnh hình,01_daithaoduong.txt
575,Thiếu alpha-1 antitrypsin,Cause,C0221757,,Là nguyên nhân gây ra,Bệnh phổi tắc nghẽn mạn tính,Disease,C0024117,,COPD dường như có tính gia đình do thiếu alpha-1 antitrypsin (thiếu hụt chất ức chế alpha-1 antiprotease).,01_copd.txt
576,Thiếu alpha-1 antitrypsin,Cause,C0221757,,Là nguyên nhân gây ra,Giới hạn luồng không khí,DiseaseSubtype,C0024117,,COPD dường như có tính gia đình do thiếu alpha-1 antitrypsin (thiếu hụt chất ức chế alpha-1 antiprotease).,01_copd.txt
577,Thiếu alpha-1 antitrypsin,Cause,C0221757,,Là nguyên nhân gây ra,Khí phế thũng,DiseaseSubtype,C0034067,,Sự thay đổi khí phế thũng xuất hiện chủ yếu ở đáy phổi gợi ý thiếu alpha-1 antitrypsin.,01_copd.txt
578,Thiếu hụt alpha-1 antitrypsin,DiseaseSubtype,C0221757,,Là nguyên nhân gây ra,Bệnh phổi tắc nghẽn mạn tính,Disease,C0024117,,COPD dường như có tính gia đình do thiếu alpha-1 antitrypsin (thiếu hụt chất ức chế alpha-1 antiprotease).,01_copd.txt
579,Thiếu hụt alpha-1 antitrypsin,DiseaseSubtype,C0221757,,Là nguyên nhân gây ra,Giới hạn luồng không khí,DiseaseSubtype,C0024117,,COPD dường như có tính gia đình do thiếu alpha-1 antitrypsin (thiếu hụt chất ức chế alpha-1 antiprotease).,01_copd.txt
580,Thiếu hụt alpha-1 antitrypsin,DiseaseSubtype,C0221757,,Là nguyên nhân gây ra,Khí phế thũng,DiseaseSubtype,C0034067,,Sự thay đổi khí phế thũng xuất hiện chủ yếu ở đáy phổi gợi ý thiếu alpha-1 antitrypsin.,01_copd.txt
581,Thiếu hụt giáo dục bệnh nhân,RiskFactor,Chưa có,,Làm tăng nguy cơ mắc,Đái tháo đường không ổn định,DiseaseSubtype,C0342302,,Những yếu tố này bao gồm việc giáo dục hoặc hiểu biết của bệnh nhân không đầy đủ dẫn đến sai sót trong sử dụng insulin,01_daithaoduong.txt
582,Thiếu hụt vitamin D,RiskFactor,C0042870,,Làm tăng nguy cơ mắc,Đái tháo đường loại 1,DiseaseSubtype,C0011854,,"Việc trẻ sơ sinh tiếp xúc với các sản phẩm từ sữa (đặc biệt là sữa bò và protein beta casein trong sữa), lượng nitrat cao trong nước uống và mức tiêu thụ vitamin D thấp có liên quan đến việc tăng nguy cơ mắc bệnh tiểu đường loại 1.",01_daithaoduong.txt
583,Thiếu oxy vùng,Mechanism,Chưa có,,Là một phần của cơ chế,Co mạch phổi bù trừ,Mechanism,Chưa có,,tình trạng thiếu oxy vùng và tăng carbonic máu sẽ kích thích sự co mạch phổi bù trừ,henphequan.txt
584,Thuốc chẹn alpha-1 sau synap,DrugClass,Chưa có,,Điều trị,phì đại tuyến tiền liệt,Disease,C1704272,,"Tuy nhiên, thuốc chẹn alpha-1 sau synap có thể được sử dụng ở những bệnh nhân bị phì đại tuyến tiền liệt",02_thuocdieutri.txt
585,Thuốc chẹn beta,DrugClass,C0001645,,Chống chỉ định cho,Hen suyễn,Disease,C0004096,,Thuốc chẹn beta thường nên tránh dùng ở những bệnh nhân bị hen suyễn,02_thuocdieutri.txt
586,Thuốc chẹn beta,DrugClass,C0001645,,Điều trị,Bóc tách động mạch chủ,Disease,C0340643,,"với thuốc chẹn beta, cho bệnh nhân tách thành động mạch chủ.",02_thuocdieutri.txt
587,Thuốc chẹn beta,DrugClass,C0001645,,Điều trị,Nhồi máu cơ tim,Disease,C0027051,,"Tuy nhiên, các loại thuốc này có thể hữu ích ở những bệnh nhân tăng huyết áp có các rối loạn khác có thể được hưởng lợi từ thuốc chẹn beta, chẳng hạn như đau thắt ngực, nhồi máu cơ tim trước đó hoặc suy tim.",02_thuocdieutri.txt
588,Thuốc chẹn beta,DrugClass,C0001645,,Điều trị,Suy tim,Complication,C0018801,,"Tuy nhiên, các loại thuốc này có thể hữu ích ở những bệnh nhân tăng huyết áp có các rối loạn khác có thể được hưởng lợi từ thuốc chẹn beta, chẳng hạn như đau thắt ngực, nhồi máu cơ tim trước đó hoặc suy tim.",02_thuocdieutri.txt
589,Thuốc chẹn beta,DrugClass,C0001645,,Điều trị,Tăng huyết áp,Disease,C0020538,,Thuốc chẹn beta không phải là thuốc bước đầu trong điều trị tăng huyết áp.,02_thuocdieutri.txt
590,Thuốc chẹn beta,DrugClass,C0001645,,Điều trị,Đau thắt ngực,Disease,C0002963,,"các loại thuốc này có thể hữu ích ở những bệnh nhân tăng huyết áp có các rối loạn khác có thể được hưởng lợi từ thuốc chẹn beta, chẳng hạn như đau thắt ngực",02_thuocdieutri.txt
591,Thuốc chẹn beta không chọn lọc,DrugClass,Chưa có,,Chống chỉ định cho,Hen suyễn,Disease,C0004096,,Hen suyễn là một chống chỉ định đối với việc sử dụng các thuốc chẹn beta không chọn lọc,henphequan.txt
592,Thuốc chẹn kênh canxi,DrugClass,C0006684,,Ưu tiên chỉ định cho,Hội chứng Raynaud,Disease,C0034734,,"Thuốc chẹn kênh canxi được ưu tiên sử dụng hơn thuốc chẹn beta ở những bệnh nhân bị đau thắt ngực cũng có bệnh co thắt phế quản, co thắt động mạch vành hoặc hội chứng Raynaud.",02_thuocdieutri.txt
593,Thuốc chẹn kênh canxi,DrugClass,C0006684,,Ưu tiên chỉ định cho,Đau thắt ngực,Disease,C0002963,,thuốc chẹn kênh canxi cho bệnh nhân đau thắt ngực,01_tanghuyetap.txt
594,Thuốc chẹn kênh canxi,DrugClass,C0006684,,Điều trị,Tăng huyết áp,Disease,C0020538,,"Điều trị bao gồm thay đổi lối sống và dùng thuốc, bao gồm thuốc lợi tiểu, thuốc ức chế men chuyển angiotensin (ACE), thuốc ức chế thụ thể angiotensin II và thuốc chẹn kênh canxi.",01_tanghuyetap.txt
595,Thuốc chẹn kênh canxi,DrugClass,C0006684,,Điều trị,Tăng huyết áp do renin thấp nhạy cảm với muối,DiseaseSubtype,Chưa có,,thuốc chẹn kênh canxi hoặc thuốc lợi tiểu thiazide ban đầu vì những loại thuốc này hiệu quả hơn đối với những bệnh nhân bị tăng huyết áp do renin thấp nhạy cảm với muối,01_tanghuyetap.txt
596,Thuốc chẹn kênh canxi,DrugClass,C0006684,,Điều trị,Đau thắt ngực,Disease,C0002963,,Thuốc chẹn kênh canxi được ưu tiên sử dụng hơn thuốc chẹn beta ở những bệnh nhân bị đau thắt ngực,02_thuocdieutri.txt
597,Thuốc chẹn thụ thể angiotensin,DrugClass,C0815017,,Ưu tiên chỉ định cho,Đái tháo đường,Disease,C0011849,,thuốc ức chế ACE hoặc ARB cho bệnh nhân tiểu đường,01_tanghuyetap.txt
598,Thuốc chẹn thụ thể angiotensin,DrugClass,C0815017,,Điều trị,Tăng huyết áp,Disease,C0020538,,"Điều trị bao gồm thay đổi lối sống và dùng thuốc, bao gồm thuốc lợi tiểu, thuốc ức chế men chuyển angiotensin (ACE), thuốc ức chế thụ thể angiotensin II",01_tanghuyetap.txt
599,Thuốc chẹn thụ thể angiotensin,DrugClass,C0815017,,Điều trị,Tăng huyết áp cấp cứu,DiseaseSubtype,C0745136,,Khi có dấu hiệu của tăng huyết áp cấp cứu cần hạ huyết áp ngay lập tức với các thuốc hạ áp.,01_tanghuyetap.txt
600,Thuốc chẹn thụ thể angiotensin,DrugClass,C0815017,,Điều trị,Tăng huyết áp nặng: Huyết áp tâm thu >= 180 mmHg hoặc huyết áp tâm trương >= 120 mmHg,Measurement,C0745136,Thông số: Tăng huyết áp nặng; Huyết áp 180/120 mmHg,Khi có dấu hiệu của tăng huyết áp cấp cứu cần hạ huyết áp ngay lập tức với các thuốc hạ áp.,01_tanghuyetap.txt
601,Thuốc chẹn thụ thể angiotensin (ARB),DrugClass,C0521942,,Điều trị,Bệnh thận do đái tháo đường loại 1,DiseaseSubtype,C0836995,,Hai loại thuốc này có tác dụng tương đương ở bệnh nhân bị suy thất trái hoặc bệnh thận do đái tháo đường loại 1.,02_thuocdieutri.txt
602,Thuốc chẹn thụ thể angiotensin (ARB),DrugClass,C0521942,,Điều trị,Suy thất trái,DiseaseSubtype,C0023212,,Hai loại thuốc này có tác dụng tương đương ở bệnh nhân bị suy thất trái,02_thuocdieutri.txt
603,Thuốc chẹn thụ thể angiotensin (ARB),DrugClass,C0521942,,Điều trị,Tăng huyết áp,Disease,C0020538,,"Điều trị bao gồm thay đổi lối sống và dùng thuốc, bao gồm thuốc lợi tiểu, thuốc ức chế men chuyển angiotensin (ACE), thuốc ức chế thụ thể angiotensin II và thuốc chẹn kênh canxi.",01_tanghuyetap.txt
604,Thuốc chống viêm,DrugClass,C0003209,,Điều trị,Hen suyễn,Disease,C0004096,,Các nghiên cứu thực nghiệm về thuốc giãn phế quản và thuốc chống viêm có thể hữu ích cho cả hai.,henphequan.txt
605,Thuốc chủ vận beta-adrenergic tác dụng kéo dài (LABA),DrugClass,Chưa có,,Điều trị,Bệnh phổi tắc nghẽn mạn tính,Disease,C0024117,,"Điều trị làm giảm các triệu chứng nhanh chóng bằng các thuốc chủ yếu là beta-adrenergic tác dụng ngắn và giảm đợt cấp bằng corticosteroid dạng hít, thuốc beta-adrenergic tác dụng kéo dài, thuốc kháng cholinergic tác dụng kéo dài hoặc một dạng phối hợp .",01_copd.txt
606,Thuốc chủ vận beta-adrenergic tác dụng kéo dài (LABA),DrugClass,Chưa có,,Điều trị,Giới hạn luồng không khí,DiseaseSubtype,C0024117,,"Điều trị làm giảm các triệu chứng nhanh chóng bằng các thuốc chủ yếu là beta-adrenergic tác dụng ngắn và giảm đợt cấp bằng corticosteroid dạng hít, thuốc beta-adrenergic tác dụng kéo dài, thuốc kháng cholinergic tác dụng kéo dài hoặc một dạng phối hợp .",01_copd.txt
607,Thuốc chủ vận beta-adrenergic tác dụng ngắn (SABA),DrugClass,Chưa có,,Điều trị,Bệnh phổi tắc nghẽn mạn tính,Disease,C0024117,,Điều trị làm giảm các triệu chứng nhanh chóng bằng các thuốc chủ yếu là beta-adrenergic tác dụng ngắn,01_copd.txt
608,Thuốc chủ vận beta-adrenergic tác dụng ngắn (SABA),DrugClass,Chưa có,,Điều trị,Giới hạn luồng không khí,DiseaseSubtype,C0024117,,Điều trị làm giảm các triệu chứng nhanh chóng bằng các thuốc chủ yếu là beta-adrenergic tác dụng ngắn,01_copd.txt
609,Thuốc chủ vận thụ thể GLP-1,Measurement,Chưa có,Thông số: Chỉ số Thuốc chủ vận thụ thể GLP-1,Điều trị,Đái tháo đường,Disease,C0011849,,"Ở những người mắc bệnh tiểu đường và béo phì, bác sĩ nên kê đơn thuốc hạ đường huyết để thúc đẩy giảm cân (ví dụ: thuốc chủ vận thụ thể GLP1, thuốc ức chế SGLT-2 hoặc thuốc chủ vận incretin kép) hoặc thuốc có tác dụng trung tính về cân nặng (ví dụ: thuốc ức chế dipeptidyl peptidase-4, metformin), nếu có thể (để biết chi tiết, xem Thuốc điều trị bệnh tiểu đường).",01_daithaoduong.txt
610,Thuốc chủ vận thụ thể GLP-1,Measurement,Chưa có,Thông số: Chỉ số Thuốc chủ vận thụ thể GLP-1,Điều trị,Đái tháo đường loại 2,DiseaseSubtype,C0011860,,"Đối với bệnh tiểu đường loại 2, thuốc hạ đường huyết đường uống, thuốc tiêm không phải insulin như thuốc chủ vận thụ thể peptide-1 (GLP-1) giống glucagon",01_daithaoduong.txt
611,Thuốc cường beta-2,DrugClass,C2936789,,Điều trị,Hen suyễn,Disease,C0004096,,"Điều trị liên quan đến kiểm soát các yếu tố khởi phát và điều trị bằng thuốc, thường dùng nhất là thuốc cường beta-2 và corticosteroid dạng hít.",henphequan.txt
612,Thuốc cường beta-2 tác dụng ngắn,DrugClass,Chưa có,,Điều trị,Bệnh hen do tập luyện,Disease,C0004099,,Hen do gắng sức thường có thể được ngăn ngừa bằng dùng thuốc cường beta-2 tác dụng ngắn dạng hít dự phòng,henphequan.txt
613,Thuốc cường beta-2 tác dụng ngắn,DrugClass,Chưa có,,Điều trị,Hen do gắng sức,DiseaseSubtype,C0004099,,Hen do gắng sức thường có thể được ngăn ngừa bằng dùng thuốc cường beta-2 tác dụng ngắn dạng hít dự phòng,henphequan.txt
614,Thuốc giãn phế quản,DrugClass,C0006280,,Điều trị,Bệnh phổi tắc nghẽn mạn tính,Disease,C0024117,,trong khi đáp ứng đáng kể với thuốc giãn phế quản dự đoán thời gian sống thêm được cải thiện.,01_copd.txt
615,Thuốc giãn phế quản,DrugClass,C0006280,,Điều trị,Giới hạn luồng không khí,DiseaseSubtype,C0024117,,trong khi đáp ứng đáng kể với thuốc giãn phế quản dự đoán thời gian sống thêm được cải thiện.,01_copd.txt
616,Thuốc giãn phế quản,DrugClass,C0006280,,Điều trị,Hen kích ứng,Disease,Chưa có,,"RADS và hen kích ứng mạn tính có nhiều điểm tương đồng về lâm sàng với hen (ví dụ: thở khò khè, khó thở, ho, có hạn chế luồng khí, tăng đáp ứng phế quản) và đáp ứng đáng kể với thuốc giãn phế quản và thường là corticosteroid.",henphequan.txt
617,Thuốc giãn phế quản,DrugClass,C0006280,,Điều trị,Hen suyễn,Disease,C0004096,,Các nhóm thuốc chính thường được sử dụng trong điều trị hen suyễn và cơn hen kịch phát bao gồm Thuốc giãn phế quản,henphequan.txt
618,Thuốc giãn phế quản,DrugClass,C0006280,,Điều trị,RADS,Disease,C1299633,,"RADS và hen kích ứng mạn tính có nhiều điểm tương đồng về lâm sàng với hen (ví dụ: thở khò khè, khó thở, ho, có hạn chế luồng khí, tăng đáp ứng phế quản) và đáp ứng đáng kể với thuốc giãn phế quản và thường là corticosteroid.",henphequan.txt
619,Thuốc giãn phế quản,DrugClass,C0006280,,Điều trị,Đợt cấp hen suyễn,DiseaseSubtype,C0340066,,Các nhóm thuốc chính thường được sử dụng trong điều trị hen suyễn và cơn hen kịch phát bao gồm Thuốc giãn phế quản,henphequan.txt
620,Thuốc giãn phế quản dạng hít,DrugClass,C0578554,,Điều trị,Đợt cấp hen suyễn,DiseaseSubtype,C0340066,,Điều trị bao gồm Thuốc giãn phế quản dạng hít (thuốc chủ vận beta và thuốc kháng cholinergic),henphequan.txt
621,Thuốc giãn phế quản tác dụng dài,DrugClass,Chưa có,,Điều trị,Hen suyễn,Disease,C0004096,,"Kiểm soát bệnh hen mạn tính với các thuốc điều chỉnh phản ứng dị ứng và miễn dịch - thường là corticosteroid hít - với các thuốc khác (ví dụ thuốc giãn phế quản tác dụng dài, thuốc ổn định tế bào mast, thuốc ức chế leukotriene) được thêm vào dựa trên mức độ hen.",henphequan.txt
622,Thuốc giãn phế quản tác dụng ngắn,DrugClass,Chưa có,,Điều trị,Bệnh hen do tập luyện,Disease,C0004099,,"Thay vào đó, một thuốc giãn phế quản tác dụng ngắn được dự phòng trước khi tập thể dục và khi cần thiết trong hoặc sau khi tập thể dục",henphequan.txt
623,Thuốc giãn phế quản tác dụng ngắn,DrugClass,Chưa có,,Điều trị,Hen do gắng sức,DiseaseSubtype,C0004099,,"Thay vào đó, một thuốc giãn phế quản tác dụng ngắn được dự phòng trước khi tập thể dục và khi cần thiết trong hoặc sau khi tập thể dục",henphequan.txt
624,Thuốc giảm lo âu,Drug,C0040616,,Điều trị,Tăng huyết áp khẩn cấp,DiseaseSubtype,C0745138,,Điều trị lo âu bằng cách tư vấn và/hoặc sử dụng thuốc giảm lo âu thường hữu ích trong việc giảm huyết áp và do đó làm giảm tỷ lệ tăng huyết áp khẩn cấp.,02_thuocdieutri.txt
625,Thuốc gây hạ đường huyết,DrugClass,C0020616,,Điều trị,Hạ đường huyết,DiseaseSubtype,C0020615,,Các ứng cử viên tiềm năng để kiểm soát đường huyết chặt chẽ hơn bao gồm Bệnh nhân không được điều trị bằng thuốc gây hạ đường huyết,01_daithaoduong.txt
626,Thuốc hạ huyết áp đường tĩnh mạch,Drug,Chưa có,,Điều trị,Tăng huyết áp cấp cứu,DiseaseSubtype,C0745136,,Điều trị là giảm huyết áp ngay lập tức bằng thuốc hạ huyết áp theo đường tĩnh mạch.,02_thuocdieutri.txt
627,Thuốc hạ huyết áp đường tĩnh mạch,Drug,Chưa có,,Điều trị,Tăng huyết áp nặng: Huyết áp tâm thu >= 180 mmHg hoặc huyết áp tâm trương >= 120 mmHg,Measurement,C0745136,Thông số: Tăng huyết áp nặng; Huyết áp 180/120 mmHg,Điều trị là giảm huyết áp ngay lập tức bằng thuốc hạ huyết áp theo đường tĩnh mạch.,02_thuocdieutri.txt
628,Thuốc hạ áp,DrugClass,C0003364,,Điều trị,Tăng huyết áp,Disease,C0020538,,Tăng huyết áp được định nghĩa là huyết áp tâm thu (HA) >= 130 mm Hg hoặc huyết áp tâm trương >= 80 mm Hg hoặc đang dùng thuốc điều trị tăng huyết áp.,01_tanghuyetap.txt
629,Thuốc hạ áp,DrugClass,C0003364,,Điều trị,Tăng huyết áp khi mang thai,DiseaseSubtype,C0852036,,Điều trị tăng huyết áp khi mang thai đòi hỏi phải lựa chọn thuốc cẩn thận vì một số loại thuốc hạ huyết áp có thể gây hại cho thai nhi.,01_tanghuyetap.txt
630,Thuốc hạ đường huyết không insulin,DrugClass,C5676266,,Điều trị,Đái tháo đường loại 2,DiseaseSubtype,C0011860,,sau đó dùng thuốc hạ đường huyết không insulin (thường là metformin) nếu thay đổi lối sống không đủ.,01_daithaoduong.txt
631,Thuốc hạ đường huyết đường uống,DrugClass,C5817333,,Điều trị,Đái tháo đường loại 2,DiseaseSubtype,C0011860,,Hầu hết bệnh nhân bị bệnh tiểu đường loại 2 chỉ được điều trị bằng thuốc hạ đường huyết đường uống đều duy trì nồng độ glucose chấp nhận được khi nhịn ăn và có thể không cần dùng insulin trong giai đoạn chu phẫu.,01_daithaoduong.txt
632,Thuốc kháng cholinergic tác dụng kéo dài (LAMA),DrugClass,Chưa có,,Điều trị,Bệnh phổi tắc nghẽn mạn tính,Disease,C0024117,,"Điều trị làm giảm các triệu chứng nhanh chóng bằng các thuốc chủ yếu là beta-adrenergic tác dụng ngắn và giảm đợt cấp bằng corticosteroid dạng hít, thuốc beta-adrenergic tác dụng kéo dài, thuốc kháng cholinergic tác dụng kéo dài hoặc một dạng phối hợp .",01_copd.txt
633,Thuốc kháng cholinergic tác dụng kéo dài (LAMA),DrugClass,Chưa có,,Điều trị,Giới hạn luồng không khí,DiseaseSubtype,C0024117,,"Điều trị làm giảm các triệu chứng nhanh chóng bằng các thuốc chủ yếu là beta-adrenergic tác dụng ngắn và giảm đợt cấp bằng corticosteroid dạng hít, thuốc beta-adrenergic tác dụng kéo dài, thuốc kháng cholinergic tác dụng kéo dài hoặc một dạng phối hợp .",01_copd.txt
634,Thuốc lợi tiểu,DrugClass,C0012798,,Điều trị,Tăng huyết áp,Disease,C0020538,,"Điều trị bao gồm thay đổi lối sống và dùng thuốc, bao gồm thuốc lợi tiểu, thuốc ức chế men chuyển angiotensin (ACE), thuốc ức chế thụ thể angiotensin II và thuốc chẹn kênh canxi.",01_tanghuyetap.txt
635,Thuốc lợi tiểu giữ kali,DrugClass,C0304490,,Điều trị,Tăng huyết áp,Disease,C0020538,,Thuốc lợi tiểu giữ kali không hiệu quả bằng thuốc lợi tiểu loại thiazid trong việc kiểm soát tăng huyết áp,02_thuocdieutri.txt
636,Thuốc lợi tiểu quai,DrugClass,C0354100,,Điều trị,Tăng huyết áp,Disease,C0020538,,Thuốc lợi tiểu quai chỉ được sử dụng để điều trị tăng huyết áp ở những bệnh nhân có GFR ước tính < 30 mL/phút,02_thuocdieutri.txt
637,Thuốc lợi tiểu thiazid,DrugClass,C0012802,,Điều trị,Tăng huyết áp do renin thấp nhạy cảm với muối,DiseaseSubtype,Chưa có,,thuốc lợi tiểu thiazide ban đầu vì những loại thuốc này hiệu quả hơn đối với những bệnh nhân bị tăng huyết áp do renin thấp nhạy cảm với muối,01_tanghuyetap.txt
638,Thuốc lợi tiểu thiazid,DrugClass,C0012802,,Điều trị,Đái tháo đường,Disease,C0011849,,"Ở hầu hết bệnh nhân đái tháo đường, thuốc lợi tiểu thiazid không ảnh hưởng đến việc kiểm soát bệnh.",02_thuocdieutri.txt
639,Thuốc tiêm truyền,DrugClass,C4040199,,Điều trị,Tăng huyết áp cấp cứu,DiseaseSubtype,C0745136,,"Để biết về điều trị các trường hợp tăng huyết áp cấp cứu, xem bảng Thuốc tiêm truyền trong trường hợp tăng huyết áp cấp cứu.",02_thuocdieutri.txt
640,Thuốc tiêm truyền,DrugClass,C4040199,,Điều trị,Tăng huyết áp nặng: Huyết áp tâm thu >= 180 mmHg hoặc huyết áp tâm trương >= 120 mmHg,Measurement,C0745136,Thông số: Tăng huyết áp nặng; Huyết áp 180/120 mmHg,"Để biết về điều trị các trường hợp tăng huyết áp cấp cứu, xem bảng Thuốc tiêm truyền trong trường hợp tăng huyết áp cấp cứu.",02_thuocdieutri.txt
641,Thuốc tác dụng kéo dài,DrugClass,C1135768,,Điều trị,Hen suyễn,Disease,C0004096,,"Thuốc tác dụng kéo dài ngăn ngừa các vấn đề (như sự bất tiện, lúng túng) khi phải dùng thuốc ở trường.",henphequan.txt
642,Thuốc tâm thần,DrugClass,C0033978,,Điều trị,Rối loạn ăn uống,Disease,C0013473,,"Điều trị thường liên quan đến giám sát y tế chuyên sâu kết hợp với can thiệp tâm lý xã hội (ví dụ, cố vấn hoặc nhóm hỗ trợ), liệu pháp cá nhân hoặc gia đình và thuốc tâm thần khi được chỉ định.",01_daithaoduong.txt
643,Thuốc điều biến leukotriene,DrugClass,Chưa có,,Điều trị,Hen nhạy cảm aspirin,DiseaseSubtype,C3853540,,Thuốc điều biến leukotriene có thể làm chậm phản ứng đối với NSAID.,henphequan.txt
644,Thuốc điều trị tăng huyết áp thứ ba,Drug,Chưa có,,Điều trị,Tăng huyết áp,Disease,C0020538,,"Nếu không đạt được huyết áp mục tiêu bằng 2 loại thuốc, một loại thuốc thứ ba trong số các loại thuốc ban đầu sẽ được thêm vào.",01_tanghuyetap.txt
645,Thuốc đối kháng muscarinic tác dụng kéo dài,DrugClass,Chưa có,,Chống chỉ định cho,Hen suyễn,Disease,C0004096,,"Trẻ em > 5 tuổi bị hen suyễn có thể được điều trị tương tự như người lớn, ngoại trừ việc không khuyến nghị dùng thuốc đối kháng muscarinic tác dụng kéo dài.",henphequan.txt
646,Thuốc đối kháng thụ thể mineralocorticoid,DrugClass,C1579268,,Điều trị,Tăng huyết áp,Disease,C0020538,,"Nếu loại thuốc thứ ba đó không được dung nạp hoặc bị chống chỉ định, có thể sử dụng một loại thuốc khác (ví dụ: thuốc đối kháng aldosterone).",01_tanghuyetap.txt
647,Thuốc đối kháng thụ thể mineralocorticoid,DrugClass,C1579268,,Điều trị,Tăng huyết áp kháng trị,DiseaseSubtype,C1834155,,Việc sử dụng thuốc đối kháng thụ thể mineralocorticoid có thể có lợi trong việc đạt được huyết áp mục tiêu.,01_tanghuyetap.txt
648,Thuốc ổn định tế bào mast,DrugClass,C1268905,,Điều trị,Bệnh hen do tập luyện,Disease,C0004099,,Hen do gắng sức thường có thể được ngăn ngừa bằng dùng thuốc cường beta-2 tác dụng ngắn dạng hít dự phòng hoặc thuốc ổn định tế bào mast trước khi bắt đầu tập thể dục.,henphequan.txt
649,Thuốc ổn định tế bào mast,DrugClass,C1268905,,Điều trị,Hen do gắng sức,DiseaseSubtype,C0004099,,Hen do gắng sức thường có thể được ngăn ngừa bằng dùng thuốc cường beta-2 tác dụng ngắn dạng hít dự phòng hoặc thuốc ổn định tế bào mast trước khi bắt đầu tập thể dục.,henphequan.txt
650,Thuốc ổn định tế bào mast,DrugClass,C1268905,,Điều trị,Hen suyễn,Disease,C0004096,,"Kiểm soát bệnh hen mạn tính với các thuốc điều chỉnh phản ứng dị ứng và miễn dịch - thường là corticosteroid hít - với các thuốc khác (ví dụ thuốc giãn phế quản tác dụng dài, thuốc ổn định tế bào mast, thuốc ức chế leukotriene) được thêm vào dựa trên mức độ hen.",henphequan.txt
651,Thuốc ức chế TNF-alpha,DrugClass,Chưa có,,Điều trị,Đái tháo đường loại 1,DiseaseSubtype,C0011854,,"Antithymocyte globulin (ATG), thuốc ức chế TNF-alpha (yếu tố hoại tử khối u-alpha) và abatacept (CTLA-4-Ig) đã cho thấy một số hứa hẹn trong việc bảo tồn chức năng tế bào beta ở bệnh đái tháo đường loại 1 mới khởi phát",01_daithaoduong.txt
652,Thuốc ức chế bơm proton,DrugClass,C0358591,,Điều trị,Bệnh trào ngược dạ dày thực quản (GERD),Disease,C0017168,,"điều trị GERD không có triệu chứng (ví dụ, với thuốc ức chế bơm proton)",henphequan.txt
653,Thuốc ức chế hệ RAAS,DrugClass,Chưa có,,Điều trị,Đái tháo đường loại 2,DiseaseSubtype,C0011860,,"Để ngăn ngừa các biến chứng, thường dùng thuốc chẹn hệ thống renin-angiotensin-aldosterone (thuốc ức chế men chuyển angiotensin hoặc thuốc ức chế thụ thể angiotensin II) và nhóm thuốc statin",01_daithaoduong.txt
654,Thuốc ức chế leukotriene,DrugClass,C0595726,,Điều trị,Hen suyễn,Disease,C0004096,,"Trẻ nhỏ và trẻ em < 5 tuổi cần điều trị > 2 lần/tuần nên được dùng thuốc chống viêm hàng ngày với corticosteroid dạng hít (ưu tiên), thuốc đối kháng thụ thể leukotriene, hoặc cromolyn.",henphequan.txt
655,Thuốc ức chế men chuyển (ACE),DrugClass,C0003015,,Chống chỉ định cho,Phụ nữ có thai,PatientGroup,C0033011,,ACEI chống chỉ định với phụ nữ có thai.,02_thuocdieutri.txt
656,Thuốc ức chế men chuyển (ACE),DrugClass,C0003015,,Ưu tiên chỉ định cho,Đái tháo đường,Disease,C0011849,,thuốc ức chế ACE hoặc ARB cho bệnh nhân tiểu đường,01_tanghuyetap.txt
657,Thuốc ức chế men chuyển (ACE),DrugClass,C0003015,,Điều trị,Tăng huyết áp,Disease,C0020538,,"Điều trị bao gồm thay đổi lối sống và dùng thuốc, bao gồm thuốc lợi tiểu, thuốc ức chế men chuyển angiotensin (ACE), thuốc ức chế thụ thể angiotensin II và thuốc chẹn kênh canxi.",01_tanghuyetap.txt
658,Thuốc ức chế men chuyển (ACE),DrugClass,C0003015,,Điều trị,Tăng huyết áp cấp cứu,DiseaseSubtype,C0745136,,Khi có dấu hiệu của tăng huyết áp cấp cứu cần hạ huyết áp ngay lập tức với các thuốc hạ áp.,01_tanghuyetap.txt
659,Thuốc ức chế men chuyển (ACE),DrugClass,C0003015,,Điều trị,Tăng huyết áp nặng: Huyết áp tâm thu >= 180 mmHg hoặc huyết áp tâm trương >= 120 mmHg,Measurement,C0745136,Thông số: Tăng huyết áp nặng; Huyết áp 180/120 mmHg,Khi có dấu hiệu của tăng huyết áp cấp cứu cần hạ huyết áp ngay lập tức với các thuốc hạ áp.,01_tanghuyetap.txt
660,Thuốc ức chế men chuyển (ACE),DrugClass,C0003015,,Điều trị,Đái tháo đường,Disease,C0011849,,Vì những loại thuốc này có tác dụng bảo vệ thận nên các thuốc này (cùng với thuốc chẹn thụ thể angiotensin II) là loại thuốc được lựa chọn cho bệnh nhân tiểu đường.,02_thuocdieutri.txt
661,Thất bại tự điều hòa lưu lượng máu não,Mechanism,Chưa có,,Là cơ chế sinh bệnh học của,Bệnh não do tăng huyết áp,Disease,C0151620,,Bệnh não do tăng huyết áp có thể liên quan đến tình trạng thất bại trong quá trình tự điều hòa lưu lượng máu ở não.,02_thuocdieutri.txt
662,Thất bại tự điều hòa lưu lượng máu não,Mechanism,Chưa có,,Là cơ chế sinh bệnh học của,Bệnh não tăng huyết áp,Complication,C0151620,,Bệnh não do tăng huyết áp có thể liên quan đến tình trạng thất bại trong quá trình tự điều hòa lưu lượng máu ở não.,02_thuocdieutri.txt
663,Thể tích huyết tương,Mechanism,C0032127,,Là cơ chế sinh bệnh học của,Tăng huyết áp tiên phát,DiseaseSubtype,C0085580,,"trong tăng huyết áp tiên phát huyết động và các thành phần sinh lý (ví dụ: thể tích huyết tương, hoạt động của hệ renin-angiotensin) rất biến đổi",01_tanghuyetap.txt
664,Thời gian khởi phát RADS: vài phút đến vài giờ,Measurement,Chưa có,Thông số: Thời gian khởi phát; max_value: 24,Xác định ngưỡng chẩn đoán cho,RADS,Disease,C1299633,,"Hội chứng rối loạn chức năng đường thở phản ứng (RADS) là sự khởi phát nhanh chóng (vài phút đến vài giờ, nhưng không phải > 24 giờ) của một hội chứng giống hen suyễn",henphequan.txt
665,"Thời gian khởi phát RADS: vài phút đến vài giờ, không quá 24 giờ",Measurement,Chưa có,Thông số: Thời gian khởi phát; max_value: 24,Xác định ngưỡng chẩn đoán cho,RADS,Disease,C1299633,,"Hội chứng rối loạn chức năng đường thở phản ứng (RADS) là sự khởi phát nhanh chóng (vài phút đến vài giờ, nhưng không phải > 24 giờ) của một hội chứng giống hen suyễn",henphequan.txt
666,Thời gian kiểm soát hen suyễn tốt: >= 3 tháng,Measurement,Chưa có,Thông số: Thời gian kiểm soát hen suyễn tốt; Giá trị: >=3 tháng; min_value: 3,Xác định ngưỡng chẩn đoán cho,Hen suyễn,Disease,C0004096,,"Một khi hen suyễn đã được kiểm soát tốt trong ít nhất 3 tháng, thuốc điều trị có thể giảm đến mức tối thiểu duy trì sự kiểm soát tốt (xuống bậc).",henphequan.txt
667,Thời gian ngủ tối ưu > 6 giờ/đêm,Treatment,Chưa có,,Điều trị,Tăng huyết áp,Disease,C0020538,,việc tối ưu hóa chất lượng và thời gian ngủ (> 6 giờ/đêm) giúp cải thiện khả năng kiểm soát huyết áp ở những bệnh nhân mắc bệnh thận mạn tính.,01_tanghuyetap.txt
668,Thời gian sàng lọc biến chứng sau chẩn đoán ĐTĐ Type 1: 5 năm,Measurement,Chưa có,Thông số: Thời gian sàng lọc biến chứng sau chẩn đoán; Giá trị: 5 năm,Xác định ngưỡng chẩn đoán cho,Đái tháo đường loại 1,DiseaseSubtype,C0011854,,Tất cả bệnh nhân với đái tháo đường loại 1 nên bắt đầu sàng lọc biến chứng đái tháo đường sau thời điểm chẩn đoán 5 năm.,01_daithaoduong.txt
669,Thủ thuật giảm thể tích phổi,Treatment,C0524689,,Điều trị,Bệnh phổi tắc nghẽn mạn tính,Disease,C0024117,,Các thủ thuật giảm thể tích phổi hoặc cấy ghép được sử dụng trong bệnh tiến triển.,01_copd.txt
670,Thủ thuật giảm thể tích phổi,Treatment,C0524689,,Điều trị,Giới hạn luồng không khí,DiseaseSubtype,C0024117,,Các thủ thuật giảm thể tích phổi hoặc cấy ghép được sử dụng trong bệnh tiến triển.,01_copd.txt
671,Thử glucose máu,Test,C0587359,,Dùng để chẩn đoán,Đái tháo đường không ổn định,DiseaseSubtype,C0342302,,"Tiếp cận ban đầu là xem xét cẩn thận kĩ thuật tự chăm sóc, gồm bảo quản, tiêm insulin và thử glucose máu.",01_daithaoduong.txt
672,Tirzepatide,Drug,C5139934,,Điều trị,Đái tháo đường loại 2,DiseaseSubtype,C0011860,,Bệnh nhân béo phì cũng có thể được hưởng lợi từ tác dụng giảm cân của liệu pháp thuốc chủ vận thụ thể GLP-1 hoặc từ việc sử dụng tirzepatide,01_daithaoduong.txt
673,"Tiêm chủng dự phòng (Cúm, Phế cầu, COVID-19, RSV)",Treatment,Chưa có,,Điều trị,Bệnh phổi tắc nghẽn mạn tính,Disease,C0024117,,"Tiêm chủng cúm, phế cầu, COVID-19 và vi rút hợp bào hô hấp ([RSV] ở bệnh nhân >= 60 tuổi) cũng nên được thực hiện như một biện pháp phòng ngừa.",01_copd.txt
674,"Tiêm chủng dự phòng (Cúm, Phế cầu, COVID-19, RSV)",Treatment,Chưa có,,Điều trị,Giới hạn luồng không khí,DiseaseSubtype,C0024117,,"Tiêm chủng cúm, phế cầu, COVID-19 và vi rút hợp bào hô hấp ([RSV] ở bệnh nhân >= 60 tuổi) cũng nên được thực hiện như một biện pháp phòng ngừa.",01_copd.txt
675,Tiêm chủng phòng ngừa,Treatment,C0042196,,Điều trị,Bệnh phổi tắc nghẽn mạn tính,Disease,C0024117,,"Tiêm chủng cúm, phế cầu, COVID-19 và vi rút hợp bào hô hấp ([RSV] ở bệnh nhân >= 60 tuổi) cũng nên được thực hiện như một biện pháp phòng ngừa.",01_copd.txt
676,Tiêm chủng phòng ngừa,Treatment,C0042196,,Điều trị,COVID-19,Measurement,Chưa có,Thông số: Chỉ số COVID-19,"Tất cả bệnh nhân mắc bệnh tiểu đường nên được tiêm vắc xin phòng ngừa Streptococcus pneumoniae, vi rút cúm, viêm gan B, thủy đậu và SARS-CoV-2 theo khuyến nghị tiêu chuẩn.",01_daithaoduong.txt
677,Tiêm chủng phòng ngừa,Treatment,C0042196,,Điều trị,Cúm,Disease,C0021400,,"Tất cả bệnh nhân mắc bệnh tiểu đường nên được tiêm vắc xin phòng ngừa Streptococcus pneumoniae, vi rút cúm, viêm gan B, thủy đậu và SARS-CoV-2 theo khuyến nghị tiêu chuẩn.",01_daithaoduong.txt
678,Tiêm chủng phòng ngừa,Treatment,C0042196,,Điều trị,Giới hạn luồng không khí,DiseaseSubtype,C0024117,,"Tiêm chủng cúm, phế cầu, COVID-19 và vi rút hợp bào hô hấp ([RSV] ở bệnh nhân >= 60 tuổi) cũng nên được thực hiện như một biện pháp phòng ngừa.",01_copd.txt
679,Tiêm chủng phòng ngừa,Treatment,C0042196,,Điều trị,Streptococcus pneumoniae,Disease,C0038410,,Tất cả bệnh nhân mắc bệnh tiểu đường nên được tiêm vắc xin phòng ngừa Streptococcus pneumoniae,01_daithaoduong.txt
680,Tiêm chủng phòng ngừa,Treatment,C0042196,,Điều trị,Thủy đậu,Disease,C0008049,,"Tất cả bệnh nhân mắc bệnh tiểu đường nên được tiêm vắc xin phòng ngừa Streptococcus pneumoniae, vi rút cúm, viêm gan B, thủy đậu và SARS-CoV-2 theo khuyến nghị tiêu chuẩn.",01_daithaoduong.txt
681,Tiêm chủng phòng ngừa,Treatment,C0042196,,Điều trị,Viêm gan B,Disease,C0019163,,"Tất cả bệnh nhân mắc bệnh tiểu đường nên được tiêm vắc xin phòng ngừa Streptococcus pneumoniae, vi rút cúm, viêm gan B, thủy đậu và SARS-CoV-2 theo khuyến nghị tiêu chuẩn.",01_daithaoduong.txt
682,Tiêu chuẩn chẩn đoán viêm phế quản mạn tính: ho có đờm >= 3 tháng/năm trong 2 năm liên tiếp,Measurement,Chưa có,Thông số: Thời gian ho có đờm; min_value: 3; duration: 2 năm liên tiếp,Xác định ngưỡng chẩn đoán cho,Viêm phế quản mạn tính,Disease,C0008677,,Viêm phế quản mạn tính được định nghĩa là ho có đờm trong hầu hết các ngày trong tuần ít nhất là 3 tháng trong 2 năm liên tiếp.,01_copd.txt
683,Tiêu chí lâm sàng,Test,C5549662,,Dùng để chẩn đoán,Đợt cấp hen,Complication,C0340061,,Bệnh nhân hen có đợt cấp được đánh giá dựa trên các tiêu chí lâm sàng,henphequan.txt
684,Tiêu chí lâm sàng,Test,C5549662,,Dùng để chẩn đoán,Đợt cấp hen phế quản,DiseaseSubtype,C0340061,,Bệnh nhân hen có đợt cấp được đánh giá dựa trên các tiêu chí lâm sàng,henphequan.txt
685,Tiếp xúc chất kích thích hô hấp,RiskFactor,Chưa có,,Làm tăng nguy cơ mắc,Đợt cấp COPD,DiseaseSubtype,C0340044,,"Nguyên nhân cụ thể của bất kỳ đợt cấp nào không phải lúc nào cũng xác định được, nhưng các đợt cấp thường được cho là do các vi rút gây các bệnh nhiễm trùng đường hô hấp trên, viêm phế quản cấp do vi khuẩn hoặc tiếp xúc với các chất kích thích hô hấp.",01_copd.txt
686,Tiếp xúc với chất kích thích,RiskFactor,C5768267,,Làm tăng nguy cơ mắc,Hen suyễn,Disease,C0004096,,tiếp xúc với các yếu tố môi trường (ví dụ: tiếp xúc với chất kích thích),henphequan.txt
687,Tiết insulin,Mechanism,C1256369,,Là cơ chế sinh bệnh học của,Giai đoạn trăng mật,DiseaseSubtype,Chưa có,,giai đoạn trăng mật) do quá trình tiết insulin được phục hồi một phần.,01_daithaoduong.txt
688,Tiết insulin,Mechanism,C1256369,,Là cơ chế sinh bệnh học của,Tăng đường huyết,DiseaseSubtype,C0020456,,Tăng đường huyết phát triển khi tiết insulin không đáp ứng đủ so với kháng insulin.,01_daithaoduong.txt
689,Tiền sử,Test,C0262926,,Dùng để chẩn đoán,Bệnh phổi tắc nghẽn mạn tính,Disease,C0024117,,"Chẩn đoán được gợi ý dựa trên bệnh sử, khám thực thể, kết quả chẩn đoán hình ảnh ngực và được xác nhận bằng các xét kiểm tra chức năng phổi.",01_copd.txt
690,Tiền sử,Test,C0262926,,Dùng để chẩn đoán,Giới hạn luồng không khí,DiseaseSubtype,C0024117,,"Chẩn đoán được gợi ý dựa trên bệnh sử, khám thực thể, kết quả chẩn đoán hình ảnh ngực và được xác nhận bằng các xét kiểm tra chức năng phổi.",01_copd.txt
691,Tiền sử,Test,C0262926,,Dùng để chẩn đoán,Hen suyễn,Disease,C0004096,,"Việc chẩn đoán được dựa trên tiền sử, khám lâm sàng và đo chức năng hô hấp.",henphequan.txt
692,Tiền sử,Test,C0262926,,Dùng để chẩn đoán,Tăng huyết áp,Disease,C0020538,,"Tiền sử, khám thực thể, và các xét nghiệm cận lâm sàng khác giúp xác định nguyên nhân và xác định xem đã có tổn thương các cơ quan đích hay chưa.",01_tanghuyetap.txt
693,Tiền sử gia đình,RiskFactor,C0241889,,Làm tăng nguy cơ mắc,Đái tháo đường loại 1,DiseaseSubtype,C0011854,,Những người có nguy cơ cao mắc bệnh tiểu đường loại 1 (ví dụ: anh chị em ruột và con cái của người mắc bệnh tiểu đường loại 1),01_daithaoduong.txt
694,Tiền sử gia đình bị tăng huyết áp,RiskFactor,C0455405,,Làm tăng nguy cơ mắc,Tăng huyết áp,Disease,C0020538,,đặc biệt là ở những bệnh nhân trẻ có tiền sử gia đình bị tăng huyết áp.,01_tanghuyetap.txt
695,Tiền sử nhập viện do đợt cấp,RiskFactor,Chưa có,,Làm tăng nguy cơ mắc,Tử vong,Complication,C1306577,,"Các yếu tố nguy cơ tử vong bao gồm việc tăng nhu cầu sử dụng corticosteroid đường uống trước khi nhập viện, các đợt nhập viện trước đây do đợt cấp và giá trị lưu lượng đỉnh thở ra khi nhập viện thấp hơn.",henphequan.txt
696,Triệt đốt thần kinh giao cảm động mạch thận bằng tần số vô tuyến,Treatment,C5923646,,Điều trị,Tăng huyết áp kháng trị,DiseaseSubtype,C1834155,,Các thiết bị như vậy được sử dụng ở Châu Âu và Úc để điều trị tăng huyết áp kháng thuốc.,01_tanghuyetap.txt
697,Trọng lượng cơ thể thấp,RiskFactor,C0041667,,Làm tăng nguy cơ mắc,Bệnh phổi tắc nghẽn mạn tính,Disease,C0024117,,Trọng lượng cơ thể thấp và rối loạn hô hấp ở trẻ em cũng góp phần gây nguy cơ bị COPD.,01_copd.txt
698,Trọng lượng cơ thể thấp,RiskFactor,C0041667,,Làm tăng nguy cơ mắc,Giới hạn luồng không khí,DiseaseSubtype,C0024117,,Trọng lượng cơ thể thấp và rối loạn hô hấp ở trẻ em cũng góp phần gây nguy cơ bị COPD.,01_copd.txt
699,Trục lệch phải > 110°,Measurement,Chưa có,Thông số: Trục điện tim; Giá trị: >110 độ,Xác định ngưỡng chẩn đoán cho,Phì đại thất phải,DiseaseSubtype,C0162770,,Dấu hiệu phì đại thất phải bao gồm sóng R hoặc R′ cao bằng hoặc cao hơn sóng S ở chuyển đạo V1; sóng R nhỏ hơn sóng S ở chuyển đạo V6; trục lệch phải > 110° không có blốc nhánh phải; hoặc phối hợp nào đó của những dấu hiệu này.,01_copd.txt
700,Tuổi,RiskFactor,C0242383,,Làm tăng nguy cơ mắc,Tăng huyết áp,Disease,C0020538,,Huyết áp tăng dần theo tuổi.,01_tanghuyetap.txt
701,Tuổi dậy thì sớm,RiskFactor,C0034013,,Làm tăng nguy cơ mắc,Hen suyễn,Disease,C0004096,,"Giới nữ, hút thuốc, tuổi dậy thì sớm, nhạy cảm với bọ ve trong nhà là những yếu tố nguy cơ cho hen kéo dài và tái phát.",henphequan.txt
702,Tuổi già,RiskFactor,C0001792,,Làm tăng nguy cơ mắc,Bệnh phổi tắc nghẽn mạn tính,Disease,C0024117,,"Ngoài ra, tuổi già và sự hiện diện của bệnh tim, thiếu máu, nhịp tim nhanh khi nghỉ ngơi, tăng CO2 máu hoặc hạ oxy máu dự đoán thời gian sống thêm giảm",01_copd.txt
703,Tuổi già,RiskFactor,C0001792,,Làm tăng nguy cơ mắc,Giới hạn luồng không khí,DiseaseSubtype,C0024117,,"Ngoài ra, tuổi già và sự hiện diện của bệnh tim, thiếu máu, nhịp tim nhanh khi nghỉ ngơi, tăng CO2 máu hoặc hạ oxy máu dự đoán thời gian sống thêm giảm",01_copd.txt
704,Tuổi mẹ khi sinh quá trẻ,RiskFactor,Chưa có,,Làm tăng nguy cơ mắc,Hen suyễn,Disease,C0004096,,"Hen suyễn cũng liên quan đến các yếu tố chu sinh, chẳng hạn như bà mẹ sinh con khi còn quá trẻ",henphequan.txt
705,Tăng aldosteron,Mechanism,C0020428,,Là cơ chế sinh bệnh học của,Tăng huyết áp kháng trị,DiseaseSubtype,C1834155,,Tăng aldosteron hoặc tăng cortisol cận lâm sàng được xác định ở 15% đến 20% số trường hợp tăng huyết áp kháng trị.,01_tanghuyetap.txt
706,Tăng bạch cầu ái toan,Mechanism,C0014457,,Là cơ chế sinh bệnh học của,Chồng chéo Hen suyễn-COPD,Disease,C4038730,,"các đặc điểm của hen suyễn truyền thống, bao gồm tăng bạch cầu ái toan trong máu hoặc trong đờm và tắc nghẽn dòng khí có thể đảo ngược.",henphequan.txt
707,Tăng carbon dioxide (PCO2) >= 40 mmHg,Measurement,Chưa có,Thông số: PCO2 máu; Giá trị: >=40 mmHg,Xác định ngưỡng chẩn đoán cho,Hen suyễn,Disease,C0004096,,"Do đó, tăng carbon dioxide có thể xảy ra khi PCO2 đạt tới 40 mmHg.",henphequan.txt
708,Tăng cortisol cận lâm sàng,Mechanism,Chưa có,,Là cơ chế sinh bệnh học của,Tăng huyết áp kháng trị,DiseaseSubtype,C1834155,,Tăng aldosteron hoặc tăng cortisol cận lâm sàng được xác định ở 15% đến 20% số trường hợp tăng huyết áp kháng trị.,01_tanghuyetap.txt
709,Tăng cường hoạt động thể chất,Treatment,C4722257,,Điều trị,Tăng huyết áp,Disease,C0020538,,Các biện pháp điều trị không dùng thuốc tốt nhất đã được chứng minh để phòng ngừa và điều trị tăng huyết áp bao gồm: Tăng cường hoạt động thể chất,01_tanghuyetap.txt
710,Tăng dung tích toàn phổi,Measurement,Chưa có,Thông số: Dung tích toàn phổi,Xác định ngưỡng chẩn đoán cho,Bệnh phổi tắc nghẽn mạn tính,Disease,C0024117,,"Phát hiện về tăng dung tích toàn phổi, dung tích cặn chức năng và thể tích khí cặn có thể giúp phân biệt COPD khỏi bệnh phổi hạn chế",01_copd.txt
711,Tăng dung tích toàn phổi,Measurement,Chưa có,Thông số: Dung tích toàn phổi,Xác định ngưỡng chẩn đoán cho,Giới hạn luồng không khí,DiseaseSubtype,C0024117,,"Phát hiện về tăng dung tích toàn phổi, dung tích cặn chức năng và thể tích khí cặn có thể giúp phân biệt COPD khỏi bệnh phổi hạn chế",01_copd.txt
712,Tăng huyết áp,Disease,C0020538,,Dẫn đến biến chứng,Biến chứng tăng huyết áp,Complication,C3266050,,"Tăng huyết áp nặng hoặc kéo dài gây tổn thương hệ tim mạch, não và thận, làm tăng nguy cơ nhồi máu cơ tim, đột quỵ, và bệnh thận mạn.",01_tanghuyetap.txt
713,Tăng huyết áp,Disease,C0020538,,Dẫn đến biến chứng,Biến cố tim mạch,Complication,C1320716,,Huyết áp tâm thu dự đoán các biến cố tim mạch tử vong và không tử vong tốt hơn huyết áp tâm trương,01_tanghuyetap.txt
714,Tăng huyết áp,Disease,C0020538,,Dẫn đến biến chứng,Bóc tách động mạch chủ ngực,Complication,C0729233,,Bóc tách động mạch chủ ngực thường là hậu quả của tăng huyết áp,01_tanghuyetap.txt
715,Tăng huyết áp,Disease,C0020538,,Dẫn đến biến chứng,Bệnh não tăng huyết áp,Complication,C0151620,,"Khi tình trạng tăng huyết áp nặng gây ra các triệu chứng về tim mạch, thần kinh, thận và võng mạc (ví dụ: xơ vữa động mạch vành có triệu chứng, suy tim, bệnh não tăng huyết áp, suy thận), thì được gọi là trường hợp cấp cứu tăng huyết áp.",01_tanghuyetap.txt
716,Tăng huyết áp,Disease,C0020538,,Dẫn đến biến chứng,Bệnh tim mạch do xơ vữa động mạch,Disease,C0004153,,Mức huyết áp tăng cao dẫn đến xơ vữa động mạch toàn thể và đẩy nhanh quá trình hình thành xơ vữa động mạch.,01_tanghuyetap.txt
717,Tăng huyết áp,Disease,C0020538,,Dẫn đến biến chứng,Bệnh động mạch vành,Disease,C1956346,,Bệnh động mạch vành là nguyên nhân thường gặp nhất gây tử vong ở bệnh nhân được điều trị.,01_tanghuyetap.txt
718,Tăng huyết áp,Disease,C0020538,,Dẫn đến biến chứng,Nhồi máu não,Complication,C0007785,,"Ở những bệnh nhân được điều trị nhưng chưa thích hợp, nhồi máu não hoặc xuất huyết não là biến chứng phổ biến nhất.",01_tanghuyetap.txt
719,Tăng huyết áp,Disease,C0020538,,Dẫn đến biến chứng,Phình động mạch chủ bụng,Complication,C0162871,,hầu hết bệnh nhân phình động mạch chủ bụng đều có tăng huyết áp.,01_tanghuyetap.txt
720,Tăng huyết áp,Disease,C0020538,,Dẫn đến biến chứng,Tổn thương cơ quan đích,Complication,C3887506,,"Tiền sử, khám thực thể, và các xét nghiệm cận lâm sàng khác giúp xác định nguyên nhân và xác định xem đã có tổn thương các cơ quan đích hay chưa.",01_tanghuyetap.txt
721,Tăng huyết áp,Disease,C0020538,,Dẫn đến biến chứng,Xơ vữa động mạch,Mechanism,C0004153,,Mức huyết áp tăng cao dẫn đến xơ vữa động mạch toàn thể và đẩy nhanh quá trình hình thành xơ vữa động mạch.,01_tanghuyetap.txt
722,Tăng huyết áp cấp cứu,DiseaseSubtype,C0745136,,Xác định ngưỡng chẩn đoán cho,Tăng huyết áp khẩn cấp,DiseaseSubtype,C0745138,,Ngay cả tăng huyết áp nặng (thường được định nghĩa là huyết áp tâm thu >= 180 mm Hg và/hoặc huyết áp tâm trương >= 120 mm Hg) cũng có thể không có triệu chứng (tăng huyết áp khẩn cấp).,01_tanghuyetap.txt
723,Tăng huyết áp cấp cứu,DiseaseSubtype,C0745136,,Có dấu hiệu thực thể,Buồn nôn và nôn,Sign,C0027498,,"Các dấu hiệu đó có thể bao gồm co giật hoặc các triệu chứng thần kinh khu trú, xuất huyết võng mạc, đau ngực, khó thở hoặc buồn nôn và nôn.",01_tanghuyetap.txt
724,Tăng huyết áp cấp cứu,DiseaseSubtype,C0745136,,Có dấu hiệu thực thể,Co giật,Sign,C0036572,,Khi có dấu hiệu của tăng huyết áp cấp cứu cần hạ huyết áp ngay lập tức với các thuốc hạ áp. Các dấu hiệu đó có thể bao gồm co giật,01_tanghuyetap.txt
725,Tăng huyết áp cấp cứu,DiseaseSubtype,C0745136,,Có dấu hiệu thực thể,Khó thở,Symptom,C0013404,,"Các dấu hiệu đó có thể bao gồm co giật hoặc các triệu chứng thần kinh khu trú, xuất huyết võng mạc, đau ngực, khó thở",01_tanghuyetap.txt
726,Tăng huyết áp cấp cứu,DiseaseSubtype,C0745136,,Có dấu hiệu thực thể,Triệu chứng thần kinh khu trú,Sign,C0746857,,Các dấu hiệu đó có thể bao gồm co giật hoặc các triệu chứng thần kinh khu trú,01_tanghuyetap.txt
727,Tăng huyết áp cấp cứu,DiseaseSubtype,C0745136,,Có dấu hiệu thực thể,Xuất huyết võng mạc,Sign,C0035317,,"Các dấu hiệu đó có thể bao gồm co giật hoặc các triệu chứng thần kinh khu trú, xuất huyết võng mạc, đau ngực, khó thở hoặc buồn nôn và nôn.",01_tanghuyetap.txt
728,Tăng huyết áp cấp cứu,DiseaseSubtype,C0745136,,Có dấu hiệu thực thể,Đau ngực,Sign,C0008031,,"Các dấu hiệu đó có thể bao gồm co giật hoặc các triệu chứng thần kinh khu trú, xuất huyết võng mạc, đau ngực, khó thở hoặc buồn nôn và nôn.",01_tanghuyetap.txt
729,Tăng huyết áp cấp cứu,DiseaseSubtype,C0745136,,Là phân loại / thể bệnh của,Tăng huyết áp,Disease,C0020538,,(Xem thêm Tăng huyết áp và các trường hợp tăng huyết áp cấp cứu.),02_thuocdieutri.txt
730,Tăng huyết áp cấp cứu,DiseaseSubtype,C0745136,,Dẫn đến biến chứng,Bóc tách động mạch chủ cấp,Complication,Chưa có,,"Tổn thương cơ quan đích bao gồm bệnh não do tăng huyết áp, tiền sản giật và sản giật, suy thất tâm thất trái cấp tính có phù phổi, thiếu máu cơ tim, tách thành động mạch chủ cấp và suy thận.",02_thuocdieutri.txt
731,Tăng huyết áp cấp cứu,DiseaseSubtype,C0745136,,Dẫn đến biến chứng,Bệnh não do tăng huyết áp,Disease,C0151620,,Tổn thương cơ quan đích bao gồm bệnh não do tăng huyết áp,02_thuocdieutri.txt
732,Tăng huyết áp cấp cứu,DiseaseSubtype,C0745136,,Dẫn đến biến chứng,Bệnh não tăng huyết áp,Complication,C0151620,,Tổn thương cơ quan đích bao gồm bệnh não do tăng huyết áp,02_thuocdieutri.txt
733,Tăng huyết áp cấp cứu,DiseaseSubtype,C0745136,,Dẫn đến biến chứng,Suy thất trái cấp tính,Complication,C1306063,,"Tổn thương cơ quan đích bao gồm bệnh não do tăng huyết áp, tiền sản giật và sản giật, suy thất tâm thất trái cấp tính có phù phổi, thiếu máu cơ tim, tách thành động mạch chủ cấp và suy thận.",02_thuocdieutri.txt
734,Tăng huyết áp cấp cứu,DiseaseSubtype,C0745136,,Dẫn đến biến chứng,Suy thất trái cấp tính có phù phổi,Complication,Chưa có,,"Tổn thương cơ quan đích bao gồm bệnh não do tăng huyết áp, tiền sản giật và sản giật, suy thất tâm thất trái cấp tính có phù phổi, thiếu máu cơ tim, tách thành động mạch chủ cấp và suy thận.",02_thuocdieutri.txt
735,Tăng huyết áp cấp cứu,DiseaseSubtype,C0745136,,Dẫn đến biến chứng,Suy thận,Complication,C1565489,,"Tổn thương cơ quan đích bao gồm bệnh não do tăng huyết áp, tiền sản giật và sản giật, suy thất tâm thất trái cấp tính có phù phổi, thiếu máu cơ tim, tách thành động mạch chủ cấp và suy thận.",02_thuocdieutri.txt
736,Tăng huyết áp cấp cứu,DiseaseSubtype,C0745136,,Dẫn đến biến chứng,Thiếu máu cơ tim,Complication,C0151744,,"Tổn thương cơ quan đích bao gồm bệnh não do tăng huyết áp, tiền sản giật và sản giật, suy thất tâm thất trái cấp tính có phù phổi, thiếu máu cơ tim, tách thành động mạch chủ cấp và suy thận.",02_thuocdieutri.txt
737,Tăng huyết áp cấp cứu,DiseaseSubtype,C0745136,,Dẫn đến biến chứng,Tiền sản giật và sản giật,Complication,C5574918,,"Tổn thương cơ quan đích bao gồm bệnh não do tăng huyết áp, tiền sản giật và sản giật, suy thất tâm thất trái cấp tính có phù phổi, thiếu máu cơ tim, tách thành động mạch chủ cấp và suy thận.",02_thuocdieutri.txt
738,Tăng huyết áp cấp cứu,DiseaseSubtype,C0745136,,Dẫn đến biến chứng,Tổn thương cơ quan đích,Complication,C3887506,,"(Tăng huyết áp cấp tính nặng) Tăng huyết áp cấp cứu là tăng huyết áp nặng (thường được xác định là huyết áp tâm thu (HA) >= 180 mm Hg và/hoặc huyết áp tâm trương >= 120 mm Hg) có dấu hiệu tổn thương các cơ quan đích (chủ yếu là não, hệ tim mạch và thận).",02_thuocdieutri.txt
739,Tăng huyết áp do mạch thận,DiseaseSubtype,C0020545,,Là nguyên nhân gây ra,Tăng huyết áp,Disease,C0020538,,"Dạng này là điển hình của tăng huyết áp nguyên phát và tăng huyết áp do cường aldosteron nguyên phát, u tủy thượng thận, bệnh mạch thận và bệnh nhu mô thận.",01_tanghuyetap.txt
740,Tăng huyết áp nặng: Huyết áp tâm thu >= 180 mmHg hoặc huyết áp tâm trương >= 120 mmHg,Measurement,C0745136,Thông số: Tăng huyết áp nặng; Huyết áp 180/120 mmHg,Xác định ngưỡng chẩn đoán cho,Tăng huyết áp khẩn cấp,DiseaseSubtype,C0745138,,Ngay cả tăng huyết áp nặng (thường được định nghĩa là huyết áp tâm thu >= 180 mm Hg và/hoặc huyết áp tâm trương >= 120 mm Hg) cũng có thể không có triệu chứng (tăng huyết áp khẩn cấp).,01_tanghuyetap.txt
741,Tăng huyết áp nặng: Huyết áp tâm thu >= 180 mmHg hoặc huyết áp tâm trương >= 120 mmHg,Measurement,C0745136,Thông số: Tăng huyết áp nặng; Huyết áp 180/120 mmHg,Có dấu hiệu thực thể,Buồn nôn và nôn,Sign,C0027498,,"Các dấu hiệu đó có thể bao gồm co giật hoặc các triệu chứng thần kinh khu trú, xuất huyết võng mạc, đau ngực, khó thở hoặc buồn nôn và nôn.",01_tanghuyetap.txt
742,Tăng huyết áp nặng: Huyết áp tâm thu >= 180 mmHg hoặc huyết áp tâm trương >= 120 mmHg,Measurement,C0745136,Thông số: Tăng huyết áp nặng; Huyết áp 180/120 mmHg,Có dấu hiệu thực thể,Co giật,Sign,C0036572,,Khi có dấu hiệu của tăng huyết áp cấp cứu cần hạ huyết áp ngay lập tức với các thuốc hạ áp. Các dấu hiệu đó có thể bao gồm co giật,01_tanghuyetap.txt
743,Tăng huyết áp nặng: Huyết áp tâm thu >= 180 mmHg hoặc huyết áp tâm trương >= 120 mmHg,Measurement,C0745136,Thông số: Tăng huyết áp nặng; Huyết áp 180/120 mmHg,Có dấu hiệu thực thể,Khó thở,Symptom,C0013404,,"Các dấu hiệu đó có thể bao gồm co giật hoặc các triệu chứng thần kinh khu trú, xuất huyết võng mạc, đau ngực, khó thở",01_tanghuyetap.txt
744,Tăng huyết áp nặng: Huyết áp tâm thu >= 180 mmHg hoặc huyết áp tâm trương >= 120 mmHg,Measurement,C0745136,Thông số: Tăng huyết áp nặng; Huyết áp 180/120 mmHg,Có dấu hiệu thực thể,Triệu chứng thần kinh khu trú,Sign,C0746857,,Các dấu hiệu đó có thể bao gồm co giật hoặc các triệu chứng thần kinh khu trú,01_tanghuyetap.txt
745,Tăng huyết áp nặng: Huyết áp tâm thu >= 180 mmHg hoặc huyết áp tâm trương >= 120 mmHg,Measurement,C0745136,Thông số: Tăng huyết áp nặng; Huyết áp 180/120 mmHg,Có dấu hiệu thực thể,Xuất huyết võng mạc,Sign,C0035317,,"Các dấu hiệu đó có thể bao gồm co giật hoặc các triệu chứng thần kinh khu trú, xuất huyết võng mạc, đau ngực, khó thở hoặc buồn nôn và nôn.",01_tanghuyetap.txt
746,Tăng huyết áp nặng: Huyết áp tâm thu >= 180 mmHg hoặc huyết áp tâm trương >= 120 mmHg,Measurement,C0745136,Thông số: Tăng huyết áp nặng; Huyết áp 180/120 mmHg,Có dấu hiệu thực thể,Đau ngực,Sign,C0008031,,"Các dấu hiệu đó có thể bao gồm co giật hoặc các triệu chứng thần kinh khu trú, xuất huyết võng mạc, đau ngực, khó thở hoặc buồn nôn và nôn.",01_tanghuyetap.txt
747,Tăng huyết áp nặng: Huyết áp tâm thu >= 180 mmHg hoặc huyết áp tâm trương >= 120 mmHg,Measurement,C0745136,Thông số: Tăng huyết áp nặng; Huyết áp 180/120 mmHg,Là phân loại / thể bệnh của,Tăng huyết áp,Disease,C0020538,,(Xem thêm Tăng huyết áp và các trường hợp tăng huyết áp cấp cứu.),02_thuocdieutri.txt
748,Tăng huyết áp nặng: Huyết áp tâm thu >= 180 mmHg hoặc huyết áp tâm trương >= 120 mmHg,Measurement,C0745136,Thông số: Tăng huyết áp nặng; Huyết áp 180/120 mmHg,Dẫn đến biến chứng,Bóc tách động mạch chủ cấp,Complication,Chưa có,,"Tổn thương cơ quan đích bao gồm bệnh não do tăng huyết áp, tiền sản giật và sản giật, suy thất tâm thất trái cấp tính có phù phổi, thiếu máu cơ tim, tách thành động mạch chủ cấp và suy thận.",02_thuocdieutri.txt
749,Tăng huyết áp nặng: Huyết áp tâm thu >= 180 mmHg hoặc huyết áp tâm trương >= 120 mmHg,Measurement,C0745136,Thông số: Tăng huyết áp nặng; Huyết áp 180/120 mmHg,Dẫn đến biến chứng,Bệnh não do tăng huyết áp,Disease,C0151620,,Tổn thương cơ quan đích bao gồm bệnh não do tăng huyết áp,02_thuocdieutri.txt
750,Tăng huyết áp nặng: Huyết áp tâm thu >= 180 mmHg hoặc huyết áp tâm trương >= 120 mmHg,Measurement,C0745136,Thông số: Tăng huyết áp nặng; Huyết áp 180/120 mmHg,Dẫn đến biến chứng,Bệnh não tăng huyết áp,Complication,C0151620,,Tổn thương cơ quan đích bao gồm bệnh não do tăng huyết áp,02_thuocdieutri.txt
751,Tăng huyết áp nặng: Huyết áp tâm thu >= 180 mmHg hoặc huyết áp tâm trương >= 120 mmHg,Measurement,C0745136,Thông số: Tăng huyết áp nặng; Huyết áp 180/120 mmHg,Dẫn đến biến chứng,Suy thất trái cấp tính,Complication,C1306063,,"Tổn thương cơ quan đích bao gồm bệnh não do tăng huyết áp, tiền sản giật và sản giật, suy thất tâm thất trái cấp tính có phù phổi, thiếu máu cơ tim, tách thành động mạch chủ cấp và suy thận.",02_thuocdieutri.txt
752,Tăng huyết áp nặng: Huyết áp tâm thu >= 180 mmHg hoặc huyết áp tâm trương >= 120 mmHg,Measurement,C0745136,Thông số: Tăng huyết áp nặng; Huyết áp 180/120 mmHg,Dẫn đến biến chứng,Suy thất trái cấp tính có phù phổi,Complication,Chưa có,,"Tổn thương cơ quan đích bao gồm bệnh não do tăng huyết áp, tiền sản giật và sản giật, suy thất tâm thất trái cấp tính có phù phổi, thiếu máu cơ tim, tách thành động mạch chủ cấp và suy thận.",02_thuocdieutri.txt
753,Tăng huyết áp nặng: Huyết áp tâm thu >= 180 mmHg hoặc huyết áp tâm trương >= 120 mmHg,Measurement,C0745136,Thông số: Tăng huyết áp nặng; Huyết áp 180/120 mmHg,Dẫn đến biến chứng,Suy thận,Complication,C1565489,,"Tổn thương cơ quan đích bao gồm bệnh não do tăng huyết áp, tiền sản giật và sản giật, suy thất tâm thất trái cấp tính có phù phổi, thiếu máu cơ tim, tách thành động mạch chủ cấp và suy thận.",02_thuocdieutri.txt
754,Tăng huyết áp nặng: Huyết áp tâm thu >= 180 mmHg hoặc huyết áp tâm trương >= 120 mmHg,Measurement,C0745136,Thông số: Tăng huyết áp nặng; Huyết áp 180/120 mmHg,Dẫn đến biến chứng,Thiếu máu cơ tim,Complication,C0151744,,"Tổn thương cơ quan đích bao gồm bệnh não do tăng huyết áp, tiền sản giật và sản giật, suy thất tâm thất trái cấp tính có phù phổi, thiếu máu cơ tim, tách thành động mạch chủ cấp và suy thận.",02_thuocdieutri.txt
755,Tăng huyết áp nặng: Huyết áp tâm thu >= 180 mmHg hoặc huyết áp tâm trương >= 120 mmHg,Measurement,C0745136,Thông số: Tăng huyết áp nặng; Huyết áp 180/120 mmHg,Dẫn đến biến chứng,Tiền sản giật và sản giật,Complication,C5574918,,"Tổn thương cơ quan đích bao gồm bệnh não do tăng huyết áp, tiền sản giật và sản giật, suy thất tâm thất trái cấp tính có phù phổi, thiếu máu cơ tim, tách thành động mạch chủ cấp và suy thận.",02_thuocdieutri.txt
756,Tăng huyết áp nặng: Huyết áp tâm thu >= 180 mmHg hoặc huyết áp tâm trương >= 120 mmHg,Measurement,C0745136,Thông số: Tăng huyết áp nặng; Huyết áp 180/120 mmHg,Dẫn đến biến chứng,Tổn thương cơ quan đích,Complication,C3887506,,"(Tăng huyết áp cấp tính nặng) Tăng huyết áp cấp cứu là tăng huyết áp nặng (thường được xác định là huyết áp tâm thu (HA) >= 180 mm Hg và/hoặc huyết áp tâm trương >= 120 mm Hg) có dấu hiệu tổn thương các cơ quan đích (chủ yếu là não, hệ tim mạch và thận).",02_thuocdieutri.txt
757,Tăng huyết áp thứ phát,DiseaseSubtype,C0155616,,Là nguyên nhân gây ra,Tăng huyết áp kháng trị,DiseaseSubtype,C1834155,,Nguyên nhân thứ phát gây tăng huyết áp phải được loại trừ khi đánh giá tình trạng tăng huyết áp kháng trị.,01_tanghuyetap.txt
758,Tăng huyết áp tâm thu do lượng natri lớn: 10 - 20 mmHg,Measurement,Chưa có,Thông số: Tăng huyết áp tâm thu; min_value: 10; max_value: 20,Xác định ngưỡng chẩn đoán cho,Tăng huyết áp,Disease,C0020538,,"Khi lượng oxit nitric giảm, lượng natri lớn (ví dụ: bữa ăn mặn) có thể làm tăng huyết áp tâm thu từ 10 đến 20 mm Hg.",01_tanghuyetap.txt
759,Tăng huyết áp áo choàng trắng,DiseaseSubtype,C0262534,,Dẫn đến biến chứng,Biến cố tim mạch,Complication,C1320716,,Tăng huyết áp áo choàng trắng không được điều trị dường như có liên quan đến kết quả tim mạch bất lợi hơn so với huyết áp bình thường.,01_tanghuyetap.txt
760,Tăng huyết áp ẩn,DiseaseSubtype,C3178811,,Dẫn đến biến chứng,Nguy cơ tim mạch,Complication,C4324389,,"Tăng huyết áp ẩn và tăng huyết áp ẩn không kiểm soát được (ở những người đang được điều trị) có liên quan đến tăng nguy cơ tim mạch, với tỷ lệ tử vong tương tự như nguy cơ ở những bệnh nhân bị tăng huyết áp kéo dài.",01_tanghuyetap.txt
761,Tăng huyết áp ẩn không kiểm soát được,DiseaseSubtype,Chưa có,,Dẫn đến biến chứng,Nguy cơ tim mạch,Complication,C4324389,,"Tăng huyết áp ẩn và tăng huyết áp ẩn không kiểm soát được (ở những người đang được điều trị) có liên quan đến tăng nguy cơ tim mạch, với tỷ lệ tử vong tương tự như nguy cơ ở những bệnh nhân bị tăng huyết áp kéo dài.",01_tanghuyetap.txt
762,Tăng nguy cơ,RiskFactor,C4699158,,Làm tăng nguy cơ mắc,Đái tháo đường,Disease,C0011849,,Sàng lọc đái tháo đường nên được tiến hành cho người có tăng nguy cơ.,01_daithaoduong.txt
763,Tăng nhu cầu sử dụng corticosteroid đường uống,RiskFactor,Chưa có,,Làm tăng nguy cơ mắc,Tử vong,Complication,C1306577,,Các yếu tố nguy cơ tử vong bao gồm việc tăng nhu cầu sử dụng corticosteroid đường uống trước khi nhập viện,henphequan.txt
764,Tăng nhu cầu sử dụng corticosteroid đường uống trước khi nhập viện,RiskFactor,Chưa có,,Làm tăng nguy cơ mắc,Tử vong,Complication,C1306577,,Các yếu tố nguy cơ tử vong bao gồm việc tăng nhu cầu sử dụng corticosteroid đường uống trước khi nhập viện,henphequan.txt
765,Tăng tích lũy mỡ tạng,RiskFactor,Chưa có,,Làm tăng nguy cơ mắc,Tăng đường huyết,DiseaseSubtype,C0020456,,"Nồng độ glucose cũng có thể trở lại bình thường kéo dài hơn, một phần vì tăng tích lũy mỡ tạng và bụng và giảm khối lượng cơ.",01_daithaoduong.txt
766,Tăng đáp ứng phế quản,Mechanism,C0085129,,Là cơ chế sinh bệnh học của,RADS,Disease,C1299633,,"RADS và hen kích ứng mạn tính có nhiều điểm tương đồng về lâm sàng với hen (ví dụ: thở khò khè, khó thở, ho, có hạn chế luồng khí, tăng đáp ứng phế quản)",henphequan.txt
767,Tăng đường huyết,DiseaseSubtype,C0020456,,Dẫn đến biến chứng,Biến chứng mạch máu,Complication,C0920165,,"Nhiều năm kiểm soát tăng đường huyết kém dẫn tới nhiều biến chứng mạch máu, ảnh hưởng tới mạch máu nhỏ (vi mạch), mạch lớn (mạch máu lớn), hoặc cả hai.",01_daithaoduong.txt
768,Tăng đường huyết,DiseaseSubtype,C0020456,,Dẫn đến biến chứng,Rối loạn chức năng miễn dịch,Complication,C0015674,,Rối loạn chức năng miễn dịch là một biến chứng lớn khác và phát triển từ những tác động trực tiếp của tăng đường huyết trên miễn dịch tế bào.,01_daithaoduong.txt
769,Tăng đường huyết,DiseaseSubtype,C0020456,,Dẫn đến biến chứng,Tử vong,Complication,C1306577,,Tăng đường huyết nội trú có liên quan đến tăng tỷ lệ nhiễm trùng và tỷ lệ tử vong.,01_daithaoduong.txt
770,Tăng đường huyết do căng thẳng,DiseaseSubtype,C0342303,,Dẫn đến biến chứng,Tử vong,Complication,C1306577,,"Tăng đường huyết do căng thẳng như vậy có liên quan đến kết quả xấu, bao gồm tăng tỷ lệ tử vong.",01_daithaoduong.txt
771,Tư vấn dinh dưỡng,Treatment,C0582887,,Điều trị,Đái tháo đường loại 1,DiseaseSubtype,C0011854,,"Đối với cả đái tháo đường loại 1 và loại 2, tư vấn dinh dưỡng với chuyên gia dinh dưỡng nên bổ sung cho tư vấn của bác sĩ",01_daithaoduong.txt
772,Tư vấn dinh dưỡng,Treatment,C0582887,,Điều trị,Đái tháo đường loại 2,DiseaseSubtype,C0011860,,"Đối với cả đái tháo đường loại 1 và loại 2, tư vấn dinh dưỡng với chuyên gia dinh dưỡng nên bổ sung cho tư vấn của bác sĩ",01_daithaoduong.txt
773,Tần suất tự kiểm tra đường huyết ở ĐTĐ Type 1: >= 4 lần/ngày,Measurement,Chưa có,Thông số: Tần suất tự kiểm tra đường huyết; frequency: 4,Xác định ngưỡng chẩn đoán cho,Đái tháo đường loại 1,DiseaseSubtype,C0011854,,Hầu hết bệnh nhân tiểu đường loại 1 đều được hưởng lợi từ việc xét nghiệm ít nhất 4 lần một ngày.,01_daithaoduong.txt
774,Tần suất đợt cấp COPD: 1 - 3 đợt/năm,Measurement,Chưa có,Thông số: Tần suất đợt cấp COPD; min_value: 1; max_value: 3,Xác định ngưỡng chẩn đoán cho,Đợt cấp COPD,DiseaseSubtype,C0340044,,"Khi COPD tiến triển, các đợt cấp tính có xu hướng trở nên thường xuyên hơn, trung bình khoảng 1 đợt đến 3 đợt/năm.",01_copd.txt
775,Tập thể dục,Treatment,C0015259,,Làm tăng nguy cơ mắc,Bệnh hen do tập luyện,Disease,C0004099,,Hen do gắng sức thường có thể được ngăn ngừa bằng dùng thuốc cường beta-2 tác dụng ngắn dạng hít dự phòng hoặc thuốc ổn định tế bào mast trước khi bắt đầu tập thể dục.,henphequan.txt
776,Tập thể dục,Treatment,C0015259,,Làm tăng nguy cơ mắc,Hen do gắng sức,DiseaseSubtype,C0004099,,Hen do gắng sức thường có thể được ngăn ngừa bằng dùng thuốc cường beta-2 tác dụng ngắn dạng hít dự phòng hoặc thuốc ổn định tế bào mast trước khi bắt đầu tập thể dục.,henphequan.txt
777,Tập thể dục,Treatment,C0015259,,Làm tăng nguy cơ mắc,Hen suyễn,Disease,C0004096,,Tập thể dục có thể là một yếu tố khởi phát,henphequan.txt
778,Tập thể dục,Treatment,C0015259,,Điều trị,Đái tháo đường,Disease,C0011849,,"Điều trị bằng chế độ ăn kiêng, tập thể dục và dùng thuốc làm giảm lượng glucose, bao gồm insulin, thuốc hạ đường huyết đường uống và thuốc tiêm không chứa insulin.",01_daithaoduong.txt
779,Tắc nghẽn đường thở,DiseaseSubtype,C0001883,,Là cơ chế sinh bệnh học của,Bệnh phổi tắc nghẽn mạn tính,Disease,C0024117,,Đặc điểm sinh bệnh học chủ yếu của COPD là hạn chế luồng không khí do hẹp đường dẫn khí,01_copd.txt
780,Tắc nghẽn đường thở,DiseaseSubtype,C0001883,,Là cơ chế sinh bệnh học của,Giới hạn luồng không khí,DiseaseSubtype,C0024117,,Đặc điểm sinh bệnh học chủ yếu của COPD là hạn chế luồng không khí do hẹp đường dẫn khí,01_copd.txt
781,Tế bào Th2,Mechanism,C0242633,,Là cơ chế sinh bệnh học của,Hen suyễn,Disease,C0004096,,"Ở bệnh nhân hen suyễn, tế bào TH2 và các loại tế bào khác - đặc biệt là bạch cầu ái toan và các tế bào mast, các dưới nhóm CD4+ và bạch cầu trung tính - hình thành quá trình viêm thâm nhiễm lan rộng vào biểu mô và cơ trơn đường thở, dẫn đến sự thay đổi đường thở (như sự viêm trợt, xơ hóa dưới biểu mô, tăng sinh mạch, phì đại cơ trơn).",henphequan.txt
782,Tế bào beta,Mechanism,C0030281,,Gây tổn thương cơ quan,Tuyến tụy,Organ,C0030274,,Quá trình phá hủy tế bào beta ở tuyến tụy tự miễn,01_daithaoduong.txt
783,Tế bào beta,Mechanism,C0030281,,Là cơ chế sinh bệnh học của,Insulin,Mechanism,C1533581,dose: 15 units,cả hai kỹ thuật đều cấy ghép tế bào beta sản xuất insulin một cách hiệu quả,01_daithaoduong.txt
784,Tốc độ giảm FEV1 >= 60 mL/năm,Measurement,Chưa có,Thông số: Tốc độ giảm FEV1; Giá trị: >=60 mL/năm,Xác định ngưỡng chẩn đoán cho,Bệnh phổi tắc nghẽn mạn tính,Disease,C0024117,,"Trong con đường đầu tiên, bệnh nhân có thể có chức năng phổi bình thường ở tuổi trưởng thành sớm, sau đó FEV1 giảm nhanh hơn (>= 60 mL/năm).",01_copd.txt
785,Tốc độ giảm FEV1 >= 60 mL/năm,Measurement,Chưa có,Thông số: Tốc độ giảm FEV1; Giá trị: >=60 mL/năm,Xác định ngưỡng chẩn đoán cho,Giới hạn luồng không khí,DiseaseSubtype,C0024117,,"Trong con đường đầu tiên, bệnh nhân có thể có chức năng phổi bình thường ở tuổi trưởng thành sớm, sau đó FEV1 giảm nhanh hơn (>= 60 mL/năm).",01_copd.txt
786,Tốc độ giảm FEV1 khoảng 30 mL/năm,Measurement,Chưa có,Thông số: Tốc độ giảm FEV1; Giá trị: 30 mL/năm,Xác định ngưỡng chẩn đoán cho,Bệnh phổi tắc nghẽn mạn tính,Disease,C0024117,,"Ở những bệnh nhân này, COPD có thể biểu hiện sự suy giảm FEV1 bình thường theo tuổi tác (khoảng 30 mL/năm).",01_copd.txt
787,Tốc độ giảm FEV1 khoảng 30 mL/năm,Measurement,Chưa có,Thông số: Tốc độ giảm FEV1; Giá trị: 30 mL/năm,Xác định ngưỡng chẩn đoán cho,Giới hạn luồng không khí,DiseaseSubtype,C0024117,,"Ở những bệnh nhân này, COPD có thể biểu hiện sự suy giảm FEV1 bình thường theo tuổi tác (khoảng 30 mL/năm).",01_copd.txt
788,Tổn thương cơ quan đích,Complication,C3887506,,Gây tổn thương cơ quan,Hệ tim mạch,Organ,C0007226,,"tổn thương các cơ quan đích (chủ yếu là não, hệ tim mạch và thận)",02_thuocdieutri.txt
789,Tổn thương cơ quan đích,Complication,C3887506,,Gây tổn thương cơ quan,Não,Organ,C0006104,,"tổn thương các cơ quan đích (chủ yếu là não, hệ tim mạch và thận)",02_thuocdieutri.txt
790,Tổn thương cơ quan đích,Complication,C3887506,,Gây tổn thương cơ quan,Thận,Organ,C0022646,,"tổn thương các cơ quan đích (chủ yếu là não, hệ tim mạch và thận)",02_thuocdieutri.txt
791,Tổn thương thận,Complication,C2609414,,Gây tổn thương cơ quan,Hệ thần kinh trung ương,Organ,C3714787,,Tổn thương thận có thể không biểu hiện triệu chứng,02_thuocdieutri.txt
792,Tự chăm sóc,Treatment,C0036592,,Điều trị,Đái tháo đường không ổn định,DiseaseSubtype,C0342302,,Tiếp cận ban đầu là xem xét cẩn thận kĩ thuật tự chăm sóc,01_daithaoduong.txt
793,Tỷ lệ FEV1/FVC,Measurement,Chưa có,Thông số: Tỷ lệ FEV1/FVC,Làm thay đổi / điều biến,Hen suyễn,Disease,C0004096,,"Suy giảm chức năng hoặc suy giảm chức năng sinh lý, suy giảm khách quan ở phổi có thể được đo bằng phương pháp đo phế dung kế, chủ yếu là thể tích thở ra gắng sức trong 1 giây (FEV1) và tỷ lệ giữa FEV1 với dung tích sống gắng sức (FVC), tương quan chặt chẽ với các thành phần chủ quan kiểm soát hen suyễn bao gồm các triệu chứng và các đặc điểm lâm sàng như là",henphequan.txt
794,Tỷ lệ albumin/creatinin niệu,Test,C0455271,,Dùng để chẩn đoán,Tăng huyết áp,Disease,C0020538,,Các xét nghiệm có thể bao gồm Phân tích nước tiểu và tỷ lệ albumin/creatinin niệu,01_tanghuyetap.txt
795,Tỷ lệ mang gen nhạy cảm HLA ở ĐTĐ Type 1: > 90%,Measurement,Chưa có,Thông số: Tỷ lệ mang gen nhạy cảm HLA; Giá trị: >90 %,Xác định ngưỡng chẩn đoán cho,Đái tháo đường loại 1,DiseaseSubtype,C0011854,,chúng xuất hiện trong > 90% bệnh nhân đái tháo đường loại 1,01_daithaoduong.txt
796,Tỷ lệ sống thêm sau 1 năm < 10%,Measurement,Chưa có,Thông số: Tỷ lệ sống thêm sau 1 năm; Giá trị: <10 %,Xác định ngưỡng chẩn đoán cho,Bệnh võng mạc độ 3,DiseaseSubtype,C1443383,,"Nếu không điều trị, tỷ lệ sống thêm sau 1 năm là < 10% ở những bệnh nhân bị xơ võng mạc, xuất tiết bông, hẹp tiểu động mạch và xuất huyết (bệnh võng mạc độ 3)",01_tanghuyetap.txt
797,Tỷ lệ sống thêm sau 1 năm < 5%,Measurement,Chưa có,Thông số: Tỷ lệ sống thêm sau 1 năm; Giá trị: <5 %,Xác định ngưỡng chẩn đoán cho,Bệnh võng mạc độ 4,DiseaseSubtype,C1443384,,và < 5% ở những bệnh nhân có những thay đổi tương tự cộng với phù gai thị (bệnh võng mạc độ 4) ).,01_tanghuyetap.txt
798,Tỷ lệ đường kính động mạch phổi/động mạch chủ lên > 1,Measurement,Chưa có,Thông số: Tỷ lệ đường kính động mạch phổi/động mạch chủ lên; Giá trị: >1,Xác định ngưỡng chẩn đoán cho,Tăng áp động mạch phổi,DiseaseSubtype,C2973725,,Đường kính động mạch phổi mở rộng lớn hơn đường kính động mạch chủ lên gợi ý tăng áp động mạch phổi.,01_copd.txt
799,U hạt do tăng bạch cầu ái toan,Disease,C0014461,,Làm tăng nguy cơ mắc,Bệnh phổi tắc nghẽn mạn tính,Disease,C0024117,,"Các bệnh lý hệ thống có thể có một phần hạn chế luồng khí gợi ý COPD; các bệnh lý này bao gồm nhiễm HIV, lạm dụng các loại thuốc bất hợp pháp (đặc biệt là cocaine và amphetamine), bệnh sarcoid, hội chứng Sjögren, viêm tiểu phế quản tắc nghẽn, bệnh u cơ trơn mạch bạch huyết và u hạt do tăng bạch cầu ái toan.",01_copd.txt
800,U hạt do tăng bạch cầu ái toan,Disease,C0014461,,Làm tăng nguy cơ mắc,Giới hạn luồng không khí,DiseaseSubtype,C0024117,,"Các bệnh lý hệ thống có thể có một phần hạn chế luồng khí gợi ý COPD; các bệnh lý này bao gồm nhiễm HIV, lạm dụng các loại thuốc bất hợp pháp (đặc biệt là cocaine và amphetamine), bệnh sarcoid, hội chứng Sjögren, viêm tiểu phế quản tắc nghẽn, bệnh u cơ trơn mạch bạch huyết và u hạt do tăng bạch cầu ái toan.",01_copd.txt
801,U tế bào ưa crom,Disease,C4551683,,Là nguyên nhân gây ra,Tăng huyết áp,Disease,C0020538,,"Dạng này là điển hình của tăng huyết áp nguyên phát và tăng huyết áp do cường aldosteron nguyên phát, u tủy thượng thận",01_tanghuyetap.txt
802,U tủy thượng thận,Cause,C4551683,,Là nguyên nhân gây ra,Tăng huyết áp,Disease,C0020538,,"Dạng này là điển hình của tăng huyết áp nguyên phát và tăng huyết áp do cường aldosteron nguyên phát, u tủy thượng thận",01_tanghuyetap.txt
803,Ung thư,Disease,C0006826,,Dẫn đến biến chứng,Bệnh phổi tắc nghẽn mạn tính,Disease,C0024117,,"Tỷ lệ tử vong trong COPD có thể do các bệnh đi kèm (ví dụ: bệnh tim mạch, ung thư)",01_copd.txt
804,Ung thư,Disease,C0006826,,Dẫn đến biến chứng,Giới hạn luồng không khí,DiseaseSubtype,C0024117,,"Tỷ lệ tử vong trong COPD có thể do các bệnh đi kèm (ví dụ: bệnh tim mạch, ung thư)",01_copd.txt
805,Urine glucose test,Test,C0427747,,Dùng để chẩn đoán,Đái tháo đường,Disease,C0011849,,"Đo lượng glucose trong nước tiểu, không sử dụng để chẩn đoán và theo dõi vì không nhạy và không đặc hiệu.",01_daithaoduong.txt
806,Verapamil,Drug,C0042523,,Điều trị,Đái tháo đường loại 1,DiseaseSubtype,C0011854,,Một số dữ liệu cho thấy verapamil có thể bảo tồn chức năng tế bào beta ở bệnh nhân tiểu đường mới được chẩn đoán.,01_daithaoduong.txt
807,Vi rút Epstein-Barr,Cause,C0014644,,Là nguyên nhân gây ra,Đái tháo đường loại 1,DiseaseSubtype,C0011854,,"Một số loại vi rút (bao gồm coxsackievirus, vi rút rubella, cytomegalovirus, vi rút Epstein-Barr, SARS-CoV-2 (1, 2) và retrovirus) có liên quan đến khởi phát của bệnh tiểu đường loại 1.",01_daithaoduong.txt
808,Vi rút Rubella,Cause,C0035924,,Là nguyên nhân gây ra,Đái tháo đường loại 1,DiseaseSubtype,C0011854,,"Một số loại vi rút (bao gồm coxsackievirus, vi rút rubella, cytomegalovirus, vi rút Epstein-Barr, SARS-CoV-2 (1, 2) và retrovirus) có liên quan đến khởi phát của bệnh tiểu đường loại 1.",01_daithaoduong.txt
809,Vi rút nhiễm trùng đường hô hấp trên,Cause,C4039754,,Là nguyên nhân gây ra,Đợt cấp COPD,DiseaseSubtype,C0340044,,các đợt cấp thường được cho là do các vi rút gây các bệnh nhiễm trùng đường hô hấp trên,01_copd.txt
810,Viêm do dị ứng (T2),DiseaseSubtype,Chưa có,,Là phân loại / thể bệnh của,Hen suyễn,Disease,C0004096,,"T2, hoặc viêm do dị ứng, thường được đặc trưng bởi tăng oxit nitric thở ra (FeNO), tăng số lượng bạch cầu ái toan trong máu và tăng IgE huyết thanh và là phân nhóm bệnh hen suyễn được công nhận là phổ biến nhất.",henphequan.txt
811,Viêm mũi dị ứng,Disease,C2607914,,Làm tăng nguy cơ mắc,Hen suyễn,Disease,C0004096,,"Trước khi liệu pháp được tăng cường, việc tuân thủ, tiếp xúc với các yếu tố môi trường (ví dụ: tiếp xúc với chất kích thích) và sự hiện diện của các bệnh kèm theo (ví dụ: béo phì, viêm mũi dị ứng, bệnh trào ngược dạ dày thực quản, bệnh phổi tắc nghẽn mạn tính, ngưng thở khi ngủ do tắc nghẽn, rối loạn chức năng dây thanh âm, sử dụng cocaine dạng hít).",henphequan.txt
812,Viêm phế quản cấp do vi khuẩn,Cause,C0339933,,Là nguyên nhân gây ra,Đợt cấp COPD,DiseaseSubtype,C0340044,,"Nguyên nhân cụ thể của bất kỳ đợt cấp nào không phải lúc nào cũng xác định được, nhưng các đợt cấp thường được cho là do các vi rút gây các bệnh nhiễm trùng đường hô hấp trên, viêm phế quản cấp do vi khuẩn hoặc tiếp xúc với các chất kích thích hô hấp.",01_copd.txt
813,Viêm phế quản mạn tính tắc nghẽn,DiseaseSubtype,C0155874,,Là phân loại / thể bệnh của,Bệnh phổi tắc nghẽn mạn tính,Disease,C0024117,,"Bệnh phổi tắc nghẽn mạn tính (COPD) đặc trưng bởi sự giới hạn về luồng khí thở gây ra do đáp ứng viêm do hít phải các chất khí độc hại, thường là khói thuốc lá.",01_copd.txt
814,Viêm phế quản mạn tính tắc nghẽn,DiseaseSubtype,C0155874,,Là phân loại / thể bệnh của,Giới hạn luồng không khí,DiseaseSubtype,C0024117,,"Bệnh phổi tắc nghẽn mạn tính (COPD) đặc trưng bởi sự giới hạn về luồng khí thở gây ra do đáp ứng viêm do hít phải các chất khí độc hại, thường là khói thuốc lá.",01_copd.txt
815,Viêm tiểu phế quản tắc nghẽn,Disease,C0006272,,Làm tăng nguy cơ mắc,Bệnh phổi tắc nghẽn mạn tính,Disease,C0024117,,"Các bệnh lý hệ thống có thể có một phần hạn chế luồng khí gợi ý COPD; các bệnh lý này bao gồm nhiễm HIV, lạm dụng các loại thuốc bất hợp pháp (đặc biệt là cocaine và amphetamine), bệnh sarcoid, hội chứng Sjögren, viêm tiểu phế quản tắc nghẽn, bệnh u cơ trơn mạch bạch huyết và u hạt do tăng bạch cầu ái toan.",01_copd.txt
816,Viêm tiểu phế quản tắc nghẽn,Disease,C0006272,,Làm tăng nguy cơ mắc,Giới hạn luồng không khí,DiseaseSubtype,C0024117,,"Các bệnh lý hệ thống có thể có một phần hạn chế luồng khí gợi ý COPD; các bệnh lý này bao gồm nhiễm HIV, lạm dụng các loại thuốc bất hợp pháp (đặc biệt là cocaine và amphetamine), bệnh sarcoid, hội chứng Sjögren, viêm tiểu phế quản tắc nghẽn, bệnh u cơ trơn mạch bạch huyết và u hạt do tăng bạch cầu ái toan.",01_copd.txt
817,Viêm tụy,Cause,C0030305,,Gây tổn thương cơ quan,Tuyến tụy,Organ,C0030274,,"Các tình trạng ảnh hưởng đến tuyến tụy (ví dụ: bệnh xơ nang, viêm tụy, bệnh huyết sắc tố, cắt bỏ toàn thân)",01_daithaoduong.txt
818,Vòng lặp lưu lượng-thể tích,Test,C0428734,,Dùng để chẩn đoán,Bệnh phổi tắc nghẽn mạn tính,Disease,C0024117,,Vòng lặp lưu lượng-thể tích: Ghi lại đồng thời phế dung kế của luồng không khí và thể tích trong thời gian hết hạn tối đa bắt buộc và cảm hứng,01_copd.txt
819,Vòng lặp lưu lượng-thể tích,Test,C0428734,,Dùng để chẩn đoán,Giới hạn luồng không khí,DiseaseSubtype,C0024117,,Vòng lặp lưu lượng-thể tích: Ghi lại đồng thời phế dung kế của luồng không khí và thể tích trong thời gian hết hạn tối đa bắt buộc và cảm hứng,01_copd.txt
820,Vắc xin SARS-CoV-2,Treatment,C5387588,,Điều trị,Đái tháo đường,Disease,C0011849,,"Tất cả bệnh nhân mắc bệnh tiểu đường nên được tiêm vắc xin phòng ngừa Streptococcus pneumoniae, vi rút cúm, viêm gan B, thủy đậu và SARS-CoV-2 theo khuyến nghị tiêu chuẩn.",01_daithaoduong.txt
821,Vắc xin cúm,Treatment,C0021403,,Điều trị,Đái tháo đường,Disease,C0011849,,"Tất cả bệnh nhân mắc bệnh tiểu đường nên được tiêm vắc xin phòng ngừa Streptococcus pneumoniae, vi rút cúm, viêm gan B, thủy đậu và SARS-CoV-2 theo khuyến nghị tiêu chuẩn.",01_daithaoduong.txt
822,Vắc xin phế cầu,Treatment,C0358314,,Điều trị,Đái tháo đường,Disease,C0011849,,"Tất cả bệnh nhân mắc bệnh tiểu đường nên được tiêm vắc xin phòng ngừa Streptococcus pneumoniae, vi rút cúm, viêm gan B, thủy đậu và SARS-CoV-2 theo khuyến nghị tiêu chuẩn.",01_daithaoduong.txt
823,Vắc xin thủy đậu,Treatment,C3464497,,Điều trị,Đái tháo đường,Disease,C0011849,,"Tất cả bệnh nhân mắc bệnh tiểu đường nên được tiêm vắc xin phòng ngừa Streptococcus pneumoniae, vi rút cúm, viêm gan B, thủy đậu và SARS-CoV-2 theo khuyến nghị tiêu chuẩn.",01_daithaoduong.txt
824,Vắc xin viêm gan B,Treatment,C2240392,,Điều trị,Đái tháo đường,Disease,C0011849,,"Tất cả bệnh nhân mắc bệnh tiểu đường nên được tiêm vắc xin phòng ngừa Streptococcus pneumoniae, vi rút cúm, viêm gan B, thủy đậu và SARS-CoV-2 theo khuyến nghị tiêu chuẩn.",01_daithaoduong.txt
825,"Vắc xin, kháng sinh",RiskFactor,Chưa có,,Làm tăng nguy cơ mắc,Hen suyễn,Disease,C0004096,,"Xu hướng với các gia đình có ít trẻ hơn, môi trường trong nhà sạch hơn và việc sử dụng sớm vắc xin, kháng sinh có thể làm mất đi sự ức chế T2 ở trẻ, ức chế dung nạp. Điều đó có thể phần nào giải thích sự gia tăng liên tục tỷ lệ hen suyễn ở các nước thu nhập cao hơn",henphequan.txt
826,X-quang ngực,Test,C0039985,,Giúp phát hiện,Căng phồng phổi quá mức,Sign,Chưa có,,Chụp X-quang ngực cho thấy thường xuyên có căng phồng phổi quá mức,henphequan.txt
827,X-quang ngực,Test,C0039985,,Dùng để chẩn đoán,Bệnh phổi kẽ,Disease,C0206062,,COPD có thể được phân biệt với các bệnh phổi kẽ bằng hình ảnh chụp ngực cho thấy dấu hiệu tăng dần trong bệnh phổi kẽ,01_copd.txt
828,X-quang ngực,Test,C0039985,,Dùng để chẩn đoán,Bệnh phổi tắc nghẽn mạn tính,Disease,C0024117,,"Chẩn đoán COPD và phân biệt nó với các bệnh lý có đặc điểm tương tự (ví dụ: hen, suy tim) chủ yếu dựa vào thông tin lâm sàng thường quy, chẳng hạn như các triệu chứng (đặc biệt là diễn biến theo thời gian), tuổi khởi phát, các yếu tố nguy cơ và kết quả kiểm tra thường quy (ví dụ: phim X quang ngực, kiểm tra chức năng phổi).",01_copd.txt
829,X-quang ngực,Test,C0039985,,Dùng để chẩn đoán,Giới hạn luồng không khí,DiseaseSubtype,C0024117,,"Chẩn đoán COPD và phân biệt nó với các bệnh lý có đặc điểm tương tự (ví dụ: hen, suy tim) chủ yếu dựa vào thông tin lâm sàng thường quy, chẳng hạn như các triệu chứng (đặc biệt là diễn biến theo thời gian), tuổi khởi phát, các yếu tố nguy cơ và kết quả kiểm tra thường quy (ví dụ: phim X quang ngực, kiểm tra chức năng phổi).",01_copd.txt
830,X-quang ngực,Test,C0039985,,Dùng để chẩn đoán,Hen suyễn,Disease,C0004096,,Chụp X-quang ngực cho thấy thường xuyên có căng phồng phổi quá mức và hiếm khi tràn khí màng phổi hoặc tràn khí trung thất.,henphequan.txt
831,X-quang ngực,Test,C0039985,,Dùng để chẩn đoán,Khí phế thũng,DiseaseSubtype,C0034067,,"Ở bệnh nhân khí phế thũng, những thay đổi có thể bao gồm tăng thể tích phổi biểu hiện vòm hoành nằm ngang",01_copd.txt
832,X-quang ngực,Test,C0039985,,Dùng để chẩn đoán,Suy tim,Complication,C0018801,,"X-quang ngực có thể giúp loại trừ một số nguyên nhân gây hen hoặc chẩn đoán thay thế, chẳng hạn như suy tim hoặc là viêm phổi.",henphequan.txt
833,X-quang ngực,Test,C0039985,,Dùng để chẩn đoán,Tràn khí màng phổi,Disease,C0032326,,Phim chụp X quang ngực thường được thực hiện để kiểm tra viêm phổi hoặc tràn khí màng phổi.,01_copd.txt
834,X-quang ngực,Test,C0039985,,Dùng để chẩn đoán,Viêm phế quản mạn tính tắc nghẽn,DiseaseSubtype,C0155874,,"Ở những bệnh nhân bị viêm phế quản tắc nghẽn mạn tính, phim X quang ngực có thể bình thường hoặc có thể cho thấy sự gia tăng các dấu hiệu mạch máu phế quản hai đáy do dày thành phế quản.",01_copd.txt
835,X-quang ngực,Test,C0039985,,Dùng để chẩn đoán,Viêm phổi,Complication,C0032285,,"X-quang ngực có thể giúp loại trừ một số nguyên nhân gây hen hoặc chẩn đoán thay thế, chẳng hạn như suy tim hoặc là viêm phổi.",henphequan.txt
836,Xuất huyết não,DiseaseSubtype,C2937358,,Dẫn đến biến chứng,Tăng huyết áp,Disease,C0020538,,Sự tăng huyết áp này thường là hệ quả của đột quỵ và xuất huyết não,02_thuocdieutri.txt
837,Xét nghiệm HbA1c tại giường,Measurement,Chưa có,Thông số: Chỉ số Xét nghiệm HbA1c tại giường,Dùng để chẩn đoán,Đái tháo đường,Disease,C0011849,,Xét nghiệm HbA1C đầu ngón tại giường không đủ chính xác để sử dụng cho chẩn đoán ban đầu về bệnh tiểu đường.,01_daithaoduong.txt
838,Xét nghiệm chẩn đoán tăng huyết áp,Test,Chưa có,,Dùng để chẩn đoán,Tăng huyết áp,Disease,C0020538,,"Khi mới có chẩn đoán tăng huyết áp, hãy làm xét nghiệm nước tiểu, tỷ lệ albumin:creatinine trong nước tiểu, xét nghiệm máu (creatinine, kali, natri, canxi, đường huyết lúc đói, bảng lipid và thường là hormone kích thích tuyến giáp) và ECG.",01_tanghuyetap.txt
839,Xét nghiệm creatinine huyết thanh,Test,C3694999,,Dùng để chẩn đoán,Tăng huyết áp cấp cứu,DiseaseSubtype,C0745136,,"Chẩn đoán bằng cách đo huyết áp, ECG, phân tích nước tiểu, đo điện giải và creatinine trong huyết thanh.",02_thuocdieutri.txt
840,Xét nghiệm creatinine huyết thanh,Test,C3694999,,Dùng để chẩn đoán,Tăng huyết áp nặng: Huyết áp tâm thu >= 180 mmHg hoặc huyết áp tâm trương >= 120 mmHg,Measurement,C0745136,Thông số: Tăng huyết áp nặng; Huyết áp 180/120 mmHg,"Chẩn đoán bằng cách đo huyết áp, ECG, phân tích nước tiểu, đo điện giải và creatinine trong huyết thanh.",02_thuocdieutri.txt
841,Xét nghiệm cận lâm sàng,Test,C0086143,,Dùng để chẩn đoán,Tăng huyết áp,Disease,C0020538,,"Tiền sử, khám thực thể, và các xét nghiệm cận lâm sàng khác giúp xác định nguyên nhân và xác định xem đã có tổn thương các cơ quan đích hay chưa.",01_tanghuyetap.txt
842,Xét nghiệm cận lâm sàng,Test,C0086143,,Dùng để chẩn đoán,Đợt cấp hen,Complication,C0340061,,Bệnh nhân hen có đợt cấp được đánh giá dựa trên các tiêu chí lâm sàng nhưng đôi khi cũng phải làm các xét nghiệm nhất định:,henphequan.txt
843,Xét nghiệm cận lâm sàng,Test,C0086143,,Dùng để chẩn đoán,Đợt cấp hen phế quản,DiseaseSubtype,C0340061,,Bệnh nhân hen có đợt cấp được đánh giá dựa trên các tiêu chí lâm sàng nhưng đôi khi cũng phải làm các xét nghiệm nhất định:,henphequan.txt
844,Xét nghiệm di truyền,Test,C0679560,,Dùng để chẩn đoán,Thiếu alpha-1 antitrypsin,Cause,C0221757,,"Nếu nồng độ alpha-1 antitrypsin thấp, chẩn đoán cần được xác nhận bằng xét nghiệm di truyền để xác định kiểu hình alpha-1 antitrypsin.",01_copd.txt
845,Xét nghiệm di truyền,Test,C0679560,,Dùng để chẩn đoán,Thiếu hụt alpha-1 antitrypsin,DiseaseSubtype,C0221757,,"Nếu nồng độ alpha-1 antitrypsin thấp, chẩn đoán cần được xác nhận bằng xét nghiệm di truyền để xác định kiểu hình alpha-1 antitrypsin.",01_copd.txt
846,Xét nghiệm kali và creatinine huyết thanh,Test,Chưa có,,Dùng để chẩn đoán,Rối loạn chức năng thận,Disease,C3279454,,"Ở những bệnh nhân có rối loạn chức năng thận, kali và creatinine huyết thanh được theo dõi ít nhất mỗi 3 tháng.",02_thuocdieutri.txt
847,Xét nghiệm khí máu tĩnh mạch,Test,Chưa có,,Dùng để chẩn đoán,Tăng CO2 máu mạn tính,Disease,C1997771,,Khí máu tĩnh mạch rất hữu ích để chẩn đoán tăng CO2 máu cấp tính hoặc mạn tính.,01_copd.txt
848,Xét nghiệm máu,Test,C0018941,,Dùng để chẩn đoán,Đái tháo đường,Disease,C0011849,,Kiểm soát đái tháo đường có thể theo dõi bởi định lượng nồng độ trong máu của:,01_daithaoduong.txt
849,Xét nghiệm thường xuyên,Test,C0011930,,Dùng để chẩn đoán,Đái tháo đường loại 2,DiseaseSubtype,C0011860,,"Bệnh nhân đái tháo đường loại 2 có thể xuất hiện với triệu chứng của tăng đường huyết nhưng thường không triệu chứng, và tình trạng này chỉ được phát hiện khi xét nghiệm thường xuyên.",01_daithaoduong.txt
850,Xơ cứng động mạch chủ,Mechanism,C1331537,,Là cơ chế sinh bệnh học của,Tăng huyết áp tâm thu đơn độc,DiseaseSubtype,C0745133,,"Một số bệnh nhân cao tuổi có tăng huyết áp tâm thu đơn độc với cung lượng tim bình thường hoặc thấp, có thể là do sự xơ cứng động mạch chủ và các nhánh lớn của nó.",01_tanghuyetap.txt
851,Xơ vữa động mạch,Mechanism,C0004153,,Gây tổn thương cơ quan,Mắt,Organ,C4266572,,"Xơ vữa động mạch được đặc trưng bởi tình trạng phì đại, tăng sản và hyalin hóa ở lớp giữa của các động mạch nhỏ (tiểu động mạch), đặc biệt là ở mắt và thận.",01_tanghuyetap.txt
852,Xơ vữa động mạch,Mechanism,C0004153,,Gây tổn thương cơ quan,Thận,Organ,C0022646,,"Xơ vữa động mạch được đặc trưng bởi tình trạng phì đại, tăng sản và hyalin hóa ở lớp giữa của các động mạch nhỏ (tiểu động mạch), đặc biệt là ở mắt và thận.",01_tanghuyetap.txt
853,Xơ vữa động mạch,Mechanism,C0004153,,Là cơ chế sinh bệnh học của,Bệnh mạch máu lớn,Disease,Chưa có,,Bệnh mạch máu lớn liên quan xơ vữa động mạch của các mạch lớn,01_daithaoduong.txt
854,Yếu tố chu sinh,RiskFactor,Chưa có,,Làm tăng nguy cơ mắc,Hen suyễn,Disease,C0004096,,"Hen suyễn cũng liên quan đến các yếu tố chu sinh, chẳng hạn như bà mẹ sinh con khi còn quá trẻ, dinh dưỡng kém của bà mẹ, trẻ sơ sinh non tháng, trẻ sơ sinh nhẹ cân và thiếu sữa mẹ.",henphequan.txt
855,Yếu tố khởi phát,RiskFactor,C0032930,,Làm tăng nguy cơ mắc,Hen suyễn,Disease,C0004096,,thường xuất hiện khi tiếp xúc với một hoặc nhiều yếu tố khởi phát.,henphequan.txt
856,Yếu tố nguy cơ,RiskFactor,C0035648,,Làm tăng nguy cơ mắc,Tăng huyết áp tiên phát,DiseaseSubtype,C0085580,,Phụ thuộc vào huyết áp và bệnh tim mạch hoặc các yếu tố nguy cơ kèm theo Tăng huyết áp tiên phát không chữa được,01_tanghuyetap.txt
857,Yếu tố tăng trưởng nội mô mạch máu (VEGF),Mechanism,C1171892,,Gây tổn thương cơ quan,Phổi,Organ,C0024109,,giảm mức độ yếu tố tăng trưởng nội mô mạch máu (VEGF) có thể góp phần phá hủy nhu mô phổi theo chương trình.,01_copd.txt
858,Zileuton,Drug,C0081408,,Điều trị,Hen suyễn,Disease,C0004096,,"Ngoài ra, zileuton chỉ nên được sử dụng cho trẻ em >= 12 tuổi.",henphequan.txt
859,axit béo tự do,Mechanism,C0015688,,Là cơ chế sinh bệnh học của,Đề kháng insulin,Mechanism,C0021655,,"Không có khả năng ức chế ly giải tổ chức mỡ làm tăng axit béo tự do huyết thanh, làm giảm kích thích vận chuyển glucose của insulin và hoạt động tổng hợp glucogen ở cơ.",01_daithaoduong.txt
860,pioglitazone,Drug,C0071097,,Điều trị,Bệnh gan nhiễm mỡ liên quan đến chuyển hóa,Disease,C0400966,,Thuốc chủ vận thụ thể GLP-1 và pioglitazone có thể được sử dụng ở những bệnh nhân mắc bệnh gan nhiễm mỡ liên quan đến chuyển hóa,01_daithaoduong.txt
861,pioglitazone,Drug,C0071097,,Điều trị,Viêm gan nhiễm mỡ liên quan đến chuyển hóa,Disease,C3241937,,Thuốc chủ vận thụ thể GLP-1 và pioglitazone có thể được sử dụng ở những bệnh nhân mắc bệnh gan nhiễm mỡ liên quan đến chuyển hóa (trước đây là bệnh gan nhiễm mỡ không do rượu) hoặc viêm gan nhiễm mỡ liên quan đến chuyển hóa (trước đây là viêm gan nhiễm mỡ không do rượu).,01_daithaoduong.txt
862,thụ thể alpha-2-adrenergic,Mechanism,C0001639,,Là một phần của cơ chế,hoạt động thần kinh giao cảm,Mechanism,Chưa có,,kích thích thụ thể alpha-2-adrenergic ở thân não và làm giảm hoạt động thần kinh giao cảm,02_thuocdieutri.txt
863,Áp suất riêng phần carbon dioxide trong máu tĩnh mạch (PvCO2) > 55 mm Hg,Measurement,Chưa có,Thông số: PvCO2; Giá trị: >55 mm Hg,Xác định ngưỡng chẩn đoán cho,Suy hô hấp cấp,Complication,C0264490,,"hoặc áp suất riêng phần carbon dioxide trong máu tĩnh mạch (PvCO2) > 55 mm Hg ở bệnh nhân với toan máu do hô hấp (pH < 7,35) xác định suy hô hấp cấp tính.",01_copd.txt
864,Áp suất riêng phần carbon dioxide trong máu tĩnh mạch (PvCO2) > 55 mm Hg,Measurement,Chưa có,Thông số: PvCO2; Giá trị: >55 mm Hg,Xác định ngưỡng chẩn đoán cho,Suy hô hấp cấp tính,Disease,C0264490,,"hoặc áp suất riêng phần carbon dioxide trong máu tĩnh mạch (PvCO2) > 55 mm Hg ở bệnh nhân với toan máu do hô hấp (pH < 7,35) xác định suy hô hấp cấp tính.",01_copd.txt
865,Áp suất riêng phần carbon dioxide trong máu động mạch (PaCO2) > 50 mm Hg,Measurement,Chưa có,Thông số: PaCO2; Giá trị: >50 mm Hg,Xác định ngưỡng chẩn đoán cho,Suy hô hấp cấp,Complication,C0264490,,"Các dấu hiệu về áp suất riêng phần oxy động mạch (PaO2) < 50 mm Hg, hoặc áp suất riêng phần carbon dioxide trong máu động mạch (PaCO2) > 50 mm Hg, hoặc áp suất riêng phần carbon dioxide trong máu tĩnh mạch (PvCO2) > 55 mm Hg ở bệnh nhân với toan máu do hô hấp (pH < 7,35) xác định suy hô hấp cấp tính.",01_copd.txt
866,Áp suất riêng phần carbon dioxide trong máu động mạch (PaCO2) > 50 mm Hg,Measurement,Chưa có,Thông số: PaCO2; Giá trị: >50 mm Hg,Xác định ngưỡng chẩn đoán cho,Suy hô hấp cấp tính,Disease,C0264490,,"Các dấu hiệu về áp suất riêng phần oxy động mạch (PaO2) < 50 mm Hg, hoặc áp suất riêng phần carbon dioxide trong máu động mạch (PaCO2) > 50 mm Hg, hoặc áp suất riêng phần carbon dioxide trong máu tĩnh mạch (PvCO2) > 55 mm Hg ở bệnh nhân với toan máu do hô hấp (pH < 7,35) xác định suy hô hấp cấp tính.",01_copd.txt
867,Áp suất riêng phần oxy động mạch (PaO2) < 50 mm Hg,Measurement,Chưa có,Thông số: PaO2; Giá trị: <50 mm Hg,Xác định ngưỡng chẩn đoán cho,Suy hô hấp cấp,Complication,C0264490,,"Các dấu hiệu về áp suất riêng phần oxy động mạch (PaO2) < 50 mm Hg, hoặc áp suất riêng phần carbon dioxide trong máu động mạch (PaCO2) > 50 mm Hg, hoặc áp suất riêng phần carbon dioxide trong máu tĩnh mạch (PvCO2) > 55 mm Hg ở bệnh nhân với toan máu do hô hấp (pH < 7,35) xác định suy hô hấp cấp tính.",01_copd.txt
868,Áp suất riêng phần oxy động mạch (PaO2) < 50 mm Hg,Measurement,Chưa có,Thông số: PaO2; Giá trị: <50 mm Hg,Xác định ngưỡng chẩn đoán cho,Suy hô hấp cấp tính,Disease,C0264490,,"Các dấu hiệu về áp suất riêng phần oxy động mạch (PaO2) < 50 mm Hg, hoặc áp suất riêng phần carbon dioxide trong máu động mạch (PaCO2) > 50 mm Hg, hoặc áp suất riêng phần carbon dioxide trong máu tĩnh mạch (PvCO2) > 55 mm Hg ở bệnh nhân với toan máu do hô hấp (pH < 7,35) xác định suy hô hấp cấp tính.",01_copd.txt
869,Ô nhiễm không khí,RiskFactor,C0001873,,Làm tăng nguy cơ mắc,Bệnh phổi tắc nghẽn mạn tính,Disease,C0024117,,"Tiếp xúc với khói thuốc lá thụ động, ô nhiễm không khí và bụi nghề nghiệp (ví dụ: bụi khoáng, bụi bông) hoặc hóa chất hít vào (ví dụ: cadmium) góp phần gây nguy cơ mắc COPD nhưng ít quan trọng hơn so với hút thuốc lá.",01_copd.txt
870,Ô nhiễm không khí,RiskFactor,C0001873,,Làm tăng nguy cơ mắc,Giới hạn luồng không khí,DiseaseSubtype,C0024117,,"Tiếp xúc với khói thuốc lá thụ động, ô nhiễm không khí và bụi nghề nghiệp (ví dụ: bụi khoáng, bụi bông) hoặc hóa chất hít vào (ví dụ: cadmium) góp phần gây nguy cơ mắc COPD nhưng ít quan trọng hơn so với hút thuốc lá.",01_copd.txt
871,Ăn nhiều muối,RiskFactor,Chưa có,,Làm tăng nguy cơ mắc,Tăng huyết áp tiên phát,DiseaseSubtype,C0085580,,"Ở độ tuổi trẻ hơn, các yếu tố môi trường (ví dụ: natri trong chế độ ăn, căng thẳng) dường như chỉ ảnh hưởng đến những người có cơ địa dễ mắc bệnh",01_tanghuyetap.txt
872,Đa hình di truyền,RiskFactor,C0032529,,Làm tăng nguy cơ mắc,Đái tháo đường loại 2,DiseaseSubtype,C0011860,,"Mặc dù một số đa hình di truyền đã được xác định, nhưng không có gen đơn lẻ nào là nguyên nhân gây ra các dạng bệnh tiểu đường loại 2 phổ biến nhất được xác định.",01_daithaoduong.txt
873,Điều chỉnh lối sống,Treatment,Chưa có,,Điều trị,Đái tháo đường loại 2,DiseaseSubtype,C0011860,,"Hầu hết trẻ em mắc bệnh tiểu đường loại 2 đều bị béo phì, vì vậy việc điều chỉnh lối sống là nền tảng của liệu pháp điều trị.",01_daithaoduong.txt
874,Điều trị COPD ổn định,Treatment,Chưa có,,Điều trị,Bệnh phổi tắc nghẽn mạn tính,Disease,C0024117,,(Xem thêm Điều trị COPD ổn định và Điều trị đợt cấp của COPD.),01_copd.txt
875,Điều trị COPD ổn định,Treatment,Chưa có,,Điều trị,Giới hạn luồng không khí,DiseaseSubtype,C0024117,,(Xem thêm Điều trị COPD ổn định và Điều trị đợt cấp của COPD.),01_copd.txt
876,Điều trị hen suyễn,Treatment,C1318955,,Điều trị,Hen suyễn,Disease,C0004096,,"Mức độ nặng thường chỉ có thể được đánh giá trực tiếp trước khi bắt đầu điều trị, vì khi bệnh nhân đáp ứng tốt điều trị thì sẽ có ít triệu chứng.",henphequan.txt
877,Điều trị đợt cấp của COPD,Treatment,Chưa có,,Điều trị,Bệnh phổi tắc nghẽn mạn tính,Disease,C0024117,,(Xem thêm Điều trị COPD ổn định và Điều trị đợt cấp của COPD.),01_copd.txt
878,Điều trị đợt cấp của COPD,Treatment,Chưa có,,Điều trị,Giới hạn luồng không khí,DiseaseSubtype,C0024117,,(Xem thêm Điều trị COPD ổn định và Điều trị đợt cấp của COPD.),01_copd.txt
879,"Đo chức năng hô hấp (FEV1, FEV1/FVC, FVC)",Test,C0037981,,Dùng để chẩn đoán,Bệnh phổi tắc nghẽn mạn tính,Disease,C0024117,,FEV1 và FVC được đo dễ dàng bằng phép đo phế dung phòng mạch.,01_copd.txt
880,"Đo chức năng hô hấp (FEV1, FEV1/FVC, FVC)",Test,C0037981,,Dùng để chẩn đoán,Giới hạn luồng không khí,DiseaseSubtype,C0024117,,FEV1 và FVC được đo dễ dàng bằng phép đo phế dung phòng mạch.,01_copd.txt
881,"Đo chức năng hô hấp (FEV1, FEV1/FVC, FVC)",Test,C0037981,,Dùng để chẩn đoán,Hen suyễn,Disease,C0004096,,Đo chức năng hô hấp nên được lặp lại ít nhất từ 1 đến 2 năm ở bệnh nhân hen suyễn để theo dõi sự tiến triển của bệnh,henphequan.txt
882,"Đo chức năng hô hấp (FEV1, FEV1/FVC, FVC)",Test,C0037981,,Đo lường chỉ số,FEV1,Measurement,Chưa có,Thông số: FEV1,"Suy giảm chức năng hoặc suy giảm chức năng sinh lý, suy giảm khách quan ở phổi có thể được đo bằng phương pháp đo phế dung kế, chủ yếu là thể tích thở ra gắng sức trong 1 giây (FEV1)",henphequan.txt
883,"Đo chức năng hô hấp (FEV1, FEV1/FVC, FVC)",Test,C0037981,,Đo lường chỉ số,Tỷ lệ FEV1/FVC,Measurement,Chưa có,Thông số: Tỷ lệ FEV1/FVC,"Suy giảm chức năng hoặc suy giảm chức năng sinh lý, suy giảm khách quan ở phổi có thể được đo bằng phương pháp đo phế dung kế, chủ yếu là thể tích thở ra gắng sức trong 1 giây (FEV1) và tỷ lệ giữa FEV1 với dung tích sống gắng sức (FVC)",henphequan.txt
884,Đo glucose huyết tương,Test,C0202042,,Dùng để chẩn đoán,Đái tháo đường,Disease,C0011849,,Chẩn đoán bằng định lượng glucose huyết tương.,01_daithaoduong.txt
885,Đo huyết áp,Test,C0005824,,Xác định ngưỡng chẩn đoán cho,Tăng huyết áp,Disease,C0020538,,Không giống như tăng huyết áp (ví dụ: trong đó một chỉ số [HA] xác định mức độ nghiêm trọng của rối loạn và hiệu quả điều trị),henphequan.txt
886,Đo huyết áp,Test,C0005824,,Dùng để chẩn đoán,Tăng huyết áp,Disease,C0020538,,Tăng huyết áp được chẩn đoán bằng cách đo huyết áp.,01_tanghuyetap.txt
887,Đo huyết áp,Test,C0005824,,Dùng để chẩn đoán,Tăng huyết áp cấp cứu,DiseaseSubtype,C0745136,,"Chẩn đoán bằng cách đo huyết áp, ECG, phân tích nước tiểu, đo điện giải và creatinine trong huyết thanh.",02_thuocdieutri.txt
888,Đo huyết áp,Test,C0005824,,Dùng để chẩn đoán,Tăng huyết áp nặng: Huyết áp tâm thu >= 180 mmHg hoặc huyết áp tâm trương >= 120 mmHg,Measurement,C0745136,Thông số: Tăng huyết áp nặng; Huyết áp 180/120 mmHg,"Chẩn đoán bằng cách đo huyết áp, ECG, phân tích nước tiểu, đo điện giải và creatinine trong huyết thanh.",02_thuocdieutri.txt
889,Đo huyết áp tại nhà,Test,C1449681,,Dùng để chẩn đoán,Tăng huyết áp áo choàng trắng,DiseaseSubtype,C0262534,,Theo dõi huyết áp tại nhà hoặc theo dõi huyết áp lưu động được chỉ định khi nghi ngờ bị tăng huyết áp áo choàng trắng hoặc tăng huyết áp ẩn.,01_tanghuyetap.txt
890,Đo huyết áp tại nhà,Test,C1449681,,Dùng để chẩn đoán,Tăng huyết áp ẩn,DiseaseSubtype,C3178811,,Theo dõi huyết áp tại nhà hoặc theo dõi huyết áp lưu động được chỉ định khi nghi ngờ bị tăng huyết áp áo choàng trắng hoặc tăng huyết áp ẩn.,01_tanghuyetap.txt
891,Đo lượng metanephrine tự do trong huyết tương,Test,C4036964,,Dùng để chẩn đoán,U tế bào ưa crom,Disease,C4551683,,Đôi khi đo lượng metanephrine tự do trong huyết tương (để phát hiện u tế bào ưa crom),01_tanghuyetap.txt
892,Đo lượng metanephrine tự do trong huyết tương,Test,C4036964,,Dùng để chẩn đoán,U tủy thượng thận,Cause,C4551683,,Đôi khi đo lượng metanephrine tự do trong huyết tương (để phát hiện u tế bào ưa crom),01_tanghuyetap.txt
893,Đo điện giải,Test,C0201992,,Dùng để chẩn đoán,Tăng huyết áp cấp cứu,DiseaseSubtype,C0745136,,"Chẩn đoán bằng cách đo huyết áp, ECG, phân tích nước tiểu, đo điện giải và creatinine trong huyết thanh.",02_thuocdieutri.txt
894,Đo điện giải,Test,C0201992,,Dùng để chẩn đoán,Tăng huyết áp nặng: Huyết áp tâm thu >= 180 mmHg hoặc huyết áp tâm trương >= 120 mmHg,Measurement,C0745136,Thông số: Tăng huyết áp nặng; Huyết áp 180/120 mmHg,"Chẩn đoán bằng cách đo huyết áp, ECG, phân tích nước tiểu, đo điện giải và creatinine trong huyết thanh.",02_thuocdieutri.txt
895,Đái tháo đường,Disease,C0011849,,Làm tăng nguy cơ mắc,Bệnh tim mạch do xơ vữa động mạch,Disease,C0004153,,Bệnh đái tháo đường hoặc bệnh thận cũng là một phần trong các yếu tố nguy cơ của bệnh xơ vữa động mạch.,01_tanghuyetap.txt
896,Đái tháo đường,Disease,C0011849,,Làm tăng nguy cơ mắc,Hoa mắt chóng mặt,Complication,C0012833,,"Đây là mối lo ngại đặc biệt đối với những bệnh nhân bị tiểu đường, những người có huyết áp tâm thu < 120 mm Hg hoặc huyết áp tâm trương gần 60 mm Hg làm tăng nguy cơ bị các biến cố bất lợi này.",01_tanghuyetap.txt
897,Đái tháo đường,Disease,C0011849,,Làm tăng nguy cơ mắc,Suy thận,Disease,C1565489,,"Đây là mối lo ngại đặc biệt đối với những bệnh nhân bị tiểu đường, những người có huyết áp tâm thu < 120 mm Hg hoặc huyết áp tâm trương gần 60 mm Hg làm tăng nguy cơ bị các biến cố bất lợi này.",01_tanghuyetap.txt
898,Đái tháo đường,Disease,C0011849,,Làm tăng nguy cơ mắc,Tăng huyết áp,Disease,C0020538,,mặc dù bệnh nhân mắc bệnh tiểu đường thường cũng bị tăng huyết áp.,01_tanghuyetap.txt
899,Đái tháo đường,Disease,C0011849,,Làm tăng nguy cơ mắc,Tăng huyết áp ẩn,DiseaseSubtype,C3178811,,"Nhóm bệnh nhân này có thể chiếm từ 10% đến 30% dân số trưởng thành và phổ biến hơn ở nam giới, người da đen không phải gốc Tây Ban Nha và những người mắc bệnh tiểu đường.",01_tanghuyetap.txt
900,Đái tháo đường,Disease,C0011849,,Làm tăng nguy cơ mắc,Xơ vữa động mạch,Mechanism,C0004153,,Bệnh đái tháo đường hoặc bệnh thận cũng là một phần trong các yếu tố nguy cơ của bệnh xơ vữa động mạch.,01_tanghuyetap.txt
901,Đái tháo đường,Disease,C0011849,,Dẫn đến biến chứng,Albumin niệu,Complication,C0001925,prevalence: 6% đến 10%,"Yếu tố này có liên quan đến tăng nguy cơ mắc bệnh tim mạch, nhưng các biến chứng ở mạch máu nhỏ do tiểu đường điển hình không phổ biến lắm (albumin niệu và/hoặc bệnh võng mạc phát triển ở 6% đến 10% bệnh nhân).",01_daithaoduong.txt
902,Đái tháo đường,Disease,C0011849,,Dẫn đến biến chứng,Bệnh lý tim mạch,Complication,C0007222,,bệnh lý tim mạch là nguyên nhân hàng đầu gây tử vong ở bệnh nhân đái tháo đường.,01_daithaoduong.txt
903,Đái tháo đường,Disease,C0011849,,Dẫn đến biến chứng,Bệnh mạch máu,Complication,C0042373,,Biến chứng muộn gồm bệnh mạch máu,01_daithaoduong.txt
904,Đái tháo đường,Disease,C0011849,,Dẫn đến biến chứng,Bệnh thần kinh do đái tháo đường,Complication,C0011882,,biến chứng của đái tháo đường như bệnh thần kinh,01_daithaoduong.txt
905,Đái tháo đường,Disease,C0011849,,Dẫn đến biến chứng,Bệnh thần kinh ngoại vi,Complication,C0031117,,"Biến chứng muộn gồm bệnh mạch máu, bệnh thần kinh ngoại vi, bệnh thận và dễ nhiễm khuẩn.",01_daithaoduong.txt
906,Đái tháo đường,Disease,C0011849,,Dẫn đến biến chứng,Bệnh thận,Complication,C0022658,,"Biến chứng muộn gồm bệnh mạch máu, bệnh thần kinh ngoại vi, bệnh thận và dễ nhiễm khuẩn.",01_daithaoduong.txt
907,Đái tháo đường,Disease,C0011849,,Dẫn đến biến chứng,Bệnh tim mạch,Disease,C0007222,,bệnh lý tim mạch là nguyên nhân hàng đầu gây tử vong ở bệnh nhân đái tháo đường.,01_daithaoduong.txt
908,Đái tháo đường,Disease,C0011849,,Dẫn đến biến chứng,Bệnh võng mạc,Complication,C0035309,,"Yếu tố này có liên quan đến tăng nguy cơ mắc bệnh tim mạch, nhưng các biến chứng ở mạch máu nhỏ do tiểu đường điển hình không phổ biến lắm (albumin niệu và/hoặc bệnh võng mạc phát triển ở 6% đến 10% bệnh nhân).",01_daithaoduong.txt
909,Đái tháo đường,Disease,C0011849,,Dẫn đến biến chứng,Bệnh võng mạc do đái tháo đường,Complication,C0011884,,Mục tiêu hoạt động có thể cần phải được sửa đổi cho bệnh nhân có biến chứng của đái tháo đường như bệnh thần kinh và bệnh võng mạc.,01_daithaoduong.txt
910,Đái tháo đường,Disease,C0011849,,Dẫn đến biến chứng,Nhiễm trùng do nấm,Complication,C0026946,,Bệnh nhân đái tháo đường đặc biệt dễ bị nhiễm trùng do vi khuẩn và do nấm.,01_daithaoduong.txt
911,Đái tháo đường,Disease,C0011849,,Dẫn đến biến chứng,Nhiễm trùng do vi khuẩn,Complication,C0004623,,Bệnh nhân đái tháo đường đặc biệt dễ bị nhiễm trùng do vi khuẩn và do nấm.,01_daithaoduong.txt
912,Đái tháo đường loại 1,DiseaseSubtype,C0011854,,Dẫn đến biến chứng,Toan ceton,Complication,C0011880,,Bệnh nhân có đái tháo đường loại 1 thường xuất hiện với triệu chứng của tăng đường huyết và đôi khi đái tháo đường toan ceton (DKA).,01_daithaoduong.txt
913,Đái tháo đường loại 1,DiseaseSubtype,C0011854,,Dẫn đến biến chứng,Toan ceton do đái tháo đường,DiseaseSubtype,C0011880,,Bệnh nhân có đái tháo đường loại 1 thường xuất hiện với triệu chứng của tăng đường huyết và đôi khi đái tháo đường toan ceton (DKA).,01_daithaoduong.txt
914,Đái tháo đường loại 2,DiseaseSubtype,C0011860,,Dẫn đến biến chứng,Diabetes Complications,Complication,C0342257,,"triệu chứng ban đầu là biến chứng của đái tháo đường, gợi ý bệnh đã xuất hiện được một thời gian.",01_daithaoduong.txt
915,Đái tháo đường thai kỳ,DiseaseSubtype,C0085207,,Làm tăng nguy cơ mắc,Đái tháo đường,Disease,C0011849,,đặc biệt ở những bệnh nhân có nguy cơ mắc bệnh tiểu đường cao nhất (chỉ số khối cơ thể >= 35 hoặc có tiền sử tiểu đường thai kỳ),01_daithaoduong.txt
916,Đáp ứng T2 tiền viêm,Mechanism,Chưa có,,Là cơ chế sinh bệnh học của,Hen suyễn tăng bạch cầu ái toan,DiseaseSubtype,C0340076,,Đáp ứng T2 tiền viêm được đặc trưng bởi sự tăng trưởng và kích hoạt quá trình sản sinh bạch cầu ái toan và IgE. Hen suyễn với dạng viêm này thường được gọi làh hen suyễn tăng bạch cầu ái toan.,henphequan.txt
917,Đáp ứng miễn dịch T2,Mechanism,Chưa có,,Là một phần của cơ chế,Bạch cầu ái toan và IgE,Mechanism,Chưa có,,Đáp ứng T2 tiền viêm được đặc trưng bởi sự tăng trưởng và kích hoạt quá trình sản sinh bạch cầu ái toan và IgE.,henphequan.txt
918,Đáp ứng miễn dịch T2,Mechanism,Chưa có,,Là cơ chế sinh bệnh học của,Hen suyễn tăng bạch cầu ái toan,DiseaseSubtype,C0340076,,Hen suyễn với dạng viêm này thường được gọi làh hen suyễn tăng bạch cầu ái toan.,henphequan.txt
919,Đáp ứng viêm,Mechanism,C1155266,,Là cơ chế sinh bệnh học của,Bệnh phổi tắc nghẽn mạn tính,Disease,C0024117,,"Lặp đi lặp lại các đợt nhiễm trùng làm tăng gánh nặng của đáp ứng viêm, làm tăng quá trình tiến triển bệnh.",01_copd.txt
920,Đáp ứng viêm,Mechanism,C1155266,,Là cơ chế sinh bệnh học của,Giới hạn luồng không khí,DiseaseSubtype,C0024117,,"Lặp đi lặp lại các đợt nhiễm trùng làm tăng gánh nặng của đáp ứng viêm, làm tăng quá trình tiến triển bệnh.",01_copd.txt
921,Đường huyết mao mạch,Test,C0457578,,Dùng để chẩn đoán,Đái tháo đường loại 1,DiseaseSubtype,C0011854,,Hầu hết bệnh nhân tiểu đường loại 1 đều được hưởng lợi từ việc xét nghiệm ít nhất 4 lần một ngày.,01_daithaoduong.txt
922,Đường huyết mục tiêu trước tập thể dục: 90 - 250 mg/dL (5 - 14 mmol/L),Measurement,Chưa có,Thông số: Đường huyết mục tiêu trước tập thể dục; min: 90; max: 250,Xác định ngưỡng chẩn đoán cho,Đái tháo đường loại 1,DiseaseSubtype,C0011854,,Phạm vi mục tiêu của đường huyết trước khi tập thể dục phải nằm trong khoảng từ 90 mg/dL đến 250 mg/dL (5 mmol/L đến 14 mmol/L).,01_daithaoduong.txt
923,Đường kính kén khí >= 1 cm,Measurement,Chưa có,Thông số: Đường kính kén khí; min_value: 1,Xác định ngưỡng chẩn đoán cho,Kén khí,DiseaseSubtype,C0241982,,"Các khoang phế nang mở rộng đôi khi ghép với nhau thành kén khí, được định nghĩa là khoảng khí có đường kính >= 1 cm.",01_copd.txt
924,Đường kính động mạch phổi > Đường kính động mạch chủ lên,Measurement,Chưa có,Thông số: Tỷ lệ đường kính động mạch phổi/động mạch chủ lên,Xác định ngưỡng chẩn đoán cho,Tăng áp động mạch phổi,DiseaseSubtype,C2973725,,Đường kính động mạch phổi mở rộng lớn hơn đường kính động mạch chủ lên gợi ý tăng áp động mạch phổi.,01_copd.txt
925,Đề kháng insulin,Mechanism,C0021655,,Là cơ chế sinh bệnh học của,Insulin,Mechanism,C1533581,dose: 15 units,có thể cần liều insulin rất cao (> 5 đến 10 đơn vị/giờ) do kháng insulin.,01_daithaoduong.txt
926,Đề kháng insulin,Mechanism,C0021655,,Là cơ chế sinh bệnh học của,Tăng đường huyết,DiseaseSubtype,C0020456,,Tăng đường huyết phát triển khi tiết insulin không đáp ứng đủ so với kháng insulin.,01_daithaoduong.txt
927,Đề kháng insulin,Mechanism,C0021655,,Là cơ chế sinh bệnh học của,Đái tháo đường loại 2,DiseaseSubtype,C0011860,,"Trong đái tháo đường loại 2 (trước gọi là khởi phát người lớn hoặc không phụ thuộcinsulin), insulin tiết không đủ vì bệnh nhân có tình trạng kháng với insulin.",01_daithaoduong.txt
928,Đỉnh glucose máu sau ăn (1 - 2 giờ): < 180 mg/dL (10.0 mmol/L),Measurement,Chưa có,Thông số: Đỉnh glucose máu sau ăn; Giá trị: 180 mg/dL; alternative_value: 10; alternative_unit: mmol/L,Điều trị,Suy thận,Disease,C1565489,,"Ức chế Dipeptidyl peptidase-4 tương đối an toàn, thậm chí trong bệnh nhân suy thận",01_daithaoduong.txt
929,Đỉnh glucose máu sau ăn (1 - 2 giờ): < 180 mg/dL (10.0 mmol/L),Measurement,Chưa có,Thông số: Đỉnh glucose máu sau ăn; Giá trị: 180 mg/dL; alternative_value: 10; alternative_unit: mmol/L,Điều trị,Tăng đường huyết,DiseaseSubtype,C0020456,,"Ức chế Dipeptidyl peptidase-4 tương đối an toàn, thậm chí trong bệnh nhân suy thận, và thuốc cũng được sử dụng cho giảm glucose sau ăn.",01_daithaoduong.txt
930,Độ tuổi có tỷ lệ suy giảm dung nạp glucose cao: > 65 tuổi,Measurement,Chưa có,Thông số: Độ tuổi có tỷ lệ suy giảm dung nạp glucose cao; age_threshold: 65,Xác định ngưỡng chẩn đoán cho,Không dung nạp glucose,DiseaseSubtype,C0271650,,có tới một phần ba số người lớn > 65 tuổi bị suy giảm khả năng dung nạp glucose.,01_daithaoduong.txt
931,Đợt cấp COPD,DiseaseSubtype,C0340044,,Là phân loại / thể bệnh của,Bệnh phổi tắc nghẽn mạn tính,Disease,C0024117,,Các đợt cấp tính xảy ra rải rác trong quá trình mắc COPD,01_copd.txt
932,Đợt cấp COPD,DiseaseSubtype,C0340044,,Là phân loại / thể bệnh của,Giới hạn luồng không khí,DiseaseSubtype,C0024117,,Các đợt cấp tính xảy ra rải rác trong quá trình mắc COPD,01_copd.txt
933,Đợt cấp hen,Complication,C0340061,,Là phân loại / thể bệnh của,Hen suyễn,Disease,C0004096,,Bệnh nhân hen có đợt cấp,henphequan.txt
934,Đợt cấp hen phế quản,DiseaseSubtype,C0340061,,Là phân loại / thể bệnh của,Hen suyễn,Disease,C0004096,,Bệnh nhân hen có đợt cấp,henphequan.txt
935,Đợt cấp hen suyễn nặng,Complication,C3872851,,Gây tổn thương cơ quan,Phổi,Organ,C0024109,,"Ví dụ, bệnh nhân bị hen suyễn nhẹ không có triệu chứng hoặc triệu chứng nhẹ và chức năng phổi bình thường vẫn có thể bị đợt cấp nặng đe dọa đến tính mạng.",henphequan.txt
